Name,Age,Birthdate,Photo,Photo source,Date,TDoR list ref,Address,Locality,Town/City/Municipality,State/Province,Country,Latitude,Longitude,Category,Cause of death,Description,Tweet,Permalink
Ashli Woodgate,20,18-Apr-2004,2024_12_01_Ashli-Woodgate.jpg,https://www.eveningnews24.co.uk/news/25548009.uea-student-ashli-woodgate-died-fatal-crystal-meth-dose/,1-Dec-2024,,Crummock Road,Earlham,Norwich,East Anglia,United Kingdom,52.63222192,1.239137397,medical,overdose,"Ashli passed away in her home. She was studying computer science at UEA and was on a waiting list for a first appointment at a Gender Identity Clinic.

> Ashli Woodgate, 20, was found dead at a house on Crummock Road in Earlham, Norwich, on December 1 last year.
> 
> The inquest at Norfolk Coroners Court heard that Ashli, who was from Stockton-on-Tees in County Durham, had long struggled with depression and anxiety and had been self-medicating with alcohol and drugs since the age of 18-years-old.
>
> Ashli - who was born male but later identified as female - had been diagnosed with gender identity disorder in 2020 and was on a waiting list for treatment. Mother Amy Woodgate described Ashli - who was referred to with female pronouns during the hearing - as “a very bright individual” who moved to Norwich to study computer science at UEA.
> 
> The court heard Ashli, who also worked as a part-time bar attendant, met “like-minded people” in the trans community after moving to the city and began a relationship with a close friend.
> 
> Ms Woodgate said she last spoke to her child on November 24, when Ashli told her about a trip to Brighton.
> 
> However, over the following days, Ms Woodgate was unable to reach Ashli and she became increasingly worried. By November 30, Ashli’s phone was no longer ringing. A friend later called the ambulance service, and Ashli was found dead at home.
> 
> A statement from Penny Voyce, a fellow UEA student who had been in an on-off relationship with Ashli, said: “Ashli told me a few times that drugs were the only thing making her happy.”
> 
> The inquest heard Ashli had sought help from Change Grow Live, a service supporting people with alcohol and drug problems. Recording a conclusion of drug-related death, area coroner for Norfolk Yvonne Blake said: “I’m very sorry about your daughter. It’s a terrible thing to happen. You feel so helpless as parents to deal with this.”

Ashli was born in Stockton-on-Tees in County Durham.

![](2024_12_01_Ashli-Woodgate2.jpg)

Source: email

https://www.eveningnews24.co.uk/news/25548009.uea-student-ashli-woodgate-died-fatal-crystal-meth-dose/ [[archive]](https://archive.ph/qGx50)

https://www.edp24.co.uk/news/25106902.uea-student-20-dies-norwich-taking-meth/

https://qoshe.com/eastern-daily-press/daniel-hickey/uea-student-died-after-taking-lethal-dose-of-crystal-meth/185671821

https://www.facebook.com/NorwichEveningNews/posts/the-student-had-been-studying-computer-science-at-uea/1228918969253688/

https://www.facebook.com/photo.php?fbid=1228918942587024&id=100064067882089&set=a.636558638489727","Ashli Woodgate passed away in her home in Norwich, East Anglia (United Kingdom) on 1 Dec 2024.

She was 20, studying computer science at UEA and was on a waiting list for a Gender Identity Clinic. #SayHerName #TransLivesMatter #TDoR",https://tdor.translivesmatter.info/reports/2024/12/01/ashli-woodgate_norwich-east-anglia-united-kingdom_33c43596
Geminis Aparicio,18,,2024_12_01_Geminis-Aparicio.jpg,https://www.facebook.com/transcontingenta/posts/geminis-aparicio-de-18-a%C3%B1os-originaria-de-acapulco-guerrero-falleio-este-0112202/523003674069901/,1-Dec-2024,tgeu/tdor2025/1-Dec-2024/Geminis Aparicio,,,Tijuana,Baja California,Mexico,32.5027,-117.00371,violence,run-over,"Geminis died in hospital just over a week after being hit by a car whose driver fled the scene.

> Geminis Aparicio, 18 years old, originally from Acapulco, Guerrero, died this 01/12/2024 after a week in the General Hospital of Tijuana.
>
> According to information from several local sources, near November 22, she was hit and run over in Tijuana. The driver fled.
>
> She is the 58th trans woman victim of transfemicide in 2024.
>
> We demand the State Prosecutor General's Office (FGE) @fge.bc not to leave this case unpunished and investigate the case as transfeminicide. 

https://www.facebook.com/transcontingenta/posts/geminis-aparicio-de-18-a%C3%B1os-originaria-de-acapulco-guerrero-falleio-este-0112202/523003674069901/","Geminis Aparicio died in hospital in Tijuana, Baja California (Mexico) on 1 Dec 2024, just over a week after being hit by a car whose driver fled the scene.

She was 18. #SayHerName #TransLivesMatter #TDoR",https://tdor.translivesmatter.info/reports/2024/12/01/geminis-aparicio_tijuana-baja-california-mexico_20fac662
Mau Hijra,,,2024_12_01_Mau-Hijra.jpg,https://www.jmbf.org/2025/01/statement-jmbf-calls-for-adequate.html,1-Dec-2024,,,,Jessore,Jessore,Bangladesh,23.16329,89.20267,uncategorised,not reported,"Mau passed away in suspicious circumstances. According to *JusticeMakers Bangladesh in France*, her death appears to be a premeditated act of murder disguised as natural causes.

The fact that her possessions were looted following her death supports this.

> Statement: JMBF Calls for Adequate Investigation into the Alleged Murder of Mau Hijra in Jessore
> 
> Paris, France; January 2, 2025: France-based human rights organization, JusticeMakers Bangladesh in France (JMBF), is deeply appalled and outraged by the suspicious and tragic death of Mau Hijra in Jessore, Bangladesh, which appears to be a premeditated act of murder disguised as a natural death on December 1, 2024.
> 
> JMBF believes that such abhorrent acts not only represent a blatant violation of human dignity but also highlight the rampant impunity and discrimination faced by marginalized communities, particularly the Hijra community in Bangladesh.
> 
> The organization asserts that the allegations against Mau Hijra's house owner, Fateh Begum, along with her associates—who are accused of orchestrating her death and looting her possessions—demand an immediate and uncompromising investigation.
> 
> Additionally, the Hijra community’s voice, as articulated by Bhavna Hijra, deserves urgent attention and support. No individual or community should endure such heinous acts of violence, neglect, and theft, especially in a society that claims to uphold justice and equality.
> 
> “The death of Mau Hijra and the looting of her belongings reflect a troubling pattern of systemic neglect and discrimination against the Hijra community in Bangladesh. We urge the Bangladeshi authorities to take swift and decisive action to ensure justice is served and to prevent such tragedies in the future,” said Robert Simon, Chief Adviser of JMBF and a French human rights activist.
> 
> “This incident is not an isolated one but a symptom of deeper societal injustices. We demand the immediate formation of an independent investigative body to uncover the truth and hold all those responsible accountable. The time for justice and reform is now,” added Advocate Shahanur Islam, Founder-President of JMBF and a Bangladeshi human rights lawyer.
> 
> JMBF calls upon the authorities in Bangladesh to take decisive action, including the immediate formation of an independent and impartial investigative body to uncover the truth behind Mau Hijra’s death. All individuals involved in this alleged murder and subsequent looting must be brought to justice without delay.
> 
> JMBF emphasizes that this incident reflects a broader pattern of systemic discrimination against the Hijra community in Bangladesh, underscoring the urgent need for reforms to safeguard their rights and ensure their protection under the law.
> 
> The organization demands that the Bangladeshi government reaffirm its commitment to the principles of equality and justice by taking concrete steps to protect all vulnerable communities, including decriminalizing homosexuality and enacting legal protections for the sexual minority LGBTQ community in Bangladesh as soon as possible.
> 
> JusticeMakers Bangladesh in France (JMBF) stands in solidarity with the Hijra community in their pursuit of justice for Mau Hijra. Together with human rights advocates around the world, we will not rest until truth and accountability are achieved in this case. Let this be a turning point in the fight against violence, discrimination, and systemic injustice in Bangladesh.

https://76crimes.com/2025/01/07/bangladesh-lgbt-investigation-trans-death/

https://www.jmbf.org/2025/01/statement-jmbf-calls-for-adequate.html

https://dailyspandan.com/details.php?id=36925

https://www.facebook.com/groups/jmbf23/posts/9337844199593735/

https://x.com/JusticeMakersBF/status/1874793237061538043",Mau Hijra passed away in suspicious circumstances in Jessore (Bangladesh) on 1 Dec 2024. #SayHerName #TransLIvesMatter #TDoR,https://tdor.translivesmatter.info/reports/2024/12/01/mau-hijra_jessore-bangladesh_c774c7e6
Ra'lasia Wright,25,,2024_12_01_Ralasia-Wright.jpg,https://gunmemorial.org/2024/12/01/ralasia-jaquil-wright,1-Dec-2024,tgeu/tdor2025/1-Dec-2024/Ra'lasia Wright,,Powderhorn Park,Minneapolis,Minnesota,USA,44.9411767,-93.2652231,violence,shot,"Ra'lasia's was found shot dead in a driveway after her friends and family located her via a cellphone location tracking app.

Authorities are still investigating her murder.

> MINNEAPOLIS — On Saturday night at 11:04 p.m., Camilla Lieng, one of Ra'Lasia Wright's best friends, received an iPhone SOS emergency text indicating that ""Ra'Lasia called emergency services after the iPhone detected a crash."" The message included a map with a location adjacent to Powderhorn Park in South Minneapolis. 
>
> Lieng wasn't able to reach Ra'Lasia and assumed there was no actual emergency.
>
> ""I thought she was going to the club or something or something happened where she accidentally hit her SOS button because that does happen. I didn't get in contact with her and it was late at night, so I went to bed,"" Lieng said.
>
> The next morning, other friends and family hadn't heard from Wright either. 
>
> So they followed Wright's shared location on their phones — the same as the SOS message — and found her shot and killed. Wright's body was lying on a driveway between two houses. Both homeowners told KARE 11 News they didn't see or hear anything.
>
>"" There are a lot of speculations... like, who were you with that night?"" Lieng said.
>
> Several unanswered questions remain. Lieng said Wright had no connection to that neighborhood. There was no evidence of a car crash and no indication of how Wright got there.
>
> Wright was transgender and Camilla said she stood up for others in the community. She describes her friend as outgoing and protective — but also polarizing. 
>
> ""She loved her friends she loved her family. She just wanted to make sure everyone was good. As long as you didn't mess with her, there were no issues,"" Lieng said. ""Ra'Lasia did have some ongoing social media issues but that's just her. ""
>
> Hoping that the killer is swiftly caught, Lieng said she will miss her friend.
>
> ""She took me under her wing and brought me around her people and they showed me love and loved me and now I don't have anyone else to go anywhere with,"" Lieng said.

Friends say Ra'Lasia Wright was well-known in the Minneapolis club scene and had no connection to the neighborhood where her body was found.

Earlier in 2024 Ra'Lasia gave an interview in which she addressed some of the issues around her legal history, etc:

<iframe width=""840"" height=""473"" src=""https://www.youtube.com/embed/h4K6YaLvc2o?si=NBUnQJe7b8rG8FzN"" title=""YouTube video player"" frameborder=""0"" allow=""accelerometer; autoplay; clipboard-write; encrypted-media; gyroscope; picture-in-picture; web-share"" referrerpolicy=""strict-origin-when-cross-origin"" allowfullscreen></iframe>

https://www.hrc.org/news/remembering-ralasia-wright-young-black-latina-transgender-woman

https://www.pghlesbian.com/2024/12/a-24-year-old-black-trans-woman-of-puerto-rican-descent-was-shot-to-death-in-minnesota-her-name-was-ralasia-wright/

https://hoodline.com/2024/12/minneapolis-mourns-tragic-loss-of-trans-woman-ra-lasia-wright-as-police-probe-unsolved-murder/

https://www.startribune.com/id-for-woman-shot-to-death-found-outside-in-minneapolis/601190645

https://kstp.com/kstp-news/top-news/police-woman-found-dead-in-minneapolis-after-family-uses-cell-phone-location-to-track-her/

https://www.kare11.com/article/news/local/mpd-investigating-woman-found-dead/89-1c4bf8af-b7bd-4e28-975f-1f3f2d74b155

https://www.kare11.com/article/news/local/friends-of-ralasia-wright-push-answers-weeks-after-murder/89-b10bdd7f-de6f-409d-821a-d3094c4521f2 - [Archived copy](https://archive.ph/BLVwL)

https://www.echovita.com/us/obituaries/mn/minneapolis/ralasia-wright-19061343

https://www.msn.com/en-us/news/crime/phone-location-tracking-lead-family-to-body-of-25-year-old-murder-victim-near-powderhorn-park/ar-AA1v65BL

https://content.govdelivery.com/attachments/MNHENNE/2024/12/03/file_attachments/3089863/2024-08353%20Wright,%20Ra'Lasia%20Jaquil.pdf

https://gunmemorial.org/2024/12/01/ralasia-jaquil-wright

https://instagram.com/p/DDFbNkjx6w6/

https://www.facebook.com/twin.cities.10/posts/pfbid0bX5tQFmj1CaQFPXPWdVPw67RQxjEPryHqTvnASRkK6YVKHWFkfoejSaePoSEJwEBl

https://www.facebook.com/lovedones.lostt.3/posts/pfbid02tAihh2EpDZAdKqsAeZ42g3CWS7GjWi84vZtkhEYm5mrcYZNim5Pjdix2UW67NYFKl

https://www.facebook.com/CrimeWatchTC/posts/pfbid0onooaH252WcrD7Tq8czpXtSHVRk3b58hP6xHxZ22oKLUUfvKtg1QQTFpdW76aYLZl

https://www.facebook.com/watch/?v=1112884770294089

https://www.facebook.com/story.php?story_fbid=1065486868954419&id=100064793467806&_rdr

https://www.threads.net/@kare11/post/DDHR7OZMqtx/on-saturday-night-one-of-ralasia-wrights-best-friends-received-an-iphone-sos-eme

https://x.com/CrimeWatchMpls/status/1863422696568115661

https://x.com/10TV/status/1864082241107673340

https://www.youtube.com/watch?v=h4K6YaLvc2o

https://www.youtube.com/watch?v=AddmBA4-32M","Ra'lasia Wright was found shot dead in a driveway in Minneapolis, Minnesota (USA) on 1 Dec 2024 after her friends and family located her via a cellphone location tracking app.

She was 25. #SayHerName #TransLIvesMatter #TDoR",https://tdor.translivesmatter.info/reports/2024/12/01/ralasia-wright_minneapolis-minnesota-usa_07e5f835
E. Nascimento de Lima,34,,2024_12_02_E-Nascimento-de-Lima.jpg,https://www.facebook.com/permalink.php?story_fbid=pfbid02WGbUMt3HT5sGcUrWBj9peLKUfR5tnwt4ws1LWvcJTpt5gLFdfFycAdoBZ3bYjfUal&id=100001041115693,2-Dec-2024,tgeu/tdor2025/2-Dec-2024/E. Nascimento de Lima,Rua Otoni Carvalho,Jacutinga,Jataí,Goiás,Brazil,-17.8696613,-51.6991473,violence,stabbed,"E. was killed by a client inside a residence. Her killer then attempted to dismember her.

> The Municipal Civil Guard (GCM) of Rio Verde arrested around 1 am this Monday (2) a man accused of stabbing [deadname] Nascimento de Lima, 34, to death inside a residence on Rua Otoni Carvalho, in the Jacutinga neighborhood, in Jataí. The information is from the Rota Policial Notícias profile.
> 
> The GCM agents were informed by a team from the Fire Department (CBMGO), which was already on site, that there was a naked and injured man inside the residence and that he was refusing help.
> 
> The perpetrator, aged 37, was approached by the GCMs and reported that he had hired [deadname], a [trans woman], to deliver drugs to his home and invited the victim to use the drugs together.
> 
> According to him, the two had a disagreement over the price charged for the drug, they got into a physical fight and the victim was stabbed in the neck, dying at the scene.
> 
> The residence showed signs of extreme violence, with a large amount of blood in the rooms. The GCM found [deadname's] body in the external area of the house. The accused even tried to dismember the victim before the police arrived.
> 
> The body was sent to the Legal Medical Institute (IML)
> 
> The body will be buried this afternoon in Jataí. The family, who lives in another city, preferred not to hold a wake.

In October 2025 Anderson Dias Nogueira was sentenced 30 years in prison for aggravated femicide and an additional year for destruction and concealment of a body.

https://www.maisgoias.com.br/cidades/homem-e-condenado-a-31-anos-de-prisao-por-feminicidio-de-mulher-trans-em-jatai/

https://www.themirror.com/news/world-news/naked-man-arrested-cutting-up-877231

https://goias365.com.br/homem-mata-travesti-a-facada-e-tenta-esquartejar-o-corpo/

https://pn7.com.br/homem-mata-e-tenta-esquartejar-travesti-em-jatai/

https://www.instagram.com/rotapolicialnoticias/p/DDFbEySvLUU/","E. Nascimento de Lima	was killed by a client inside a residence in Jataí, Goiás	(Brazil) on 2 Dec 2024.

She was 34. #SayHerName #TransLivesMatter #TDoR",https://tdor.translivesmatter.info/reports/2024/12/02/e-nascimento-de-lima_jatai-goias-brazil_c657052d
Pétala Espírito Santo Monteiro,20,,2024_12_02_Petala.jpg,https://www.oliberal.com/policia/mulher-trans-e-assassinada-a-tiros-por-dupla-de-moto-em-castanhal-1.893886,2-Dec-2024,tgeu/tdor2025/2-Dec-2024/Pétala Espírito Santo Monteiro,Rua Pedro Ulisses,Propira,Castanhal,Pará,Brazil,-1.2718957,-47.9162436,violence,shot,"Pétala was shot in front of a residence by two men on a motorcycle.

> A trans woman, identified as Pétala, 20 years old, was shot dead on Rua Pedro Ulisses, in the Propira neighborhood, in Castanhal, in the northeast of Pará. The crime occurred on Monday night (2/12), when the victim was in front of a residence. The suspects of the crime are two men who arrived on a motorcycle.
> 
> According to initial information, the crime occurred around 9 pm. The victim had gone out to buy a snack when she was surprised by the criminals. The men shot the victim and fled. Pétala died instantly. People who were passing by reported the death to a Military Police vehicle from the 5th PM Battalion.

https://www.oliberal.com/policia/mulher-trans-e-assassinada-a-tiros-por-dupla-de-moto-em-castanhal-1.893886

https://estadodoparaonline.com/mulher-trans-e-morta-a-tiros-em-castanhal/

https://maiscastanhal.com.br/noticias/policia/yure-vulgo-petala-e-executada-a-tiros-no-bairro-da-propira-em-castanhal/4906/

https://diariodopara.com.br/policia/preso-varias-vezes-por-trafico-jovem-e-executado-com-varios-tiros/","Pétala Espírito Santo Monteiro was shot in front of a residence in Castanhal, Pará (Brazil) by two men on a motorcycle on 2 Dec 2024.

She was 20. #SayHerName #TransLivesMatter #TDoR",https://tdor.translivesmatter.info/reports/2024/12/02/petala-espirito-santo-monteiro_castanhal-para-brazil_9d805775
Name Unknown,,,,,3-Dec-2024,tgeu/tdor2025/3-Dec-2024/Name Unknown,,,Ciudad Juárez,Chihuahua,Mexico,31.72024,-106.46084,violence,not reported,"The victim's body was reportedly found with signs of violence and in a state of decomposition inside a trailer. No other information is known.

Source: Centro de Apoyo a las Identidades Trans
","The body of an unidentified #trans person was reportedly found with signs of violence and in a state of decomposition inside a trailer in Ciudad Juárez, Chihuahua (Mexico) on 3 Dec 2024.",https://tdor.translivesmatter.info/reports/2024/12/03/name-unknown_ciudad-juarez-chihuahua-mexico_aff35432
"Alana de Jesus (""Alana do Uber"", ""Lanna Alana"")",27,,2024_12_04_Alana-de-Jesus.jpg,https://oianoticias.com.br/noticia/4833/jovem-trans-e-assassinada-em-matozinhos,4-Dec-2024,"tgeu/tdor2025/4-Dec-2024/Alana de Jesus (""Alana do Uber"", ""Lanna Alana"")",Praça São Sebastião,,Matozinhos,Minas Gerais,Brazil,-19.5651327,-44.0892727,violence,shot,"Alana was shot dead while in a restaurant/bar with friends. Earlier in the year she had become the first trans woman to run for a seat on her local city council.

> On Wednesday night (4), Alana do Uber, a 27-year-old trans woman, was shot dead while she was in a restaurant with friends in Matozinhos, in the Metropolitan Region of Belo Horizonte.
> 
> Alana was the first trans woman to run for a seat on the city council. A candidate for the Avante party in the 2024 elections, she received 52 votes but was not elected. She was known for her charisma, humility and for fighting for her ideals.
> 
> A friend who witnessed the crime said in an interview with  Itatiaia  that Alana was “a very good person at heart, energetic and fearless”. He highlighted her determination to occupy spaces of representation in local politics.
> 
> Authorities have not yet released details about the motives behind the crime, which is still being investigated by the Civil Police. Alana's death has caused consternation and sparked discussions about the challenges faced by the LGBTQIA+ population in their search for representation and respect.

https://bhaz.com.br/noticias/minas-gerais/mulher-trans-morta-mg/

https://setelagoas.com.br/noticias/policia/225000-mulher-trans-e-assassinada-em-matozinhos/

https://gay1.com.br/2024/12/alana-do-uber-primeira-candidata-trans-em-matozinhos-e-assassinada-a-tiros.html

https://www.hojeemdia.com.br/minas/policia-procura-dupla-suspeita-de-matar-mulher-trans-a-tiros-em-matozinhos-na-grande-bh-1.1043155

https://gazetarondonia.com.br/noticia/17074/mulher-e-assassinada-a-tiros-em-praca-publica-e-o-pai-e-o-principal-suspeito-do-crime

https://setelagoas.com.br/noticias/regiao/225018-pai-e-considerado-suspeito-de-ter-matado-alana-do-uber-em-matozinhos/

https://noticias.r7.com/minas-gerais/mulher-trans-e-morta-a-tiros-na-grande-bh-e-autoria-ainda-e-misterio-para-policia-05122024/

https://g1.globo.com/mg/minas-gerais/noticia/2024/12/06/mulher-trans-e-assassinada-a-tiros.ghtml

https://jornalfloripa.com.br/noticia/67001

https://www.itatiaia.com.br/cidades/2024/12/05/mulher-trans-e-assassinada-a-tiros-em-lanchonete-em-matozinhos-mg

https://ultimasnoticias.inf.br/noticia/apolicia-procura-dupla-suspeita-de-matar-mulher-trans-a-tiros-em-matozinhos-na-grande-bh/

https://pordentrodetudo.com.br/homicidio-e-registrado-proximo-a-igreja-sao-sebastiao-em-matozinhos/

https://www.folhadoes.com/policia/veja-candidata-a-vereadora-trans-publica-video-horas-antes-de-ser-assassinada-a-tiros-em-bar,130433.fhtml

https://portaldotupiniquim.com.br/jovem-trans-e-assassinada-a-tiros-em-praca-pai-e-o-principal-suspeito

https://www.em.com.br/gerais/2024/12/7004984-grande-bh-mulher-trans-e-morta-a-tiros-apos-suspostamente-ser-ameacada.html

https://www.otempo.com.br/cidades/2024/12/5/mulher-trans-e-morta-a-tiros-em-bar-na-grande-bh-apos-relatar-am

https://pordentrodeminas.com.br/noticias/gerais/2024/12/mulher-trans-e-morta-a-tiros-proximo-de-praca-em-matozinhos/

https://pordentrodetudo.com.br/alana-do-uber-assassinada-nesta-quarta-feira-foi-a-primeira-mulher-trans-candidata-a-vereadora-em-matozinhos/

https://cgn.inf.br/noticia/1703178/mulher-trans-e-morta-a-tiros-em-bar-apos-divulgar-ameaca-recebida-corta-na-bala

https://www.itatiaia.com.br/cidades/2024/12/05/mulher-trans-assassinada-em-matozinhos-mg-foi-candidata-a-vereadora-em-2024

https://www.otempo.com.br/cidades/2024/12/5/mulher-trans-e-morta-a-tiros-em-bar-na-grande-bh-apos-relatar-am

https://www.polemicaparaiba.com.br/na-rota-da-justica/mulher-trans-ex-candidata-a-vereadora-e-assassinada-a-tiros-pai-da-vitima-e-considerado-suspeito/

https://www.otempo.com.br/politica/2024/12/6/mulher-trans-assassinada-na-grande-bh-foi-candidata-a-vereadora

https://portalimpactto.com.br/noticia/6282/policia-busca-suspeitos-por-assassinato-de-mulher-trans-em-matozinhos

https://noticias.r7.com/minas-gerais/cidade-alerta/video/mulher-trans-e-executada-na-frente-de-bar-onde-bebia-com-amigo-na-grande-bh-06122024/

https://pordentrodetudo.com.br/alana-do-uber-assassinada-nesta-quarta-feira-foi-a-primeira-mulher-trans-candidata-a-vereadora-em-matozinhos/

https://www.megacidade.com/noticia/59539/jovem-trans-e-assassinada-em-matozinhos-perto-de-igreja

https://oianoticias.com.br/noticia/4833/jovem-trans-e-assassinada-em-matozinhos

https://teclemidia.com/2024/12/05/jovem-trans-e-assassinada-em-matozinhos-perto-de-igreja/

https://pordentrodetudo.com.br/policia-civil-investiga-assassinato-de-alana-do-uber-em-matozinhos/

https://noticias.r7.com/minas-gerais/mulher-trans-e-morta-a-tiros-na-grande-bh-e-autoria-ainda-e-misterio-para-policia-05122024/

https://portaltucuma.com.br/veja-mulher-trans-publica-video-horas-antes-de-ser-assassinada-a-tiros-em-bar-sl23/

https://www.instagram.com/otempo/p/DDPgmHfxrWG/

https://www.youtube.com/watch?v=amWR9tbixsU","Alana do Uber was shot in a restaurant/bar in Matozinhos, Minas Gerais (Brazil) on the night of 4 Dec 2024.

She was 27, and was the first #trans woman to run for councilor in Matozinhos. #SayHerName #TransLivesMatter #TDoR",https://tdor.translivesmatter.info/reports/2024/12/04/alana-de-jesus-alana-do-uber-lanna-alana_matozinhos-minas-gerais-brazil_2c5bdbbf
Name Unknown,,,,,4-Dec-2024,tgeu/tdor2025/4-Dec-2024/Name Unknown,Rua Antônio Vasques,Parque Industrial Lagoinha,Ribeirão Preto,São Paulo,Brazil,-21.1884857,-47.7701588,violence,beaten,"The victim was killed by a man after she accusing him of raping her during a date. Her identity was not reported.

The perpetrator was arrested.

> The Military Police arrested, on Wednesday night (4), a 25-year-old man, accused of having beaten a person to death. The fight took place on Rua Antônio Vasques, Parque Industrial Lagoinha, East Zone of Ribeirão Preto.
> 
> According to information from the PM, residents reported a fight between two people by calling 190. One of the victims, according to the complaint, was a [trans woman].
> 
> The police found a body lying on the sidewalk and called the Mobile Emergency Care Service (SAMU). The rescuers, however, only confirmed the death of the victim, who had been hit several times in the head with a club.
> 
> The person who beat the [trans woman] to death was arrested. He told the police that the two had argued and the victim had accused him of raping her on another date.
> 
> The scene was preserved for forensic work. The body was then taken to the Legal Medical Institute (IML) for identification. The man was taken to the Central Judicial Police Station (CPJ) in downtown Ribeirão Preto.
> 
> He was arrested in flagrante delicto and taken to a prison unit, where he remained at the disposal of the courts to answer for intentional homicide.

https://www.clubefm.com.br/noticias/homem-mata-vitima-a-pauladas-no-parque-industrial-lagoinha-em-ribeirao-preto","An unidentified #trans woman was killed by a man in Ribeirão Preto, São Paulo (Brazil) on 4 Dec 2024 after she accusing him of raping her during a date.

The perpetrator was arrested. #SayHerName #TransLivesMatter #TDoR",https://tdor.translivesmatter.info/reports/2024/12/04/name-unknown_ribeirao-preto-sao-paulo-brazil_a7ead6eb
Name Unknown,,,,,4-Dec-2024,tgeu/tdor2025/4-Dec-2024/Name Unknown,,GO-174,Rio Verde,Goiás,Brazil,-17.7975435,-50.9679883,violence,shot,"The victim's body was found with a gunshot wound alongside the GO-174 hghway. Her identity is not known.

> A [trans woman] was found dead this Saturday (4) with a gunshot wound to her body on the banks of GO-174, in  Rio Verde in the southwest of Goiás. The Civil Police will investigate the case.
> 
> According to officers who were at the scene, the [trans woman] did not carry any identifying documents. Therefore, the body is being identified by the Civil Police Identification Institute. This department confirmed to  G1  that it has come up with a possible name, but that it will be confirmed.
> 
> There is still no information as to whether the body was left in the rural area after the crime was committed or whether it was carried out on site.

https://diariodoestadogo.com.br/travesti-e-encontrada-morta-as-margens-da-go-174-em-rio-verde/","The body of an unidentified #trans woman was found with a gunshot wound alongside the GO-174 hghway in Rio Verde, Goiás (Brazil) on 4 Dec 2024. #SayHerName #TransLivesMatter #TDoR",https://tdor.translivesmatter.info/reports/2024/12/04/name-unknown_rio-verde-goias-brazil_abf358fa
Rayra Rios,,,,,5-Dec-2024,tgeu/tdor2025/5-Dec-2024/Rayra Rios,Rua Joaquim de Souza Barreto,Lagoa do Toco,Russas,Ceará,Brazil,-4.921237167,-37.98145239,violence,shot,"Rayra was shot in the street in the early hours of the morning. She died at the scene.

> In the early hours of this Thursday (5), around 4:30 am, a homicide by firearm was recorded on Rua Joaquim de Souza Barreto, in the Lagoa do Toco neighborhood, in Russas, in the interior of Ceará. The Military Police were called after residents reported hearing gunshots. 
>
> At the scene, the team found the body of a person lying on the ground, already dead. According to reports from a resident, the victim was a [trans woman] who lived in the area, but her identity was not confirmed, as no documents were found with the body. 
>
> Forensic Experts were called to carry out the technical investigation procedures, while the Civil Police began their investigation into the case. So far, there is no concrete information about the perpetrators or the circumstances of the crime. No arrests have been made. 

https://www.instagram.com/p/DDNcXfIpDOy/","Rayra Rios was shot in the street in Russas Ceará (Brazil) in the early hours of 5 Dec 2024, She died at the scene. #SayHerName #TransLivesMatter #TDoR",https://tdor.translivesmatter.info/reports/2024/12/05/rayra-rios_russas-ceara-brazil_f35f1900
Erika,,,,,6-Dec-2024,tgeu/tdor2025/6-Dec-2024/Erika,,La Prosperina,Guayaquil,Guayas,Ecuador,-2.19616,-79.88621,violence,shot,"Erika was reportedly shot dead in the driveway of her home by armed assailants riding a motorcycle. No other information is known.

Source: Centro de Apoyo a las Identidades Trans","Erika was reportedly shot dead at the entrance of her home by in Guayaquil, Guayas (Ecuador) on 6 Dec 2024. #SayTheirName #TransLivesMatter #TDoR",https://tdor.translivesmatter.info/reports/2024/12/06/erika_guayaquil-guayas-ecuador_851ac147
"Thitikarn Dulikanon (""Dr Sammy"")",,,2024_12_06_Thitikarn-Dulikanon.jpg,https://www.tiktok.com/@dr.sammyclinic.cnx/video/7440749978789678343,6-Dec-2024,"tgeu/tdor2025/6-Dec-2024/Thitikarn Dulikanon (""Dr Sammy"")",,,Chiang Mai,Chiang Mai,Thailand,18.7944987,98.7916576,violence,strangled,"Dr Sammy ran a beauty clinic. An international manhunt was launched after she was found dead in her bedroom and her boyfriend fled the country.

> Rabat — Thai police are asking Interpol to track down Moroccan Bilal Chefinu, who is on the run for allegedly killing his girlfriend and fleeing the country. 
> 
> The victim is a transgender woman identified as Thitikarn Dulikanon. She was found dead in her bedroom last Friday with strangled marks on her neck, according to reports. The suspected killer is her boyfriend, Bilal Chefinu, who Dulikanon lived with. 
> 
> Dulikanon ran a beauty clinic, where surveillance shows the couple entering on December 4. 
> 
> Chefinu was seen fleeing the scene alone in Dulikanon’s car before abandoning it near the airport. He reportedly took a plane to Hong Kong early Thursday. Police suspect he killed her before he fled. 
> 
> Dulikanon’s sister hadn’t heard from her for two days. At first, she thought that Dulikanon was travelling with Chefinu, but a housekeeper later found the body.

https://thai.news/news/thailand/thitikarn-dulikanon-death-mystery-international-hunt-for-suspect-in-chiang-mai

https://ollekebolleke.info/update-politie-in-thailand-traceert-de-vermeende-moordenaar-van-dr-sammy-op-de-luchthaven-van-chiang-mai/

https://www.moroccoworldnews.com/2024/12/366911/moroccan-wanted-for-murder-in-thailand

https://www.instagram.com/hespresseng/p/DDhPp0Woxs2/?locale=zh-hans

https://x.com/OllekeBollekeTH/status/1865612263912333792

https://x.com/thaimythbuster/status/1865272708495478934","Thitikarn Dulikanon (""Dr Sammy"") was murdered in Chiang Mai (Thailand) on 6 Dec 2024.

She ran a beauty clinic and was well known in her community. An international manhunt is underway as the identified suspect has fled the country. #SayHerName #TransLivesMatter #TDoR",https://tdor.translivesmatter.info/reports/2024/12/06/thitikarn-dulikanon-dr-sammy_chiang-mai-thailand_7606bdce
Preta Gil,,,2024_12_07_Preta-Gil.jpg,https://www.facebook.com/bocadamataalagoas/posts/pfbid0z98P27HPASsRxN5qpMdemK3ksmbq8E7W3ncA3XZdQJSE6k7Rx6Tvhz1GYTCq48xWl,7-Dec-2024,tgeu/tdor2025/7-Dec-2024/Preta Gil,,Peri-Peri,Boca da Mata,Alagoas,Brazil,-9.6635437,-36.1405558,violence,shot,"Preta was found with gunshot wounds by first responders. Before she passed away she identified her killer, who is now being sought by police.

> A homicide crime was registered late on Saturday night, the 7th, inPeri-Peri District, rural area of the municipality of Boca da Mata, in the interior of Alagoas. A trans woman, known as 'Preta Gil' was the victim of a shooting attack.
> 
> According to information from the Military Police, a squad from the Integrated Public Security Center (CISP) in Boca da Mata was called by locals to respond to the incident.
> 
> At the scene, the PM found a team from the Mobile Emergency Care Service (SAMU), providing first aid to the victim, who was taken to the city hospital, but did not survive her injuries. Preliminary investigation indicated that the victim was hit by five gunshots.
> 
> Before she died, however, 'Preta Gil' told the police who was responsible for the shooting, but the motive for the crime was not clarified. Given the information, the police began searching the area, but so far the suspect has not been located.

https://www.7segundos.com.br/maceio/noticias/2024/12/08/264939-mulher-trans-e-assassinada-a-tiros-antes-de-morrer-ela-revela-identidade-do-suspeito

https://tribunahoje.com/noticias/policia/2024/12/08/148261-mulher-trans-e-morta-em-atentado-a-tiros-em-boca-da-mata-interior-de-alagoas

https://www.jaenoticia.com.br/noticias/2024/12/08/129115-mulher-trans-e-assassinada-com-cinco-tiros-em-boca-da-mata

https://www.gazetaweb.com/noticias/policia/mulher-trans-e-morta-apos-atentado-em-boca-da-mata-794608

https://www.alagoas24horas.com.br/1638333/mulher-trans-e-assassinada-na-zona-damata-vitima-apontou-assassino/

https://www.br104.com.br/policial/mulher-trans-e-assassinada-a-tiros-no-interior-de-al-vitima-era-conhecida-como-preta-gil/

https://www.metropoles.com/brasil/mulher-trans-e-morta-apos-atentado-no-interior-de-Alagoas

https://alagoasweb.com/mulher-trans-sofre-atentado-a-bala-em-via-publica/z

https://www.facebook.com/bocadamataalagoas/posts/pfbid0z98P27HPASsRxN5qpMdemK3ksmbq8E7W3ncA3XZdQJSE6k7Rx6Tvhz1GYTCq48xWl

https://www.youtube.com/watch?v=OH9draJEOso","Preta Gil was found with gunshot wounds in Boca da Mata, Alagoas (Brazil) on 7 Dec 2024.

Before she passed away she identified her killer. #SayHerName #TransLivesMatter #TDoR",https://tdor.translivesmatter.info/reports/2024/12/07/preta-gil_boca-da-mata-alagoas-brazil_dbd65eae
Roy Mora,15,24-Nov-2009,2024_12_07_Roy-Mora.jpg,https://exulansic.substack.com/p/trans-teenager-dead-after-jumping,7-Dec-2024,,Noyo River Bridge,,Fort Bragg,California,USA,39.42749732,-123.8068709,suicide,suicide,"Roy died by suicide. The Roy Mora Memorial Scholarship  - available to all LGBTQIA+ high school students in Mendocino County - was established in his honour.

> FORT BRAGG, CA., 12/23/24 — A body found under Noyo River Bridge Monday morning was wearing jewelry that belonged to missing teen Roy Mora, a press release from the Fort Bragg Police Department said. Mora’s mother identified the necklace, the press release said.
>
> Police said the body was not identifiable otherwise. An unidentified person found the body just after 8 a.m. Monday morning and called dispatch. Although officers who arrived could not identify the body, they noted the person was wearing the same clothes Mora was wearing when he disappeared. The area around the bridge had been searched dozens of times by law enforcement and volunteers.
>
> A search has been going on for more than two weeks after Mora, 15, disappeared following the Dec 7 Lighted Truck Parade in downtown Fort Bragg. A barista at the Mendocino Cookie Company identified Mora’s phone when a man living nearby in his car turned it into the coffee shop. She had seen it on the brochures around town and called the police.
>
> Police used that evidence, cell phone location and other data to triangulate Mora’s whereabouts. They tracked him entering Noyo Bridge shortly after the parade. His phone was found on the sidewalk of the bridge, but no cameras showed him leaving, nor did police find evidence that cars slowed down on the bridge. 

https://mendovoice.com/2025/03/roy-mora-memorial-scholarship/

https://mendovoice.com/2024/12/body-found-under-noyo-bridge-matches-the-clothing-and-jewelry-of-missing-fort-bragg-teen-roy-mora/

https://exulansic.substack.com/p/trans-teenager-dead-after-jumping [CN: hostile source]

https://www.advocate-news.com/2024/12/09/police-searching-for-missing-teen-from-fort-bragg/

https://ground.news/article/police-searching-for-missing-rochester-man_30756e

https://www.websleuths.com/forums/threads/ca-naomi-mora-aka-roy-mora-15-left-to-go-to-lighted-truck-parade-seen-near-whipple-oak-fort-bragg-7-dec-2024.731845/

https://www.facebook.com/FortBraggAdvocateNews/posts/pfbid02ZVV56p62BG1emPdX1YxW9PYM5eRJsBWxB2a5NtbAZPK6CniYgD7Xy3QhjUZ8VhdAl

https://www.facebook.com/FortBraggPD/posts/pfbid0o2AG2CkswqnHJ2pmrjuP3exypu6dwNNa8c5NRuLtdwPAy4k5sZVji4z9YZAoiuESl

https://www.facebook.com/photo.php?fbid=1140845478045142&id=100063591008405&set=a.763151522481208","Roy died by suicide in Fort Bragg, California (USA) on 7 Dec 2024.

He was 15. The Roy Mora Memorial Scholarship was established in his honour. #SayHisName #TransLivesMatter #TDoR",https://tdor.translivesmatter.info/reports/2024/12/07/roy-mora_fort-bragg-california-usa_c8a061f5
Name Unknown,38,,,,7-Dec-2024,tgeu/tdor2025/7-Dec-2024/Name Unknown,Rua Itamar de Matos Maia,Niterói,Canoas,Rio Grande do Sul,Brazil,-29.9571003,-51.1619837,violence,shot,"The victim was shot by an assailant riding a motorcycle. Their identity was not reported.

> Police arrested a 28-year-old man on Saturday night (7) accused of shooting a trans man to death in Canoas. The crime took place on Rua Itamar de Matos Maia in the Niterói neighborhood.
> 
> According to investigations, the 38-year-old victim was at home when he went out to receive a package delivered by a ride-hailing vehicle. At that moment, the suspect arrived on a motorcycle and opened fire.
> 
> The victim did not survive his injuries and died at the scene.
> 
> The Homicide and Personal Protection Department (DHPP) in Canoas confirmed that the suspect had no criminal record. In addition, the police reported that the victim also had no criminal record.
> 
> The incident also had the support of teams from the Military Brigade, the Mobile Emergency Care Service (SAMU) and the General Institute of Expertise.

On 20th December a woman (reportedly the victim's ex-partner) was arrested on suspicion of ordering the murder.

https://sampi.net.br/nacional/noticias/2874998/brasil-e-mundo/2024/12/ex-de-homem-trans-e-presa-por-encomendar-assassinato

https://agenciagbc.com/2024/12/09/criminoso-e-preso-apos-matar-homem-trans-a-tiros-em-canoas/

https://www.portaldiadianews.com.br/rs/noticias/cidades/homem-e-preso-apos-matar-a-tiros-transexual-no-bairro-niteroi-em-canoas.html

https://agenciagbc.com/2024/12/09/homem-trans-e-morto-a-tiros-em-canoas/

/https://www.abcmais.com/policia/homem-transgenero-e-morto-a-tiros-no-bairro-niteroi/","An unidentified #trans person was shot outside their home in Canoas, Rio Grande do Sul (Brazil) on 7 Dec 2024 by an assailant riding a motorcycle.

They were 38. #SayTheirName #TranslIVesMatter #TDoR",https://tdor.translivesmatter.info/reports/2024/12/07/name-unknown_canoas-rio-grande-do-sul-brazil_58dae1e9
Berinjela,,,2024_12_10_Berinjela.jpg,https://ipiauonline.com.br/jequie-dupla-em-moto-executa-jovem-no-bairro-amaralina-e-a-segunda-vitima-em-24-horas/,10-Dec-2024,tgeu/tdor2025/10-Dec-2024/Berinjela,Rua 05,Amaralina,Jequié,Bahia,Brazil,-13.8354811,-40.0729578,violence,shot,"Berinjela was shot in a residence by two assailants who had arrived on a motorcycle.

The motive for the attack is not known.

> Jequié recorded another homicide on Tuesday night (10), marking the second lethal crime in less than five hours.
> 
> A young trans woman, known by the nickname “Berinjela”, was shot dead in the Amaralina neighborhood.
> 
> The crime occurred around 8:45 pm, when two individuals on a motorcycle fired several shots at the victim, who died in a residence in the area.

https://www.vitoriadaconquistanoticias.com.br/v2/2024/12/11/violencia-na-regiao-policia-investiga-motivacao-do-homicidio-de-alessandro-e-se-ha-ligacao-com-a-morte-da-trans-berinjela/

https://sulbahia1.com.br/noticia/3277/jovem-trans-e-assassinada-em-jequie

https://ipiauonline.com.br/jequie-dupla-em-moto-executa-jovem-no-bairro-amaralina-e-a-segunda-vitima-em-24-horas/

https://www.bahianoticias.com.br/municipios/noticia/42895-cidade-baiana-chega-a-80-mortes-no-ano-e-numero-de-homicidios-ja-e-45-maior-que-em-2023

https://jequiereporter.com/mais-tres-homicidios-sendo-investigados-pela-9a-coorpin-jequie-crimes-ocorreram-na-terca-10istrados-em-jequie-na-terca-feira-10-homem-morto-na-zona-rural-de-lafaiete-coutinho/

https://amarelinhonoticias.com.br/jequie-jovem-de-24-anos-e-morto-a-tiros-na-rua-da-banca-nao-descansaremos-vamos-atras-de-um-por-um-garante-policia/

https://blogmarcosfrahm.com/onda-de-violencia-em-jequie-eleva-para-80-o-numero-de-homicidios-na-cidade-sol-em-2024-jovem-de-24-foi-morto-dentro-de-casa/

https://www.instagram.com/ptn_news_/reel/DDcPcvEulI7/

https://www.youtube.com/watch?v=HpF5gP0GtpY","Berinjela was shot in a residence in Jequié, Bahia (Brazil) on 10 Dec 2024. #SayHerName #TransLivesMatter #TDoR",https://tdor.translivesmatter.info/reports/2024/12/10/berinjela_jequie-bahia-brazil_a6cca0b5
Rafaela Lorena Soares da Rocha,,,,,10-Dec-2024,tgeu/tdor2025/10-Dec-2024/Rafaela Lorena Soares da Rocha,Complexo Penitenciário da Papuda,,Brasilia,Distrito Federal,Brazil,-15.9099134,-47.8137983,custodial,asphixiated,"Rafaela was found dead inside her cell in Complexo Penitenciário da Papuda. Although two other inmates alleged that she had fallen her case is being treated as homicide.

> A trans woman was murdered last Tuesday (12/10) inside the Papuda Penitentiary Complex, in the Internment and Reeducation Center. The case is being investigated as homicide by the 30th Police Precinct (São Sebastião).
>
> The victim, Rafaela Lorena Soares da Rocha, was killed in the wing reserved for transgender and travesti inmates, where she shared a cell with two men. Prison officers were called after hearing cries for help coming from the location.
>
> Initially, the two prisoners who were in the cell with Rafaela claimed that she had fallen from a low wall that separates the bathroom from the cell. However, shortly after, the Correio Brasilienze website reported that the two men confessed to having wrapped a sheet around the victim's neck and that each of them had pulled on one side.
>
> The Mobile Emergency Care Service (SAMU) and the Fire Department were called to provide assistance, but upon arrival, they confirmed the death. At the time of the crime, there were only the three of them.

https://gay1.com.br/2024/12/mulher-trans-e-assassinada-estrangulada-dentro-de-cela-na-papuda.html

https://www.folhamax.com/mundo/mulher-trans-e-assassinada-dentro-de-cela-em-presidio/469705

https://rogeriolacerda.com.br/2024/12/19/colegas-de-cela-de-trans-morta-na-papuda-dizem-que-ela-caiu-de-mureta/

https://jornaldebrasilia.com.br/brasilia/mulher-trans-e-assassinada-em-cela-no-complexo-penitenciario-da-papuda/

https://www.metropoles.com/distrito-federal/na-mira/colegas-de-cela-de-trans-morta-na-papuda-dizem-que-ela-caiu-de-mureta

https://www.pernambuco.com/noticia/ultimas/2024/12/mulher-trans-e-assassinada-por-enforcamento-dentro-de-cela-na-papuda.html

https://vtvnews.com.br/noticias/policia/policia-investiga-assassinato-de-mulher-trans-no-complexo-da-papuda/

https://www.metropoles.com/distrito-federal/na-mira/mulher-trans-e-assassinada-dentro-de-cela-em-presidio-da-papuda

https://www.instagram.com/cerradoinfocooficial/p/DDxvp1lgjZ_/","Rafaela Lorena Soares da Rocha was found dead in suspicious circimstances in Complexo Penitenciário da Papuda in Brasilia, Distrito Federal (Brazil) on 10 Dec 2024. #SayHerName #TransLivesMatter #TDoR",https://tdor.translivesmatter.info/reports/2024/12/10/rafaela-lorena-soares-da-rocha_brasilia-distrito-federal-brazil_bc1e1ee5
Monalisa,,,,,11-Dec-2024,tgeu/tdor2025/11-Dec-2024/Monalisa,Ruas Bárbara de Alencar and Rodrigues Júnior,,Fortaleza,Ceará,Brazil,-3.7353413,-38.5247298,violence,shot,"Monalisa was shot in the street.

> A [trans woman] identified as Monalisa was killed this Wednesday (11), in the Center of Fortaleza, at the intersection of Bárbara de Alencar and Rodrigues Júnior streets. The Military Police of Ceará (PMCE) was called after reports of shots fired in public and, upon arriving at the scene, found the victim already dead.
> 
> Monalisa, known to local residents, was a frequent presence in the region and had lived in the city center for a long time, according to reports from residents. The crime was allegedly committed by a man on a bicycle who approached the victim and fired several shots, without any apparent argument before the attack. She died at the scene before the Mobile Emergency Care Service (SAMU) arrived.

https://gcmais.com.br/noticias/2024/12/12/execucao-travesti-e-morta-a-tiros-na-rua-no-centro-de-fortaleza/","Monalisa was shot in the street in Fortaleza, Ceará (Brazil) on 11 Dec 2024. #SayHerName #TransLivesMatter #TDoR",https://tdor.translivesmatter.info/reports/2024/12/11/monalisa_fortaleza-ceara-brazil_93c71eaf
Tamara Zuñiga Azcona,,,2024_12_13_Tamara-Zuniga-Azcona.jpg,https://www.eldragonario.net/2024/12/asesinan-enfermera-muxe-tamara-zuniga.html,13-Dec-2024,tgeu/tdor2025/13-Dec-2024/Tamara Zuñiga Azcona,,,Pochutla,Oaxaca,Mexico,15.73527,-96.759196,violence,stabbed,"Tamara was stabbed after visiting an ATM. She was muxe, and worked as a nurse at Santos Reyes Nopala hospital.

> Tamara Zuñiga Azcona, a muxe nurse originally from San Blas Atempa, Oaxaca, was murdered last night near the sports complex in the municipality of Pochutla, on the Oaxacan coast.
> 
> According to the judicial authorities, Tamara had gone to withdraw money from an ATM located inside the Pochutla General Hospital and when she left she was allegedly assaulted and attacked with a knife, causing deep wounds; Despite being taken to the hospital for medical attention, she died.
> 
> Tamara knew Pochutla, since for many years she worked at the General Hospital of this municipality, however, she currently worked as a nurse at the Santos Reyes Nopala hospital, located two and a half hours from the place where her life was taken.
> 
> Friends condemned Tamara's death, saying she was an active and always cooperative woman who did not deserve to die this way.

In February 2025 a man and a woman were arrested for qualified homicide in connection with Tamara's murder.

https://aristeguinoticias.com/1412/mexico/asesinan-a-enfermera-muxe-tamara-zuniga-en-oaxaca-un-crimen-de-odio-condenan-amigas/

https://oaxaca.eluniversal.com.mx/sociedad/exigen-justicia-para-tamara-enfermera-muxe-asesinada-en-pochutla-oaxaca

https://www.24-horas.mx/2024/12/15/privan-de-la-vida-a-enfermera-muxe-en-oaxaca/

https://libertad-oaxaca.info/exigen-justicia-para-tamara-enfermera-muxhe-asesinada-en-pochutla/

https://elheraldoslp.com.mx/new/2024/12/14/asesinan-a-tamara-zuniga-enfermera-muxe-en-oaxaca/

https://www.eldragonario.net/2024/12/asesinan-enfermera-muxe-tamara-zuniga.html

https://www.facebook.com/story.php?story_fbid=24027482490174953&id=100000196115465&rdid=QyU8wFZClr9bGYKC

https://www.facebook.com/AlertaIstmoNoticias/posts/pfbid0PKHoXeaTgfveYyFVWkRyFD91A7RnL9puVCqSouWzv3kbwBFAZY1CjezfT1qQZe92l

https://www.facebook.com/story.php?story_fbid=1002790211888498&id=100064725844757&_rdr

https://www.facebook.com/humberto.lopezgomez/posts/pfbid02d9DfzchPGbucohGVCnaP5YbkV3neQjdyjy1YbriGbiFhbUbFySfKodaaXBnKK3apl

https://www.facebook.com/istmopress.noticias/posts/pfbid024uKm3mmKZuw94ohs3tCLdYiMKA6SjVv9qbtytoWUCgX6wyEb48WhjdVkb2ucPvTul

https://www.facebook.com/gerardo.martinezvazquez.77/posts/pfbid02MBZ8n3CkFNyHdN8gppcpfDnFGwGyZzZb1caCcUL4dbgpXq3jjrdkvHY7KSXYMEGcl

https://www.instagram.com/p/DDqFrlIyBTc/

https://mastodon.social/deck/@Draco_Dracul/113654968663004872

https://x.com/tv_yazi/status/1868740573999554589","Tamara Zuñiga Azcona was stabbed after visiting an ATM in Pochutla, Oaxaca (Mexico) on the night of 13 Dec 2024.

She was mux, and worked as a nurse at Santos Reyes Nopala hospital. #SayHerName #TransLivesMatter #TDoR",https://tdor.translivesmatter.info/reports/2024/12/13/tamara-zuniga-azcona_pochutla-oaxaca-mexico_6b1db4f1
Neuritânia Pacheco,48,,2024_12_14_Neuritania-Pacheco.jpg,https://g1.globo.com/ba/bahia/noticia/2024/12/16/mulher-trans-e-encontrada-morta-na-bahia.ghtml,14-Dec-2024,tgeu/tdor2025/14-Dec-2024/Neuritânia Pacheco,,Vila São Francisco,Sobradinho,Bahia,Brazil,-15.6534522,-47.8597713,violence,stoned,"Neuritânia's body was found on a football field after she had left her home to go on a date. She was a civil servant who worked at Sobradinho City Hall.

> A 48-year-old trans woman was found dead in the city of Sobradinho, in northern Bahia. According to information given to g1 on Monday (16), the victim's body had signs of violence and there is a suspicion that she was stoned.
> 
> The crime took place on Saturday (14), near a soccer field in Vila São Francisco. According to family members, Neuritânia Pacheco had left home for a date. However, it is not yet known whether this was related to the crime.
> 
> The body of the victim, who was a civil servant at the Sobradinho City Hall, was sent to the Technical Police Department (DPT) in the region. The wake and burial took place on Sunday (15), at the city cemetery, according to information provided by TV São Francisco, an affiliate of Rede Bahia in the region.
> 
> The perpetrator and motive for the murder are being investigated by the Sobradinho Territorial Police Station, where the case was registered. The police are awaiting the expert report from the DPT. As of Monday, no one had been arrested.
> 
> On social media, the mayor of Sobradinho, Cleyvinho Sampaio (PSD), shared a note of condolence for Neuritânia's death, expressing solidarity with the employee's family and friends. She worked as a general services assistant at the Municipal Department of Tourism, Culture and Sports.
> 
> ""The Mayor of Sobradinho, Cleyvinho Sampaio, deeply regrets the tragic death of civil servant Neuritânia Pacheco. Neuritânia stood out for her friendliness and charisma with the public and coworkers and leaves a legacy of dedication and services provided to the community.
> 
> The mayor also emphasizes that he has already requested all efforts and agility from the police authorities in the investigation of this barbaric crime. To the family and friends of our friend Neuritânia, our solidarity and strength in this moment of extreme pain.""

In January 2025 two teenage suspects were arrested on charges similar to qualified homicide.

https://www.ba.gov.br/policiacivil/noticias/2025-01/21045/policia-civil-apreende-dois-adolescentes-investigados-por-homicidio-de

https://atarde.com.br/bahia/segundo-adolescente-suspeito-de-homicidio-de-mulher-trans-e-apreendido-1305380

https://www.bahianoticias.com.br/municipios/noticia/43675-policia-apreende-segundo-adolescente-apontado-em-morte-de-mulher-trans-no-norte-da-bahia

https://blogdovalente.com.br/bahia-2/2024/12/mulher-trans-e-morta-no-norte-da-bahia-suspeita-e-de-que-ela-tenha-sido-apedrejada/

https://www.ibahia.com/noticias/seguranca/adolescente-suspeito-de-envolvimento-em-morte-de-trans-e-apreendido-333784

https://www.redegn.com.br/index.php?sessao=noticia&cod_noticia=200415

https://falabarreiras.com/policiais/adolescente-apreendido-bahia/

https://atarde.com.br/bahia/jovem-e-apreendido-por-suspeita-de-homicidio-de-mulher-trans-na-bahia-1302527

https://g1.globo.com/ba/bahia/noticia/2025/01/09/adolescente-suspeito-de-envolvimento-em-morte-mulher-trans-na-bahia-e-apreendido.ghtml

https://g1.globo.com/ba/bahia/noticia/2024/12/16/mulher-trans-e-encontrada-morta-na-bahia.ghtml

https://www.oliberal.com/policia/mulher-trans-e-encontrada-morta-com-sinais-de-violencia-pelo-corpo-em-novo-progresso-1.898508

https://diariodoestadogo.com.br/mulher-trans-e-encontrada-morta-na-bahia-em-crime-brutal-policia-investiga/

https://www.psnoticias.com.br/policia/mulher-trans-e-encontrada-morta-no-interior-da-bahia-policia-investiga-possivel-apedrejamento/

https://www.bnews.com.br/noticias/policia/mulher-trans-e-encontrada-morta-apos-sair-de-casa-para-encontro-amoroso-na-bahia.html

https://vozdabahia.com.br/mulher-trans-e-encontrada-morta-com-marcas-de-violencia-em-sobradinho-no-norte-da-bahia/

https://giroemipiau1.com.br/2024/12/16/mulher-trans-e-encontrada-morta-na-bahia-policia-investiga-suspeita-de-apedrejamento/

https://edenevaldoalves.com.br/corpo-de-vitima-encontrado-apedrejado-em-sobradinho-ba-e-de-mulher-trans-confirma-policia/

https://atarde.com.br/bahia/misterio-servidora-trans-e-encontrada-morta-na-bahia-1299718

https://www.doistercos.com.br/mulher-trans-e-encontrada-morta-na-bahia-policia-investiga-suspeitade-apedrejamento/

https://pretonobranco.org/2024/12/14/prefeito-de-sobradinho-ba-lamenta-assassinato-de-servidora-e-pede-agilidade-nas-investigacoes/

https://vozdabahia.com.br/mulher-trans-e-encontrada-morta-com-marcas-de-violencia-em-sobradinho-no-norte-da-bahia/

https://edenevaldoalves.com.br/corpo-de-vitima-encontrado-apedrejado-em-sobradinho-ba-e-de-mulher-trans-confirma-policia/

https://piatafm.com.br/mulher-trans-e-encontrada-morta-no-interior-da-bahia-policia-investiga-possivel-apedrejamento/

https://g1.globo.com/ba/bahia/noticia/2024/12/16/mulher-trans-e-encontrada-morta-na-bahia.ghtml

https://www.instagram.com/vozdabahia/p/DDqXMRBgFYA/

https://www.instagram.com/blogjoseliamaria/p/DDkMEA8Rzu6/","The body of Neuritânia Pacheco was found on a football field in Sobradinho, Bahia (Brazil) on 14 Dec 2024.

She was 48, and a civil servant who worked at Sobradinho City Hall. #SayHerName #TransLivesMatter #TDoR",https://tdor.translivesmatter.info/reports/2024/12/14/neuritania-pacheco_sobradinho-bahia-brazil_4b19b6f4
"Aziza Barnes (""Z"")",31,,2024_12_15_Aziza-Barnes.jpg,https://www.msn.com/en-us/tv/news/aziza-barnes-a-knight-of-the-seven-kingdoms-and-snowfall-writer-dies-at-32/ar-AA1wi3WH?ocid=BingNewsSerp,15-Dec-2024,,,,Oxford,Mississippi,USA,34.3507106,-89.6182092,suicide,suicide,"Z died by suicide. They were a writer whose work included the upcoming Game of Thrones spinoff series ""Knight of the Seven Kingdoms"".

> Television writer Aziza ""Z"" Barnes, whose work included an upcoming Game of Thrones spinoff series, has passed away. Barnes was just 32 years old.
> 
> Per Deadline, Barnes died by suicide on Sunday, Dec. 15, with their family confirming the news through a rep. There were no additional details shared about the circumstances of Barnes' death, though the family shared a statement to announce the news while expressing their sorrow over the loss..
> 
> “With heavy hearts, we regret to inform you of the passing of an undeniable and beloved artist, child, sibling, and friend Aziza ‘Z’ Barnes,” the statement reads. “Z has touched and inspired countless individuals both in their community and industry and will be deeply missed and endlessly loved by all who were fortunate to have experienced their presence and work. An incomparable talent, we look for understanding in Z’s words, and wish comfort and understanding as we grieve this loss.”
> 
> Barnes earned a BFA from New York University and attended the University of Mississippi to pursue an MFA. They had also served as a member of the award-winning NYU Poetry Slam team. Barnes won an Exploding Pinecone Prize from Button Poetry as the author of the 2013 chapbook me Aunt Jemima and the nailgun, and their poetry collection, i be but i ain't, won a Pamet River Prize from YesYes Books. They also wrote the acclaimed stage show BLKS.
> 
> Barnes also pursued work as a TV writer, working on shows like FX's Snowfall, Netflix's Teenage Bounty Hunters, and Max's Rap Sh!t. Additionally, Barnes worked as a writer on HBO's upcoming Game of Thrones spinoff series, titled A Knight of the Seven Kingdoms; the show is set to be released on HBO in 2025.
> 
> Immediate details were not made available about Barnes' survivors.
> 
> Source: Deadline
> 
> If you or someone you know is thinking about suicide, emotional support is offered 24/7 through the 988 Suicide & Crisis Lifeline, available by texting or calling 988. A chat option is also available on the official website.

https://variety.com/2024/tv/obituaries-people-news/aziza-barnes-dead-snowfall-teenage-bounty-hunters-1236257189/

https://www.hollywoodreporter.com/tv/tv-news/aziza-barnes-dead-a-knight-of-the-seven-kingdoms-snowfall-writer-1236092297/

https://www.cbr.com/game-of-thrones-writer-aziza-barnes-dies/

https://www.theatermania.com/news/aziza-barnes-poet-and-playwright-of-blks-dies-at-32_1759024/

https://www.msn.com/en-us/tv/news/aziza-barnes-a-knight-of-the-seven-kingdoms-and-snowfall-writer-dies-at-32/ar-AA1wi3WH?ocid=BingNewsSerp

https://en.wikipedia.org/wiki/Aziza_Barnes

https://www.instagram.com/dapoetrylounge_co/reel/DDxwFScyIyP/

[CN: hostile account]
https://x.com/JetBenedict/status/1870685173316198528","Aziza Barnes died by suicide in Oxford, Mississippi (USA) on 15 Dec 2024.

 They were 31, and a writer whose work included the upcoming Game of Thrones spinoff series ""Knight of the Seven Kingdoms"".  #SayTheiirName #TransLIvesMatter #TDoR",https://tdor.translivesmatter.info/reports/2024/12/15/aziza-barnes-z_oxford-mississippi-usa_27746f20
Cam Thompson,18,,2024_12_16_Cam-Thompson.jpg,https://www.cbs42.com/news/tuscaloosa-family-devastated-following-shooting-death-of-18-year-old-cameron-thompson/,16-Dec-2024,tgeu/tdor2025/16-Dec-2024/Cam Thompson,600 East 35th Avenue,,Tuscaloosa,Alabama,USA,33.2054251,-87.5842491,violence,shot,"Cam's body was found in a yard near her home. A male suspect was arrested and charged as an adult in her murder.

The suspect was booked into the Tuscaloosa County Jail.

> TUSCALOOSA, Ala. (WIAT) — A Tuscaloosa family struggles to come to grips with the loss of their loved one, 18-year-old [deadname] Thompson who went by Cam.
>
> On Thursday afternoon, CBS 42 News spoke the victim’s aunt in Tuscaloosa.
>
> “We’re just devastated, like we’re still in shock,” said Tara Maneice. “We cannot believe that this happened you know so quickly, out of nowhere.”
>
> According to the Tuscaloosa County Violent Crimes Unit, Thompson, who identified as a woman, died after being shot in the 600 block of East 35th Avenue shortly after midnight on Monday. Capt. Jack Kennedy said a minor has been arrested and charged as an adult in her murder. He has been booked into the Tuscaloosa County Jail.
>
> We asked Maneice to describe her niece:
>
> “A beautiful smile, very contagious smile,” she noted, “loved fashion and the beauty industry.”
>
> Thompson, who was a transgender woman, had just completed Job Corps training and had a bright future ahead of her.
>
> “All these plans she had, she was getting ready to try to go to college, buy a new car, that they have been just wiped away in the blink of an eye, a senseless act,” Maneice added.
>
> The Tuscaloosa County Violent Crimes Unit was called to investigate Thompson’s shooting after her body was discovered near the street in a yard around 1 p.m. on Monday.
>
> Captain Kennedy said the motive appears to be related to comments that Thompson posted on social media regarding the suspect’s sexual orientation.
>
> “They were having a personal argument between each other, knew each other, and that seems to be the impetus behind this assault and murder.”
>
> Maneice said the mother believes this was a hate crime based on her daughter’s gender identity. Alabama’s hate law only pertains to crimes motivated by victim’s race, color, religion, national origin, ethnicity, or physical or mental disability.

https://www.pghlesbian.com/2024/12/black-trans-teen-cam-thompson-killed-in-alabama/

https://www.hrc.org/news/honoring-cameron-cam-thompson-young-black-trans-teen-killed-in-alabama

https://thecrimsonwhite.com/118282/news/democratic-socialists-of-america-hold-vigil-for-transgender-teenager-killed-in-alabama/

https://www.cbs42.com/news/local/vigil-to-be-held-for-transgender-teen-killed-in-tuscaloosa/

https://abc3340.com/news/local/vigil-held-for-transgender-tuscaloosa-woman-killed-in-december

https://windycitytimes.com/2024/12/27/national-trans-girls-death-school-board-member-hiv-aids-items-nissan/

https://watermarkonline.com/2024/12/23/suspect-charged-in-shooting-of-black-transgender-teenager-in-alabama/

https://www.blackenterprise.com/mother-murdered-transgender-black-teen-hate-crime/

https://www.advocate.com/crime/trans-woman-cameron-thompson-killed

https://www.themirror.com/news/us-news/trans-teenager-18-lured-out-875234

https://face2faceafrica.com/article/suspect-who-shot-black-transgender-teen-in-alabama-charged

https://www.cbs42.com/news/tuscaloosa-family-devastated-following-shooting-death-of-18-year-old-cameron-thompson/

https://www.usnews.com/news/us/articles/2024-12-20/suspect-charged-in-shooting-of-black-transgender-teenager-in-alabama

https://winnipegsun.com/pmn/suspect-charged-in-shooting-of-black-transgender-teenager-in-alabama

https://www.alreporter.com/2024/12/20/tuscaloosa-teen-murdered-in-apparent-hate-crime/

https://metro.co.uk/2024/12/20/trans-teen-beautiful-smile-shot-death-argument-suspect-22226578/

https://lufkindailynews.com/anpa/us/transgender-teen-shot-alabama/image_a878adf3-e763-5f93-aa77-81efdd147c70.html

https://abc17news.com/news/ap-national-news/2024/12/20/suspect-charged-in-shooting-of-black-transgender-teenager-in-alabama/

https://www.them.us/story/cameron-thompson-trans-teen-loved-fashion-contagious-smile-killed-in-alabama

https://kesq.com/news/ap-national-news/2024/12/20/suspect-charged-in-shooting-of-black-transgender-teenager-in-alabama/

https://www.wvtm13.com/article/transgender-teen-shooting-alabama-tuscaloosa-thompson/63251725

https://www.lgbtqnation.com/2024/12/minor-allegedly-kills-young-trans-woman-for-commenting-on-his-sexuality/

https://web.archive.org/web/20241219085939/https://www.al.com/news/2024/12/heartbroken-family-says-transgender-alabama-teens-shooting-death-was-a-hate-crime.html

https://www.advocate.com/crime/trans-woman-cameron-thompson-killed

https://www.gofundme.com/f/camerons-burial-fund-your-help-matters

https://www.youtube.com/watch?v=9AKvrGyggww

https://www.youtube.com/watch?v=YJpUOaDCw_A","Cam Thompson was shot near her home in Tuscaloosa, Alabama (USA) on 16 Dec 2024.

She was 18. #SayHerName #TransLivesMatter #TDoR",https://tdor.translivesmatter.info/reports/2024/12/23/cam-thompson_tuscaloosa-alabama-united-states_f0345385
Mayla Gomes,,,2024_12_16_Mayla-Gomes.jpg,https://www.confirmanoticia.com.br/noticia/31342/corpo-de-mulher-trans-e-encontrado-em-area-de-mata-com-sinais-de-violencia,16-Dec-2024,tgeu/tdor2025/16-Dec-2024/Mayla Gomes,,Jardim Santarém,Novo Progresso,Pará,Brazil,-7.0307904,-55.4295767,violence,murdered,"Mayla was a hairdresser. Her body was found in woodland two days after she had gone missing from her home.

> Mayla Gomes, a trans woman who worked as a hairdresser and who had been missing since the night of last Saturday (14) was found dead on Monday (16), in Novo Progresso, in the southwest of Pará. Friends reported that, when looking for her at her residence, they found the mattress with blood stains, which raised concerns.  
> 
> Preliminary information indicates that Mayla had taken a young man home before disappearing without leaving any clues. The case was reported to the police, who began searching the area. Last Monday (16), Mayla's body was found in a wooded area in the Jardim Santarém neighborhood. The Forensic Medical Institute (IML) was called and removed the body, which showed clear signs of violence, especially on the arms and legs.  
> 
> To date, the case remains a mystery. Investigations will need to clarify whether the crime was motivated by passion or whether it was a hate crime related to the victim's gender identity.  
> 
> In a statement, the Civil Police reported that teams from the Novo Progresso police station are working to identify and arrest those involved. The case, initially treated as a robbery with concealment of a corpse, is still under investigation. Expert reports have been requested, and witnesses should be heard in the coming days to assist in the progress of the investigation.

https://www.themirror.com/news/us-news/trans-woman-found-dead-woods-894203

https://debatecarajas.com.br/mulher-trans-e-encontrada-morta-com-marcas-de-violencia-em-novo-progresso/

https://www.folhadoprogresso.com.br/morte-de-mulher-trans-em-novo-progresso-permanece-como-um-misterio/

https://www.confirmanoticia.com.br/noticia/31342/corpo-de-mulher-trans-e-encontrado-em-area-de-mata-com-sinais-de-violencia

https://www.folhadoprogresso.com.br/jovem-trans-desaparecido-e-encontrado-morto-em-situacoes-brutais-em-novo-progresso-pa/","Mayla Gomes was a hairdresser. Her body was found in woodland in Novo Progresso, Pará (Brazil) on 16 Dec 2024, two days after she had gone missing from her home. #SayHerName #TransLivesMatter #TDoR",https://tdor.translivesmatter.info/reports/2024/12/16/mayla-gomes_novo-progresso-para-brazil_b16b8cdf
J. Hermes,36,,,,17-Dec-2024,tgeu/tdor2025/16-Dec-2024/J. Hermes,calles Loma Corta and Loma Verde,Lomas Karike,Chihuahua,Chihuahua,Mexico,28.6789532,-106.1265515,violence,shot,"J. was shot in the street by an assailant ridiing a motorbike.

> Chihuahua, Chih. – An armed attack that occurred this afternoon in the Lomas Karike neighborhood resulted in the execution of a trans person. 
> 
> The incident occurred on calles Loma Corta and Loma Verde, where a motorcyclist approached the victim and shot them several times.
> 
> After the attack, the attacker left a card with a threatening message, although its content has not yet been revealed. 
> 
> Neighbors in the area said that the victim had been frequently seen in a nearby “picadero,” which could be related to the attack.
> 
> Authorities have cordoned off the area and begun the corresponding investigations, without ruling out any hypothesis about the motive for the crime. It is unknown whether the attack is linked to criminal activities in the area or if it was a personal settling of scores.
> 
> This event has left the residents of the neighborhood dismayed, who demand more security in the area.

https://losinformantes.mx/Seccion.php?idSeccion=1&idNota=14915

https://laraizdechihuahua.com/atacan-a-mujer-con-arma-de-fuego-en-lomas-karike-dejan-mensaje-relacionado-con-la-venta-de-drogas/

https://enblancoynegro.com.mx/2024/12/18/identifican-al-trans-ejecutado-en-lomas-karike/

https://lagaceta.com.mx/22/2024/12/17/lo-persiguen-para-ejecutarlo-en-lomas-karike/","J. was shot in the street in Chihuahua (Mexico) on 17 Dec 2024 by an assailant ridiing a motorbike.

They were 36. #SayTheirName #TransLivesMatter #TDoR",https://tdor.translivesmatter.info/reports/2024/12/17/j-hermes_chihuahua-mexico_da235c83
"Bianca Castyel (""Bia"")",20,,2024_12_19_Bia-Castyel.jpg,https://phdnews.com.br/destaques/jovem-transexual-e-encontrada-morta-em-cima-da-cama/,19-Dec-2024,"tgeu/tdor2025/19-Dec-2024/Bianca Castyel (""Bia"")",,,Água Boa,Mato Grosso,Brazil,-14.0509672,-52.1999184,violence,stabbed,"Bianca was a hairdresser. Her killer - a young man who according to police exhibited psychopathic tendencies - was arrested after her murdered body was found in her bed.

> The Civil Police of Água Boa (730 km from Cuiabá) complied, on the afternoon of this Sunday (22), with the judicial orders to investigate the murder of the young trans woman, Bianca Castyel, 20 years old, who was executed with 22 stab wounds on the afternoon of last Thursday (19).
>
A 17-year-old teenager was identified as the author of the brutal murder and had an arrest and internment order fulfilled by the PJC. Investigations revealed that on the night of the events the young man and the victim, who was a hairdresser, met and had sexual relations. It was also found that they had a previous relationship, however, possibly after the sexual act the suspect executed the victim with stab wounds and strangulation.
> 
> Delegate Matheus Soares Augusto, responsible for the case, highlighted the criminal profile of the suspect who presents psychopathic tendencies that are revealed by the coldness of executing the victim after the intimate act, indicating that it was something previously planned, as well as the fact that the teenager did not show remorse for what happened and the next day returned to his normal routine and went on a vacation with his family.
> 
> The victim's cell phone and the knife used in the crime were discarded by the teenager to hinder the investigation. The name of the operation ""Rest in Peace"" is a tribute to the life of the victim who was brutally executed, said the police chief.
> 
> Since the beginning of the investigation, the detective had been working with the possibility that the killer was someone close to the victim, as the property showed no signs of a break-in and the door was just opened.

https://www.themirror.com/news/world-news/trans-hairdresser-20-found-slaughtered-913811

https://www.gcnoticias.com.br/policia/menor-suspeito-de-matar-blogueira-trans-a-facadas-e-apreendido-pela-policia-ao-voltar-de-viagem/193299688

https://www.sonoticias.com.br/policia/detido-em-mato-grosso-acusado-por-assassinar-mulher-trans-com-mais-de-20-facadas/

https://www.rdnews.com.br/policia/menor-suspeito-de-matar-trans-com-22-facadas-e-apreendido-agiu-com-frieza/204402

https://odocumento.com.br/policia-civil-cumpre-mandados-e-apreende-autor-de-homicidio-de-blogueira-trans/

https://marechalnews.com.br/noticia/144178/garoto-que-matou-trans-usou-roupa-de-plastico-e-mandou-videos-para-amigo

https://www.rdnews.com.br/policia/perfil-de-psicopatia-diz-delegado-sobre-menor-que-matou-jovem-trans/204474

https://www.gazetadigital.com.br/colunas-e-opiniao/fogo-cruzado/nunca-vi-nada-parecido-diz-delegado-sobre-morte-de-trans-em-mt/793849

https://agenciagbc.com/2024/12/20/jovem-trans-estrangulada-morta-facadas/

https://www.midianews.com.br/policia/menor-que-matou-trans-vestia-roupa-de-acougueiro-e-filmou-crime/484699

https://www.gazetadigital.com.br/editorias/policia/menor-usou-roupa-de-acougueiro-para-matar-trans-e-filmou-desferindo-facadas/793851

https://www.olharalerta.com.br/noticia/85137/adolescente-chamou-amigo-para-participar-de-homicidio-de-mulher-trans-de-agua-boa-e-enviou-imagens-do-crime

https://www.leiagora.com.br/noticia/165227/assassino-de-mulher-trans-morta-com-22-facadas-e-apreendido-criminoso-e-menor-de-idade

https://www.diariodecuiaba.com.br/cidades/adolescente-planejou-assassinato-de-mulher-transexual/698208

https://liberdadeab.com.br/noticia/10574/acao-criminosa-de-suspeito-que-matou-jovem-trans-em-agua-boa-impressionou-policiais-afirma-delegado/

https://phdnews.com.br/destaques/adolescente-que-matou-transexual-com-22-facadas-mandou-foto-do-corpo-para-amigo/

https://vejabemmt.com.br/adolescente-suspeito-de-matar-blogueira-trans-e-apreendido-pela-policia/

https://www.reportermt.com/policia/apos-matar-jovem-transexual-menor-mandou-imagens-do-crime-para-amigo/215662

https://minutomt.com.br/policia/menor-com-sinais-de-psicopatia-e-apreendido-apos-morte-de-trans/

https://www.folhamax.com/policia/garoto-que-matou-trans-usou-roupa-de-plastico-e-mandou-videos-para-amigo/470013

https://www.vgnoticias.com.br/policia/adolescente-que-assassinou-mulher-trans-viajou-de-ferias-com-a-familia-apos-o-crime-diz-delegado/125014

https://www.olhardireto.com.br/noticias/exibir.asp?id=546389&edt=25&noticia=adolescente-que-matou-jovem-trans-tirou-foto-do-corpo-e-fez-video-com-roupa-de-plastico-usada-para-nao-se-sujar&edicao=2

https://www.j1agora.com.br/noticia/45458/adolescente-suspeito-de-matar-jovem-trans-com-22-facadas-e-preso-em-mt

https://rededanoticia.com.br/menor-suspeito-de-matar-trans-com-22-facadas-e-apreendido-em-agua-boa-agiu-com-frieza/

https://momentomt.com.br/momento/assassinato-de-bianca-castyel-expoe-escalada-de-violencia-contra-mulheres-trans-em-mato-grosso/

https://liberdadeab.com.br/noticia/10573/operacao-descanse-em-paz-policia-civil-prende-responsavel-pela-morte-da-jovem-trans-bia-castyel/

https://www.pjc.mt.gov.br/w/pol%C3%ADcia-civil-cumpre-mandados-e-apreende-autor-de-homic%C3%ADdio-em-%C3%A1gua-boa

https://www.folhamax.com/policia/jovem-trans-foi-morta-por-garoto-apos-relacao-sexual-em-mt-delegado-cita-psicopatia/469978

https://olhardireto.com.br/noticias/exibir.asp?id=546370&noticia=policia-civil-apreende-adolescente-que-matou-jovem-trans-com-22-facadashttps://www.midianews.com.br/fogo-amigo/matou-trans/484710

https://www.olharalerta.com.br/noticia/85169/nunca-vi-nada-parecido-diz-delegado-de-agua-boa-sobre-morte-de-trans-de-agua-boa

https://web.archive.org/web/20241224193553/https://issoenoticia.com.br/nunca-vi-nada-parecido-diz-delegado-sobre-morte-de-trans-em-mt/

https://www.olharalerta.com.br/noticia/85141/menor-usou-roupa-de-acougueiro-para-matar-trans-e-filmou-desferindo-facadas-em-agua-boa

https://phdnews.com.br/destaques/adolescente-que-matou-transexual-com-22-facadas-e-apreendido/

https://g1.globo.com/mt/mato-grosso/video/adolescente-suspeito-de-matar-blogueira-trans-e-apreendido-em-mt-13203449.ghtml

https://pagina12.com.br/policia/2024/12/22/25742-adolescente-que-matou-blogueira-trans-apos-relacao-sexual-e-apreendido-pela-policia-civil-em-mt

https://g1.globo.com/mt/mato-grosso/noticia/2024/12/22/adolescente-suspeito-de-matar-blogueira-trans-e-apreendido-apos-viagem-de-ferias-com-a-familia-em-mt.ghtml

https://www.unicanews.com.br/policia/blogueira-trans-encontrada-em-quitinete-foi-estrangulada-e-morta-com-18-facadas/118591

https://olhardireto.com.br/noticias/exibir.asp?id=546354&noticia=cabeleireira-trans-foi-morta-com-22-facadas-no-tronco-pescoco-e-rosto-aponta-laudo-de-necropsia

https://www.folhamax.com/policia/cabeleireira-foi-morta-com-facadas-no-torax-e-na-cabeca/469896

https://www.olharalerta.com.br/noticia/85107/cabeleireira-trans-assassinada-em-agua-boa-era-bem-profissional-e-discreta-amigos-lamentam

https://www.unicanews.com.br/policia/blogueira-trans-e-encontrada-morta-com-golpes-de-faca-em-quitinete/118552

https://www.gazetadigital.com.br/video/67904

https://www.folhadoprogresso.com.br/blogueira-trans-e-encontrada-morta-com-golpes-de-faca-e-sinais-de-estrangulamento-em-quitinete-de-mt/

https://pagina12.com.br/policia/2024/12/20/25725-policia-encontra-corpo-de-blogueira-trans-bianca-com-perfuracoes-de-facas-em-quitinete-de-mt

https://www.leiagora.com.br/noticia/165155/influencer-trans-e-encontrada-morta-dentro-de-quitinete-em-cidade-de-mt

https://www.folhadoestado.com.br/policial/jovem-transexual-e-encontrada-morta-em-quitinete-em-agua-boa-policia-investiga/614474

https://www.hnt.com.br/cidades/trans-encontrada-morta-tinha-perfuracoes-no-corpo-e-estava-nua-na-cama/454919

https://www.folhamax.com/policia/blogueira-trans-foi-esfaqueada-18-vezes-e-estrangulada-em-quitinete/469742

https://www.metropoles.com/brasil/mulher-trans-e-morta-a-facadas-em-quitinete

https://www.hnt.com.br/policia/jovem-morta-em-agua-boa-tinha-22-perfuracoes-no-pescoco-e-rosto-diz-delegado/455185

https://www.cbncuiaba.com.br/2024/12/20/blogueira-trans-e-encontrada-morta-com-golpes-de-faca-e-sinais-de-estrangulamento-em-quitinete/

https://vejabemmt.com.br/blogueira-trans-e-encontrada-morta-com-sinais-de-estrangulamento-e-10-facadas-em-quitinete-em-mt/

https://phdnews.com.br/destaques/jovem-transexual-e-encontrada-morta-em-cima-da-cama/

https://olhardireto.com.br/noticias/exibir.asp?id=546248&noticia=blogueira-trans-assassinada-tinha-marcas-de-facadas-e-estrangulamento-vitima-foi-encontrada-nua

https://www.olharalerta.com.br/noticia/85078/muher-trans-e-esfaqueada-ate-a-morte-em-kitnet-de-agua-boa

https://jornaldebrasilia.com.br/nahorah/jovem-trans-e-encontrada-morta-com-sinais-de-violencia-em-mt/

https://www.vozmt.com.br/policial/jovem-de-20-anos-e-brutalmente-assassinada-com-22-facadas/

https://terramtdigital.com.br/policia/jovem-trans-de-20-anos-e-assssn4d-em-quitinete-em-mt/

https://www.candidonews.com.br/policia/jovem-trans-e-encontrada-morta-dentro-de-quitinete-no-interior-de-mt/37577

https://www.midiajur.com.br/geral/transexual-e-encontrada-morta-em-quitinete-em-mt/64188

https://www.correiobraziliense.com.br/cidades-df/2024/12/7016237-mulher-trans-e-assassinada-por-enforcamento-dentro-de-cela-na-papuda.html

https://cgn.inf.br/noticia/1715685/jovem-transexual-e-encontrada-morta-em-quitinete-policia-investiga-o-caso

https://www.estadaomatogrosso.com.br/policia/transsexual-e-encontrada-morta-com-sinais-de-violencia-em-quitinete-do-araguaia/105033

https://www.olhardireto.com.br/noticias/exibir.asp?id=546223&noticia=jovem-trans-de-20-anos-e-encontrada-morta-com-sinais-de-violencia-dentro-de-quitinete

https://www.midianews.com.br/policia/cabeleireira-trans-e-encontrada-morta-em-casa-no-interior-de-mt/484442

https://www.rdnews.com.br/policia/jovem-trans-de-20-anos-e-encontrada-morta-em-quitinete-em-agua-boa/204276

https://www.reportermt.com/policia/jovem-trans-e-encontrada-morta-dentro-de-quitinete/215561

https://hugogloss.uol.com.br/brasil/blogueira-trans-e-encontrada-morta-com-golpes-de-faca-e-sinais-de-estrangulamento-em-mt/

https://www.portaldoholanda.com.br/brasil/blogueira-e-encontrada-morta-com-sinais-de-violencia-dentro-de-quitinete

https://www.vgnoticias.com.br/policia/amigos-pedem-justica-apos-assassinato-de-blogueira-trans-em-mt/124950

https://diariodoestadogo.com.br/mulher-trans-e-brutalmente-assassinada-em-quitinete-caso-choca-a-comunidade-local/

https://180graus.com/plantao-policial/cabelereira-trans-e-morta-a-facadas-em-quitinete-no-mato-grosso/

https://www.semana7.com.br/policia/blogueira-trans-de-agua-boa-e-encontrada-morta-com-golpes-de-faca-e-sinais-de-estrangulamento/71784

https://odocumento.com.br/blogueira-trans-e-encontrada-morta-com-golpes-de-faca-e-sinais-de-estrangulamento/

https://www.folhamax.com/policia/jovem-trans-de-20-anos-e-assassinada-em-quitinete-em-mt/469644

https://www.gazetadigital.com.br/editorias/policia/mulher-trans-e-encontrada-morta-com-golpes-de-faca-em-casa/793427

https://esportesenoticias.com.br/transexual-de-20-anos-e-encontrada-morta-dentro-de-quitinete-em-cima-da-cama/

https://g1.globo.com/mt/mato-grosso/noticia/2024/12/19/blogueira-trans-e-encontrada-morta-com-golpes-de-faca-e-sinais-de-estrangulamento-em-quitinete-de-mt.ghtml

https://www.instagram.com/hugogloss/p/DDyADcEvWkV/

https://www.youtube.com/watch?v=FAlgL-tR1uI

https://www.youtube.com/watch?v=Lbny9zQgfRg","The body of Bianca Castyel was found with multiple stab wounds in her bedroom in Água Boa, Mato Grosso (Brazil) on 19 Dec 2024.

She was 20, and worked as a hairdresser. #SayHerName #TransLivesMatter #TDoR",https://tdor.translivesmatter.info/reports/2024/12/19/bianca-castyel-bia_agua-boa-mato-grosso-brazil_6ce2f70b
Pari Bibi,22,,,,20-Dec-2024,tgeu/tdor2025/20-Dec-2024/Pari Bibi,Shamaspura,Tandlianwala,Faisalabad,Punjab,Pakistan,31.032627,73.1214917,violence,poisoned,"Pari reportedly died after consuming a poisoned drink. According to police a man has been arrested.

> TOBA TEK SINGH: A transperson was allegedly murdered at Chak 421 GB Tandlianwala at Faisalabad on Friday.
> 
> Complainant Muhammad Munawar, a resident of Shamaspura locality of Tandlianwala, alleged in the first information report (FIR) that his trans sibling, Pari Bibi (22), was friends with Muhammad Naeem. Pari had gone to meet him in his village and they had some dispute.
> 
> Naeem administered poison to Pari in liquor and she died after consuming it. He added that Naeem brought Pari’s body to their house.
> 
> In a press release, CPO Kamran Adil claimed that the suspect had been arrested and the body of the deceased had been shifted to the Tandlianwala THQ Hospital for autopsy.

https://www.dawn.com/news/1880250/transperson-poisoned-to-death-by-friend","Pari Bibi reportedly died after consuming a poisoned drink in Faisalabad, Punjab (Pakistan) on 20 Dec 2024.

She was 22. #SayHerName #TransLivesMatter #TDoR",https://tdor.translivesmatter.info/reports/2024/12/20/pari-bibi_faisalabad-punjab-pakistan_1491ae53
Meka Shabazz,46,2-Oct-1978,2024_12_23_Meka-Shabazz.jpg,https://historianspeaks.org/blog/f/living-one-dance-at-a-time--meka-shabazz,23-Dec-2024,,,,Columbus,Ohio,USA,39.98257386,-82.99807462,suicide,suicide,"Meka died by suicide. She was an accomplished dancer, community activist, teacher, and mentor who taught Afro Caribbean dance and GED courses and actively mentored young people.

> In December, my friend Meka Shabazz died after [suicide method redacted].
> 
> Rates of suicide are disproportionately high for transgender people. According to a study published by the National Institutes of Health, ""41% of the transgender persons in the United States attempt for suicide at least once in their life.""
> 
> High rates of suicidality are not a symptom of being transgender. Rather, it is the difficulty of living in a threatening world that becomes too much weight to carry.
> 
> I have spent hours on the phone crying with people who loved her, danced with her and worked for justice with her.
> 
> She could be strong-willed and sometimes drive us crazy. But as we say at the United Methodist Church for All People, “No matter who you are or what you have done, you are a beloved child of God.”
> 
> Meka’s belovedness was wiped out.
> 
> **Our hatred killed her.**

> This hatred must stop.
> 
> I made an Instagram video making the same point — that we have to say ""enough"" to the hatred and division that kills people.
> 
> In response, I received a litany of hateful messages saying ""enough"" of people like me, calling transgender people sick and asking, “So what?” that Meka died.
> 
> Hatred kills.
> 
> Hatred results in the death of people like Meka.
> 
> Hatred tears up the person who is doing the hating.
> 
> Love can save others.
>
> Christmas marked the incarnation of God’s love into the world in Jesus the Christ.
> 
> I pray that this love will be born anew and that we can learn to recognize the belovedness of all people.
> 
> Hatred killed my friend. Enough.
> 
> It is time to come out of this darkness. Let us learn the truth that when we love instead of hate, we don’t only save the other, we save ourselves.  
> 
> Meka Shabazz's memorial service will take place at 1:30 p.m. Jan. 4 at the United Methodist Church for All People, 946 Parsons Ave. All are welcome to come and celebrate this beautiful life.
> 
> Rev. Dr. Joelle Henneman is pastor of United Methodist Church for All People. 


In [her blog](https://historianspeaks.org/blog/f/living-one-dance-at-a-time--meka-shabazz
) Meka wrote the following, which I think says a lot about her character:

> ""My message to all people going through a difficult time is to put on your big girl pants and humble yourself. At the peak of my success everything I worked so hard for was lost, but I persevered.
>
> ""To the LGBTQA community not everyone will be accepting of who you are. They may try to break you and harass you emotionally. Maintain yourself by keeping yourself polished. When mistreated as a result of gender discrimination, you must continue to believe in yourself. You must be persistent.""

<iframe width=""840"" height=""473"" src=""https://www.youtube.com/embed/wMnA2f5G9eo?si=90hWf55vk1SrFvlw"" title=""YouTube video player"" frameborder=""0"" allow=""accelerometer; autoplay; clipboard-write; encrypted-media; gyroscope; picture-in-picture; web-share"" referrerpolicy=""strict-origin-when-cross-origin"" allowfullscreen></iframe>

Meka's Instagram, Facebook and YouTube profiles are  https://www.instagram.com/mekamami5, https://www.facebook.com/malik.edmondson.75 and  https://www.youtube.com/channel/UC_zn1OMZFBvFOMZal6hGajA.

https://eu.dispatch.com/story/opinion/columns/guest/2025/01/03/meka-shabazz-columbus-ohio-transwoman-death-hate-suicide-republican-democrats/77407217007/

https://www.yahoo.com/news/hate-killed-beloved-friend-meka-105222918.html

https://historianspeaks.org/blog/f/living-one-dance-at-a-time--meka-shabazz

https://www.instagram.com/itzgoldie2u/p/DD8JduPz51J/

https://www.facebook.com/GodWillHearIsh/posts/pfbid02V62eEUw3hBYYKAqce1Xcc7bzoj6PD4tK3m6u81JdhjtSTzJesmT2an7pHo4cUtRzl

https://www.facebook.com/MaxxMarsico/posts/pfbid0243kcGApxQ2tov85ULLkw37cfFt46Qx3vDhGSbM9oTbcp7hpSRYaJrLgE3c4tTbNSl

https://www.facebook.com/biancacoal.cmh/posts/pfbid0vwGQqvqHnWEYJm3x3eKTuiP9HFmpf9GtSkBtbtKHGtKFPmex4mBsNhVeYMqjVdVFl

https://www.facebook.com/RebirthOfMzShabazz/posts/pfbid03147DZwYEhS4QYetnodS5YNSwLeHSwo1x48omUF2j3Cp36LJ91G5WzMoiHbJfEg9kl

https://www.facebook.com/cassie.c.collins/posts/pfbid09FW3rbhWkhv5YWcbfeEHjwVzL3wGhVL9i12LQsFMtfcpmKYPDFS1i5rNprcqqmd7l","Meka Shabazz died by suicide in Columbus, Ohio (USA) on 23 Dec 2024.

She was 46, and an accomplished dancer, community activist, teacher, and mentor. #SayHerName #TransLivesMatter #TDoR",https://tdor.translivesmatter.info/reports/2024/12/23/meka-shabazz_columbus-ohio-usa_24673fe7
"Roberta Guimarães da Silva (""Rogéria"")",,,2024_12_23_Roberta-Guimaraes-da-Silva.jpg,https://www.instagram.com/p/DD8WcU4PEIy/,23-Dec-2024,,"Condomínio Amazonas, Rua Estado do Rio",Bela Vista,Fortaleza,Ceará,Brazil,-3.751116302,-38.56595855,uncategorised,fell,"Roberta died after falling from an apartment. Her death is under investigation.

> On the morning of this Monday (23), Roberta Guimarães da Silva, known as Rogéria,, died after falling from an apartment in Condomínio Amazonas, located on Rua Estado do Rio, in the Bela Vista neighborhood, in Fortaleza. The incident occurred around 4:50 am and is being investigated by authorities. 
>
> According to preliminary reports from locals, the victim was at the scene with her husband, who said he had not heard any arguments during the early hours of the morning and only noticed his partner's absence when neighbors informed him of the incident, around 5:10 am, when residents were leaving for work.
>
> The Civil Police are awaiting the forensic report to clarify whether the fall was the result of suicide or a criminal act. Roberta's partner is being interviewed, and the case remains under investigation. 

https://www.instagram.com/p/DD8WcU4PEIy/","Roberta Guimarães da Silva died after falling from an apartment in Fortaleza, Ceará (Brazil) on 23 Dec 2024.

Her death is under investigation. #SayHerName #TransLivesMatter #TDoR",https://tdor.translivesmatter.info/reports/2024/12/23/roberta-guimaraes-da-silva_fortaleza-ceara-brazil_6deaa9a4
Thayla Aylla,24,,2024_12_23_Thayla-Aylla.jpg,https://imediatoonline.com/policia/corpo-de-mulher-trans-e-encontrado-na-regiao-do-zero-km-em-varzea-grande/,23-Dec-2024,tgeu/tdor2025/23-Dec-2024/Thayla Aylla,,,Várzea Grande,Mato Grosso,Brazil,-15.6397497,-56.1267469,violence,stabbed,"Thayla's body was found dumped in undergrowth on Monday 23rd December. She had been missing for three days.

> The body of [trans woman] Thayla Aylla, 24, was found in a thicket on Monday afternoon (23), in the Zero KM region, in Várzea Grande (MT). The causes of death are still being investigated, but according to the police, the victim had signs of strangulation.
> 
> The young woman had been missing since last Friday (20), when she left with a friend to go to a party in the Nova Switzerland neighborhood and since then she has not been heard from again.
> 
> Due to the lack of information about the victim, a relative of Thayla contacted the Civil Police's Missing Persons Unit, which began the search for the young woman.
> 
> On Monday, a resident who was passing through the region, near a distributor, found Thayla's body and called the police.
> 
> At the scene, the Official Expertise and Identification (Politec) and Civil Police teams found the body and identified that it belonged to the missing young woman.

https://www.msn.com/en-us/news/world/trans-model-who-vanished-on-way-to-friend-s-party-found-strangled-and-stabbed-to-death/ar-AA1xrwRe

https://agenciacenarium.com.br/saiba-quem-e-amazonense-trans-encontrada-morta-em-mato-grosso/

https://jornalpequeno.com.br/2024/12/25/mulher-trans-amazonense-que-estava-desaparecida-e-achada-morta-em-mt/

https://www.nortaoonline.com/noticias/corpo-de-trans-e-encontrado-em-matagal-na-regiao-do-zero-km-31837

https://cm7brasil.com/noticias/policia/saiba-quem-era-thayla-aylla-a-trans-amazonense-que-foi-brut4lm3nte-ass4ss1nada-no-mato-grosso/

https://d24am.com/policia/mulher-trans-amazonense-que-estava-desaparecida-e-achada-morta-em-mt/

https://portaltucuma.com.br/mulher-trans-de-manaus-e-brutalmente-assassinada-no-mato-grosso-sl23/

https://terramtdigital.com.br/policia/crp0-de-jovem-trans-dsap4recd4-e-enc0ntr4do-em-area-de-m4t-em-vg/

https://emtempo.com.br/358793/policia/mulher-trans-amazonense-que-estava-desaparecida-e-encontrada-morta-no-mt/

https://redeondadigital.com.br/policia/mulher-trans-amazonense-e-encontrada-morta-no-mt/

https://ampost.com.br/policia/mulher-trans-de-manaus-e-encontrada-morta-no-mato-grosso/

https://www.portaldoholanda.com.br/amazonas/mulher-trans-amazonense-desaparecida-e-encontrada-morta-em-mato-grosso

https://www.semana7.com.br/policia/apos-72h-corpo-de-jovem-trans-e-encontrado-em-matagal-em-vg/71865

https://portalvoce.com/mulher-trans-do-amazonas-e-encontrada-morta-em-mt/

https://revistacenarium.com.br/saiba-quem-e-amazonense-trans-encontrada-morta-em-mato-grosso/

https://www.reportermt.com/policia/policia-suspeita-que-trans-encontrada-em-matagal-tenha-sido-morta-por-cliente-apos-programa/215703

https://www.folhadoestado.com.br/policial/trans-encontrada-em-matagal-pode-ter-sido-morta-por-cliente-apos-programa/614635

https://msktv.com.br/mulher-trans-amazonense-e-encontrada-morta-com-sinais-de-estrangulamento/

https://noticias.r7.com/amazonas/amazonas-record/amazonense-trans-foi-encontrada-morta-apos-programa-em-mato-grosso-26122024/

https://noticias.r7.com/amazonas/balanco-geral-manaus/mulher-trans-amazonense-foi-encontrada-morta-em-mt-apos-encontro-com-cliente-26122024/

https://colidernews.com.br/noticias/leitura/35842/policia-suspeita-que-trans-encontrada-em-matagal-tenha-sido-morta-por-cliente-apos-programa

https://www.cbnrecife.com/artigo/mulher-trans-e-morta-a-facadas-dentro-de-centro-de-acolhimento-no-cabo-de-santo-agostinho

https://amazonas1.com.br/corpo-de-mulher-trans-do-am-e-encontrado-no-mt/

https://marechalnews.com.br/noticia/144167/corpo-de-jovem-transexual-e-encontrado-com-sinais-de-estrangulamento-em-matagal

https://cgn.inf.br/noticia/1718777/corpo-de-jovem-transexual-e-encontrado-com-sinais-de-estrangulamento-em-matagal

https://imediatoonline.com/policia/corpo-de-mulher-trans-e-encontrado-na-regiao-do-zero-km-em-varzea-grande/

https://www.reportermt.com/policia/corpo-de-trans-e-encontrado-em-matagal-na-regiao-do-zero-km/215693

https://www.folhadoestado.com.br/policial/corpo-de-trans-desaparecida-e-encontrado-em-matagal-em-varzea-grande/614599

https://www.hnt.com.br/cidades/corpo-de-jovem-trans-desaparecida-e-encontrado-em-area-de-mata-em-vg/455454

https://www.folhamax.com/policia/jovem-trans-que-estava-sumida-foi-degolada-e-desovada-nua-em-matagal/470093

https://www.vgnoticias.com.br/policia/corpo-de-mulher-trans-e-encontrado-na-regiao-do-zero-km-em-vg/125053

https://www.midiajur.com.br/geral/apos-3-dias-desaparecida-jovem-trans-e-encontrada-morta-no-zero-km-em-vg/64300

https://lapadalapada.com.br/2024/12/23/corpo-de-jovem-trans-e-encontrado-na-regiao-do-zero-km-em-varzea-grande/

https://www.folhamax.com/policia/apos-3-dias-desaparecida-jovem-trans-e-achada-morta-em-vg/470093

https://www.estadaomatogrosso.com.br/policia/trans-que-desapareceu-apos-sair-para-festa-e-encontrada-morta-no-zero-km-em-vg/105220

https://esportesenoticias.com.br/corpo-de-mulher-trans-e-localizado-nos-fundo-de-distribuidora-no-zero-km/

https://web.archive.org/web/20241224084502/https://www.pagina1.com.br/noticia/jovem-trans-some-apos-entrar-em-carro-de-cliente-em-vg

https://www.hnt.com.br/cidades/corpo-de-jovem-trans-desaparecida-e-encontrado-em-area-de-mata-em-vg/455454

https://www.folhamax.com/policia/jovem-trans-que-estava-sumida-foi-degolada-e-desovada-nua-em-matagal/470093


https://primeirapagina.com.br/seguranca/mulher-trans-assassinada-em-cuiaba-e-a-4a-vitima-recente-este-ano/

https://www.gazetadigital.com.br/editorias/policia/trans-pode-ter-sido-morta-por-cliente-pescoco-tinha-cortes/793855

https://www.midianews.com.br/cotidiano/nas-redes-amigos-lamentam-e-pedem-justica-por-jovem-morta/484691

https://www.olhardireto.com.br/noticias/exibir.asp?id=546464&edt=25&noticia=morte-de-jovem-trans-gera-comocao-nas-redes-sociais-amigos-clamam-por-justica

https://odocumento.com.br/corpo-de-trans-e-encontrado-em-matagal-do-em-varzea-grande-apos-72-horas/

https://www.folhamax.com/policia/pc-suspeita-que-jovem-trans-foi-morta-por-cliente-apos-programa-sexual/470137

https://www.ftnbrasil.com.br/policia/jovem-que-estava-desaparecida-e-encontrada-morta-em-matagal-na-regiao-do-zero-km/50921

https://www.noticiamax.com.br/policia/trans-que-estava-desaparecida-e-encontrada-morta-em-matagal-na-regiao-do-zero-km/165221

https://phdnews.com.br/destaques/jovem-transexual-e-encontrada-morta-em-terreno-baldio-apos-sair-de-festa/

https://www.rdnews.com.br/policia/jovem-trans-e-encontrada-morta-tres-dias-apos-sair-para-programa/204440

https://www.leiagora.com.br/noticia/165281/corpo-de-mulher-trans-e-encontrado-com-vestigios-de-morte-violenta-caso-e-investigado

https://www.hnt.com.br/cidades/morte-de-jovem-trans-em-varzea-grande-causa-comocao-nas-redes-sociais/455505

https://jbnews.com.br/corpo-de-jovem-trans-e-encontrado-em-matagal-de-vg-apos-72-horas-desaparecida/

https://www.valedojaurunoticias.com.br/noticia/apos-72h-corpo-de-trans-e-encontrado-em-matagal-do-zero-km-em-vg

https://ampost.com.br/policia/mulher-trans-de-manaus-e-encontrada-morta-no-mato-grosso/

https://www.olhardireto.com.br/noticias/exibir.asp?id=546437&noticia=corpo-de-jovem-transexual-desaparecida-e-encontrado-em-terreno-baldio&edicao=3

https://vejabemmt.com.br/trans-que-estava-desaparecida-e-encontrada-morta-em-matagal/

https://www.midianews.com.br/amp/policia/484679

https://www.folhadoestado.com.br/policial/corpo-de-trans-desaparecida-e-encontrado-em-matagal-em-varzea-grande/614599

https://www.vgnoticias.com.br/policia/corpo-de-mulher-trans-e-encontrado-na-regiao-do-zero-km-em-vg/125053

https://www.gazetadigital.com.br/editorias/policia/jovem-trans-some-apos-entrar-em-carro-de-cliente-no-zero-em-vg/793763

https://esportesenoticias.com.br/corpo-de-mulher-trans-e-localizado-nos-fundo-de-distribuidora-no-zero-km/

https://www.estadaomatogrosso.com.br/policia/trans-que-desapareceu-apos-sair-para-festa-e-encontrada-morta-no-zero-km-em-vg/105220

https://lapadalapada.com.br/2024/12/23/corpo-de-jovem-trans-e-encontrado-na-regiao-do-zero-km-em-varzea-grande/

https://www.folhamax.com/policia/apos-3-dias-desaparecida-jovem-trans-e-achada-morta-em-vg/470093

https://www.midiajur.com.br/geral/apos-3-dias-desaparecida-jovem-trans-e-encontrada-morta-no-zero-km-em-vg/64300","The body of Thayla Aylla was found dumped in undergrowth in Várzea Grande, Mato Grosso (Brazil) on 23 Dec 2024.

She was 24 and had been missing for three days. #SayHerName #TransLivesMatter #TDoR",https://tdor.translivesmatter.info/reports/2024/12/23/thayla-aylla_varzea-grande-mato-grosso-brazil_bca4da81
Anjali,32,,,,25-Dec-2024,tgeu/tdor2025/25-Dec-2024/Anjali,,,Dijkot,Punjab,Pakistan,31.2164143,72.9860081,violence,strangled,"Anjali's body was found dumped near a bypass. A suspect was subsequently arrested and confessed to her murder.

> Unidentified suspects strangulated a trans person in the area of Saddar police station on Wednesday.
> 
> The body was found lying on the roadside and the citizens reported to the police. The police took the body into custody and shifted it to the hospital.
> 
> Faisalabad CPO DIG Kamran Adil issued orders to arrest the accused while seeking a report from SP Iqbal Town on the incident of killing of eunuch. According to a police spokesperson, the dead body of 32-year-old trans person [deadname] alias Anjali, a resident of Chak 229 RB, was found in Saddar police station area.
> 
> The killers had thrown the body near Makwana bypass and escaped. Seeing the body, the citizens informed the police.

*[Editor's Note: The victim's name is given as ""Anjali"" in the initial report, but ""Anjli"" in a subsequent report.]*

https://tribune.com.pk/story/2520064/man-arrested-for-choking-transperson-to-death

https://tribune.com.pk/story/2518257/transgender-person-strangulated-to-death","Anjali's body was found dumped near a bypass in Dijkot, Punjab (Pakistan) on 25 Dec 2024.

She was 32. #SayHerName #TransLivesMatter #TDoR",https://tdor.translivesmatter.info/reports/2024/12/25/anjali_dijkot-punjab-pakistan_87f5ff62
Mirella Albuquerque,21,,2024_12_25_Mirella-Albuquerque.jpg,https://jc.ne10.uol.com.br/colunas/seguranca/2024/12/26/mulher-trans-e-morta-a-facadas-em-casa-de-acolhimento-no-grande-recife.html,25-Dec-2024,tgeu/tdor2025/25-Dec-2024/Mirella Albuquerque,,Santo Inácio,Cabo de Santo Agostinho,Pernambuco,Brazil,-8.2809012,-35.2434969,violence,stabbed,"Mirella was stabbed in the drug rehab centre where she was undertaking vocational training courses as a step towards rebuilding her life.

> A trans woman was stabbed to death in a shelter in Cabo de Santo Agostinho, in Greater Recife, this Wednesday (25). The suspect of the crime, who was also hospitalized in the unit, managed to escape before the police arrived. 
> 
> The victim was identified as Mirella Albuquerque, 21 years old. She had been hospitalized for four months in the social assistance center linked to the Atitude program, aimed at treating drug users, under the responsibility of the state government. 
> 
> Few details were released about the crime. In a statement, the State Secretariat for Social Assistance, Fight Against Hunger and Drug Policies said only that it had called SAMU and the police to provide assistance to the woman. ""The victim was pronounced dead at the scene and the suspect, also taken into care at the center, threatened the team and managed to escape before the police forces arrived,"" the text said.
> 
> The state department did not say whether the trans woman and the suspect had any relationship. The Civil Police of Pernambuco was asked whether the case is being treated as a femicide, but did not respond.
> 
> On the morning of this Thursday (26), family members were at the Institute of Legal Medicine (IML), in the Santo Amaro neighborhood, central area of Recife, to release the body. 
> 
> They told the TV Jornal team that Mirella had little contact with her family in recent months because of her addiction treatment. She only left the unit once or twice a month, always accompanied by a social worker. During this time, she began vocational training courses, such as nursing technician, to try to change her life. 
> 
> The State Secretariat for Social Assistance, Combating Hunger and Drug Policies stated that it ""deeply regrets what happened and clarifies that it is providing support to the host family, as well as the team that continues to provide support to the people served at the unit. ""

Mirella's killer was arrested in February 2025. Reportedly he killed her because she told others of their relationship.

https://g1.globo.com/pe/pernambuco/noticia/2025/02/04/homem-e-preso-por-matar-mulher-trans-a-facadas-em-abrigo-para-dependentes-quimicos-depois-que-ela-divulgou-que-fez-sexo-com-ele.ghtml

https://www.diariodepernambuco.com.br/noticia/vidaurbana/2025/02/homem-que-matou-mulher-trans-a-facadas-no-cabo-e-preso.html

https://www.folhape.com.br/noticias/preso-suspeito-mulher-trans/389074/

https://www.leiaja.com/noticias/2025/02/04/homem-e-preso-suspeito-de-matar-mulher-em-casa-de-apoio-trans-no-cabo/

https://sulbahia1.com.br/noticia/3488/mulher-trans-e-morta-a-facadas-em-centro-de-acolhimento-em-pernambuco

https://www.portaldoholanda.com.br/brasil/mulher-trans-e-morta-facadas-dentro-de-centro-de-acolhimento

https://ohoje.com/2024/12/27/mulher-trans-e-morta-a-facadas-em-centro-de-acolhimento-no-recife/

https://www.fatimanews.com.br/policial/mulher-trans-e-morta-a-facadas-em-centro-de-acolhimento/229519/

https://www.cnnbrasil.com.br/nacional/nordeste/pe/mulher-trans-e-morta-a-facadas-em-centro-de-acolhimento-em-pernambuco/

https://tribunadomoxoto.com/novosite/no-cabo-mulher-trans-e-morta-a-facadas-dentro-de-casa-de-acolhimento-suspeito-fugiu-do-local/

https://www.leiaja.com/noticias/2024/12/26/mulher-trans-e-morta-em-centro-de-apoio-a-dependentes-quimicos-no-cabo-de-santo-agostinho/

https://g1.globo.com/pe/pernambuco/noticia/2024/12/26/mulher-trans-e-morta-a-facadas-dentro-de-casa-de-acolhimento-no-grande-recife-suspeito-fugiu-do-local.ghtml

https://jc.ne10.uol.com.br/colunas/seguranca/2024/12/26/mulher-trans-e-morta-a-facadas-em-casa-de-acolhimento-no-grande-recife.html

https://www.diariodepernambuco.com.br/noticia/vidaurbana/2024/12/jovem-trans-e-morta-a-facadas-dentro-de-centro-de-assistencia-no-cabo.html

https://www.bnews.com.br/noticias/nordeste/mulher-trans-e-morta-facadas-em-casa-de-acolhimento-saiba-detalhes.html

https://tribunaonline.com.br/pernambuco/policia/mulher-trans-e-morta-em-casa-de-acolhimento-no-cabo-de-santo-agostinho-214479?home=esp%C3%ADrito+santo

https://www.tvguararapes.com.br/jornalismo/mulher-trans-e-morta-a-facadas-em-centro-de-assistencia-social-no-cabo-de-santo-agostin

https://www.pernambuco.com/noticia/ultimas/2024/12/jovem-trans-e-morta-a-facadas-dentro-de-centro-de-assistencia-no-cabo.html

https://g1.globo.com/pe/pernambuco/video/mulher-trans-e-morta-a-facadas-dentro-de-centro-de-acolhimento-no-grande-recife-13212231.ghtml","Mirella Albuquerque was stabbed in a drug rehab centre in Cabo de Santo Agostinho, Pernambuco (Brazil) on 25 Dec 2024.

She was 21, and was undertaking vocational training courses there. #SayHerName #TransLivesMatter #TDoR",https://tdor.translivesmatter.info/reports/2024/12/25/mirella-albuquerque_cabo-de-santo-agostinho-pernambuco-brazil_1b95d935
River Trevino,32,27-May-1992,2024_12_27_River-Trevino.jpg,https://www.chapelofthelight.com/obituaries/Samantha-River-Trevino/,27-Dec-2024,,,,Portland,Oregon,USA,45.5428365,-122.8191957,suicide,suicide,"River died by suicide. Very little is known about River, as most of their obituary consists just of names of related family members.

What little there is about River themselves is reproduced below:

> Born on May 27th 1992 in Fresno Ca. and passed away on December 27th 2024 in Portland Oregon.
>
> “River” will be missed dearly for their beautiful smile, contagious laugh and spunky attitude. River loved art, gaming, Star Wars, and family. “I am me.”

Source: email

https://www.chapelofthelight.com/obituaries/Samantha-River-Trevino/

https://www.echovita.com/us/obituaries/or/portland/samantha-giovanni-trevino-19094398","River Trevino died by suicide in Portland, Oregon (USA) on 27 Dec 2025.

They were 32. #SayTheirName #TransLivesMatter #TDoR",https://tdor.translivesmatter.info/reports/2024/12/27/river-trevino_portland-oregon-usa_92f0fbc0
Ganga Kinnar,,,2024_12_29_Ganga-Kinnar.jpg,https://www.youtube.com/watch?v=9U_Siu3JTXY,29-Dec-2024,tgeu/tdor2025/29-Dec-2024/Ganga Kinnar,,Ghazipur,Varanasi,Uttar Praddesh,India,25.5746861,83.5299958,violence,shot,"Ganga was shot dead in a clothes shop in a market in broad daylight. She was reportedly a YouTuber, and this was not the first time she had been targeted.

> A YouTuber Ganga Kinnar, also known as [deadname], was shot dead in broad daylight on Sunday, December 29 at Nandganj Market Uttar Pradesh's Ghazipur district. According to reports, unknown assailants shot [her] in the head while [she] was shopping for clothes at a local store.
> 
> Upon receiving the information, police arrived at the scene, questioned witnesses, and examined CCTV footage in an effort to gather evidence. The incident took place at a cloth shop near Chochakpur turn in the Nandganj market, where the assailants shot Ganga Kinnar and fled the scene.
> 
> [Deaname], also known as Ganga Kinnar, was a 25-year-old resident of Barhapur village. [She] had arrived at the Nandganj market in his Scorpio vehicle on Sunday to buy clothes. It is reported that the attackers targeted [her] m and shot [her] in the head, resulting in [her] death.
> 
> Assistant Superintendent of Police (ASP) Gyanendra Nath Prasad said that a miscreant fired at Ganga Kinnar and fled the location. The victim's family has been informed, and the police are awaiting a formal complaint to proceed with further action.
> 
> This is not the first time Ganga Kinnar was targeted. On 8 January 2024, unknown assailants had previously attempted to kill [her] in a similar manner, though the miscreant in that case was arrested.

https://www.etvbharat.com/hi/!state/ganga-kinnar-shot-dead-in-ghazipur-crime-news-uttar-pradesh-news-ups24122903157

https://www.latestly.com/socially/india/news/ghazipur-transgender-shot-dead-in-broad-daylight-police-responds-disturbing-image-surfaces-6526609.html

https://timesofindia.indiatimes.com/city/varanasi/transgender-shot-dead/articleshow/116775839.cms

https://www.lokmattimes.com/national/ghazipur-murder-youtuber-ganga-kinnar-shot-dead-by-unidentified-miscreants-at-nandganj-market-in-up-watch-video-a517/

https://www.uptak.in/neighbouring-news/story/when-ganga-kinnar-was-shot-in-ghazipur-fellow-eunuchs-became-completely-naked-and-created-ruckus-on-the-road-video-goes-viral-3153107-2024-12-29

https://newstrack.com/uttar-pradesh/ghazipur/harsh-upadhyay-alias-ganga-kinnar-killed-in-firing-in-nandganj-police-station-up-crime-news-487425

https://www.non-stop-reality.fr/influenceurs/youtube-influenceurs/meurtre-a-ghazipur-ganga-kinnar-youtuber-abattu-au-marche-de-nandganj-video-a-decouvrir-4641

https://www.bhaskar.com/local/uttar-pradesh/ghazipur/news/ganga-kinnar-was-shot-for-the-second-time-in-a-year-134207839.html

https://www.youtube.com/watch?v=A6R2v503HnU","Ganga Kinnar was shot dead in a clothes shop in a market in broad daylight in Varanasi, Uttar Pradesh (India) on 29 Dec 2024.

She was reportedly a YouTuber, and this was not the first time she had been targeted. #SayHerName #TransLivesMatter #TDoR",https://tdor.translivesmatter.info/reports/2024/12/29/ganga-kinnar_varanasi-uttar-praddesh-india_867d0dee
Jota Nogueira Oliveira,30,,,,29-Dec-2024,tgeu/tdor2025/29-Dec-2024/Jota Nogueira Oliveira,"Churrascaria Ponto K, Avenida Margarita",,Manaus,Amazonas,Brazil,-3.0000545,-59.9953341,violence,strangled,"Jota's body was found in undergrowth in an abandoned lot behind a barbeque restaurant.

> Manaus – On the afternoon of this Sunday (29), a trans woman was murdered, in an abandoned lot on Avenida Margarita, in the Monte das Oliveiras neighborhood in the north of Manaus.
> 
> At the scene, police found the body of a person thrown next to a tree, in a wooded area and with signs of aggression.
> 
> The victim, preliminarily identified as Jota Nogueira Oliveira, was found wearing women's clothing, with bruises and marks suggesting violence, including neck injuries, as well as signs of rigor mortis.
> 
> The Legal Medical Institute (IML) removed the body to the morgue.

https://goio.news/noticias/1817/42930/assassinato-brutal-mulher-trans-e-encontrada-morta-em-area-de-mata

https://diariodaamazonia.com.br/noticia/17/412091/mulher-trans-e-encontrada-morta-nos-fundos-de-churrascaria

https://cgn.inf.br/noticia/1723197/assassinato-brutal-mulher-trans-e-encontrada-morta-em-area-de-mata

https://cm7brasil.com/noticias/policia/mulher-trans-conhecida-como-jotae-encontrada-morta-no-monte-das-oliveiras-veja-video/

https://portaltucuma.com.br/travesti-estaria-fazendo-sexo-com-assassino-antes-de-ser-estrangulado-ate-a-morte-em-manaus-mf18/

https://ampost.com.br/policia/mulher-trans-e-encontrada-morta-nos-fundos-de-churrascaria-em-manaus/

https://marioadolfo.com/travesti-e-achada-estranguladanos-fundos-de-churrascariaem-manaus-veja/

https://emtempo.com.br/359389/policia/mulher-trans-e-encontrada-morta-com-sinais-de-estrangulamento-em-manaus/

https://www.portaldoholanda.com.br/policial/travesti-e-encontrado-estrangulado-nos-fundos-do-terreno-de-churrascaria-em-manaus

https://noticias.r7.com/amazonas/balanco-geral-manaus/travesti-e-encontrada-morta-em-terreno-baldio-02012025/

https://www.riosdenoticias.com.br/mulher-trans-e-encontrada-morta-com-sinais-de-agressao-no-monte-das-oliveiras-em-manaus/

https://barelandia.com.br/policia/mulher-trans-e-encontrada-morta-no-bairro-monte-das-oliveiras/

https://radaramazonico.com.br/mulher-trans-e-encontrada-morta-nos-fundos-de-churrascaria-no-monte-das-oliveiras/

https://redeondadigital.com.br/policia/travesti-morta-estrangulamento-monte-das-oliveiras-manaus/

https://msktv.com.br/veja-travesti-e-estrangulada-ate-a-morte-em-terreno-no-monte-das-oliveiras/

https://portaltucuma.com.br/video-travesti-e-estrangulado-ate-a-morte-em-manaus-mf18/

https://www.portalmarcossantos.com.br/2024/12/29/travesti-e-encontrada-estrangulada-nos-fundos-de-churrascaria-no-monte-das-oliveiras/

https://imediatoonline.com/policia/mulher-trans-e-encontrada-morta-em-area-deserta-no-monte-das-oliveiras/

https://d24am.com/policia/mulher-trans-e-encontrada-morta-nos-fundos-de-churrascaria-em-manaus/

https://www.youtube.com/watch?v=wKarBtDEQ2k","The body of Jota Nogueira Oliveira was found in undergrowth in an abandoned lot behind a barbeque restaurant in Manaus, Amazonas (Brazil) on 29 Dec 2024.

She was 30. #SayHerName #TransLivesMatter #TDoR",https://tdor.translivesmatter.info/reports/2024/12/29/jota-nogueira-oliveira_manaus-amazonas-brazil_bec431aa
Micaela Arévalo,22,,2024_12_29_Micaela-Arevalo.jpg,https://www.eldiariodelaregion.com.ar/articulo/travesticidio-de-micaela-arevalo-reclaman-declarar-emergencia-social-por-la-violencia-a-la-poblacion-travesti-trans/,29-Dec-2024,tgeu/tdor2025/29-Dec-2024/Micaela Arévalo,Avenida Mozart and Calle Guido,Villa Luján,Quilmes Oeste,Buenos Aires,Argentina,-34.7216312,-58.2410614,violence,throat cut,"Micaela died after being stabbed in the neck and chest with the edge of a broken bottle by a teenage boy. A 15 year-old was subsequently arrested.

> A tragic episode shook the southern area of Greater Buenos Aires on Sunday night, when a trans woman was [stabbed in the neck] in a street fight. The authorities arrested a 15-year-old teenager, who is presumed to have used the edge of a vodka bottle to carry out the attack. The judicial authorities rule out robbery as a motive for the murder and are working to clarify the causes of the dispute.
> 
> The violent incident occurred at the intersection of Avenida Mozart and Calle Guido. Judicial spokesmen reported that the victim and the minor involved engaged in an altercation, during which the young man attacked the trans woman and subsequently fled the scene. Minutes later, officers from the Patrol Command went to the scene after receiving a call to 911 alerting them about the fight.
> 
> Upon arrival, the officers found the victim's body lying on the sidewalk, surrounded by blood stains. Forensic experts confirmed that the woman had a deep wound in the neck, as well as cuts in the thoracic area. At the scene, remains of a vodka bottle were found that had been used as a weapon.
> 
> Based on images obtained from security cameras in the area, investigators were able to identify and arrest the suspect at the corner of calles Moreno and Rivadavia, a well-known predestrianised commercial area. According to reports, the young man arrested is currently homeless. By legal provision, his identity has not been disclosed.
> 
> Although the identity of the victim and the origin of the conflict are unknown, the authorities believe that the teenager knew the trans woman. The Juvenile Criminal Responsibility Prosecutor's Office No. 1 of the jurisdiction is involved in the case, which has been preliminarily classified as ""Homicide.""
> 
> The case has caused consternation and reflection in the community due to the violence involved and the young age of the alleged aggressor. Investigations are continuing to determine the exact circumstances of the incident and the possible background between the parties involved.

https://www.cronica.com.ar/fmq/noticias-locales/Macabro-asesinato-de-una-mujer-trans-un-menor-de-15-anos-fue-detenido-20241230-0008.html

https://www.eltribuno.com/policiales/2024-12-30-14-50-0-detuvieron-a-un-menor-de-15-anos-por-el-crimen-de-una-mujer-trans-en-quilmes

https://www.infobae.com/sociedad/policiales/2024/12/30/brutal-travesticidio-en-quilmes-le-cortaron-la-garganta-y-detuvieron-a-un-chico-de-15-por-el-crimen/

https://www.quepasasalta.com.ar/policiales/le-quitaron-la-vida-de-la-peor-manera-a-un-mujer-trans-detuvieron-a-un-nene-de-15-anos/

https://www.infoquilmes.com.ar/noticias/53383-adolescente-asesino-a-punaladas-a-mujer-trans/

https://lanoticiadequilmes.com.ar/nota.php?id_noticia=11770

https://noticiasargentinas.com/sociedad/detuvieron-a-un-menor-de-15-anos-por-el-crimen-de-una-mujer-trans-en-quilmes_a6772ce3a66d9b9688bb4aeea

https://www.eldia.com/nota/2024-12-30-12-20-0-brutal-asesinato-de-una-persona-trans-en-quilmes-detienen-a-un-menor-quilmes

https://www.nuevodiarioweb.com.ar/policiales/trans-murio-degollada-con-una-botella-de-vodka-el-unico-detenido-tiene-15-anos.htm

https://andigital.com.ar/nota/129335/un-menor-de-15-anos-fue-detenido-por-el-crimen-de-una-mujer-trans-en-quilmes/

https://www.mendozapost.com/policiales/una-pelea-callejera-se-llevo-la-vida-de-una-mujer-trans/

https://www.cronica.com.ar/liveblogs/Cronica-Policiales-en-vivo-mujer-trans-degollada-por-un-pibe-de-15-anos-policia-que-trabajaba-de-remisero-fue-baleado-por-dos-menores-y-todos-los-casos-de-hoy-lb202412300001.html","Micaela Arévalo died after being stabbed in the neck and chest with the edge of a broken bottle by a teenage boy in Quilmes Oeste, Buenos Aires (Argentina) on 29 Dec 2024.

She was 22. #SayHerName #TransLivesMatter #TDoR",https://tdor.translivesmatter.info/reports/2024/12/29/micaela-arevalo_quilmes-oeste-buenos-aires-argentina_12acddd8
Rafaela de Sousa Oliveira,,,,,29-Dec-2024,tgeu/tdor2025/29-Dec-2024/Rafaela de Sousa Oliveira,,Grande Santa Maria da Codipi,Teresina,Piauí,Brazil,-4.987998,-42.8451224,violence,shot,"Rafaela was one of two people (the other being a cisgender man) whose bodies were found with gunshot wounds in a vacant lot in the Monte Verde neighborhood.

Her home had also been ransacked and robbed.

> A trans woman known as Rafaela is one of the victims found yesterday (29) in a vacant lot in the Monte Verde neighborhood, East of Teresina. The body was identified by her family yesterday (29), around 11 pm, at the Forensic Medical Institute. The bodies of Rafaela and a man, who remains unidentified, were found decomposing late yesterday afternoon by locals in a vacant lot used to dispose of garbage in the region. 
> 
> According to the family, Rafaela worked as a daily cleaner and lived in an apartment provided by the family. Teams from the Homicide and Personal Protection Department (DHPP) went to the apartment where she lived and found her belongings ransacked. The victim's family reported that household appliances and electronic devices were missing.
> 
> Rafaela and the other victim were executed with shots to the head, and the man's hands were tied behind his back. According to police chief Francisco Costa Barreta, the bodies were close together. The press has received information that the two victims had their eyes gouged out, but the police are waiting for the autopsy report from the Forensic Medical Institute, which will determine this information.
> 
> ""The two bodies were found in a place that was used as a garbage dump by the population. Animals, such as vultures, were seen there, and this type of injury could have been caused by the action of animals. So we need to wait for the IML to determine if this happened,"" he determined.

https://www.meionews.com/piaui/jovens-teriam-furtado-objetos-em-apartamento-de-mulher-trans-antes-de-assassinato-517019

https://www.gp1.com.br/blog/brunno-suenio/2024/12/31/divida-com-agiota-pode-ter-motivado-morte-de-mulher-trans-em-teresina-403487.html

https://www.jtnews.com.br/noticias/divida-com-agiota-pode-ter-motivado-morte-de-mulher-trans-em-teresina-20282.html

https://www.jtnews.com.br/noticias/divida-com-agiota-pode-ter-motivado-morte-de-mulher-trans-em-teresina-20282.html

https://piauihoje.com/noticias/policia/mulher-encontrada-morta-na-zona-norte-de-teresina-comercializava-drogas-431963.html

https://180graus.com/ronda-180/nucleo-de-feminicidio-assume-investigacao-da-morte-de-mulher-trans-em-teresina/

https://www.gp1.com.br/pi/piaui/noticia/2024/12/30/nucleo-de-feminicidio-assume-investigacao-da-morte-de-mulher-trans-em-teresina-584551.html

https://g1.globo.com/pi/piaui/noticia/2024/12/30/dois-corpos-em-estado-de-decomposicao-sao-encontrados-na-zona-norte-de-teresina.ghtml

https://cidadeverde.com/noticias/427166/mulher-trans-e-uma-das-vitimas-executadas-a-tiros-em-lixao-no-monte-verde-na-zona-norte-de-teresina

https://www.gp1.com.br/pi/piaui/noticia/2024/12/30/dhpp-registra-tres-assassinatos-no-intervalo-de-10-horas-em-teresina-584537.html

https://portalodia.com/index.php/noticias/teresina/mulher-trans-e-homem-sao-encontrados-mortos-em-estrada-de-terra-no-conviver-zona-norte-de-teresina-426530.html

https://tonomural.com.br/noticia/6292/mulher-trans-e-uma-das-vitimas-executadas-a-tiros-em-lixao-no-monte-verde-na-zona-norte-de-teresina

https://conectapiaui.com.br/blog/plantao-policial/casa-de-mulher-trans-morta-em-teresina-era-usada-como-boca-de-fumo-diz-dhpp-12831.html

https://www.meionews.com/piaui/mulher-trans-e-homem-sao-encontrados-mortos-com-os-olhos-perfurados-por-tiros-em-teresina-516969","Rafaela de Sousa Oliveira was one of two people (the other was a cisgender man) whose bodies were found with gunshot wounds in a vacant lot in Teresina, Piauí (Brazil) on 29 Dec 2024.

She was 30. #SayHerName #TransLivesMatter #TDoR",https://tdor.translivesmatter.info/reports/2024/12/29/rafaela-de-sousa-oliveira_teresina-piaui-brazil_38b46328
Andreína García García,50,,2024_12_31_Andreina-Garcia-Garcia.jpg,https://www.facebook.com/LAVOZNOTICIA/photos/lavoznoticia-medell%C3%ADn-andreina-integrante-lgtbiq-fue-asesinada-con-un-destornill/1159621252832703/,31-Dec-2024,tgeu/tdor2025/31-Dec-2024/Andreína García García,,"Playón de los Comuneros, Santa Cruz",Medellín,Antioquia,Colombia,6.3076739,-75.5563474,violence,stabbed,"Andreína died after being attacked from behind. Her killer was arrested.

> Andreína García, a 50-year-old woman, was murdered with a sharp, screwdriver-type weapon inside a barbershop in the El Playón de los Comuneros neighborhood in commune 2 of Medellín by a man of approximately 35 years old.
> 
> According to the court report, the incident occurred around 1:40 a.m., when an individual entered the establishment and attacked the victim from behind, inserting the screwdriver. Andreina, seriously injured, was rushed by taxi to the Polyclinic, where she underwent surgery, but died due to the severity of her injuries.
> 
> The Metropolitan Police acted quickly and managed to capture the alleged aggressor, who was placed at the disposal of the Attorney General's Office. In addition, the authorities continue to investigate the motives for the murder.

*[Editor's Note: some sources state that the location of the attack was the victim's home, so she may have been killed in her own salon.} *

https://www.elnuevodia.com.co/nuevodia/colombia/524381-andreina-fue-asesinada-con-un-destornillador-en-barberia

https://www.pulzo.com/nacion/medellin/medellin-asesinan-mujer-con-destornillador-barberia-PP4218984A

https://analisisurbano.org/homicidio-de-andreina-garcia-en-santa-cruz-medellin-mujer-lgbtiq-atacada-con-destornillador/386082/

https://www.elcolombiano.com/medellin/cuatro-homicidios-durante-fin-de-ano-en-medellin-mujer-trans-asesinada-con-destornillador-LB26272966

https://www.diarioadn.co/noticias/panorama-alarmante-seis-personas-lgbtiq-asesinadas-en-colombia-en-solo-14-dias-de-2025+63847

https://www.facebook.com/LAVOZNOTICIA/photos/lavoznoticia-medell%C3%ADn-andreina-integrante-lgtbiq-fue-asesinada-con-un-destornill/1159621252832703/?_rdr","Andreína García García died after being attacked from behind by a man in Medellín, Antioquia (Colombia) on 31 Dec 2024.

She was 50. #SayHerName #TransLivesMatter #TDoR",https://tdor.translivesmatter.info/reports/2024/12/31/andreina-garcia-garcia_medellin-antioquia-colombia_7c884f6b
Jonny Adamow,29,6-Jul-1995,2024_12_31_Jonny-Adamow.jpg,https://www.thegreencremation.com/obituaries/Jonathan-Alexander-Adamow?obId=34532500,31-Dec-2024,tgeu/tdor2025/31-Dec-2024/Jonny Adamow,,Capital Hill,Seattle,Washington,USA,47.6140891,-122.3207895,violence,shot,"Jonny died after being caught in crossfire on New Year's Eve. They were nonbinary, gender nonconforming, and heavily involved in the Seattle drag and renaissance faire communities.

> Jonathan “Jonny” Adamow, 29, was a beautiful person who loved all living beings. Jonny’s life was tragically taken on the morning of December 31st, 2024, on the streets of Seattle, Washington.
> 
> Jonny was born in Manhattan on July 6th, 1995, raised in Flushing, Queens, and moved to Stony Point, where [they] attended North Rockland High School. As a lover of the arts, Jonny acted in both their school’s drama club and off-Broadway theater. [They were] a talented percussionist, performing in his high school marching band. Always drawing and equipped with a sketchbook, Jonny attended Rockland Community College for fine arts.
> 
> Active and creative, Jonny enjoyed rollerblading, exploring nature, and creating music. As an avid artist, [they] had a great ability to spread light and kindness to everyone [they] met all over the world. Jonny will be remembered for their authenticity, compassion, love, and radiant energy, calling many places in the world their home. [They] spread light and joy everywhere [they] went and positively impacted all who crossed their path.
> 
> Jonny was a very loved member of the Renaissance Faire community, of which they were a part of since 2010. As a humanitarian, Jonny also served as a team leader for natural disaster relief and wanted the best for everyone. [They were] also a valued team leader of various trail crews throughout America, working in conservation and habitat restoration. [They] respected and adored the natural world and worked to preserve it.

![](2024_12_31_Jonny-Adamow2.jpg)


A vigil was held for Jonny on the evening Friday 10th January.

![](2024_12_31_Jonny-Adamow_vigil.jpg)


Charles Hickman, 29, has been arrested and charged with first degree murder.

Jonny's Facebook profile is https://www.facebook.com/jonny.adamow.
 
https://www.capitolhillseattle.com/2025/01/14-homicides-in-2024-remembering-capitol-hill-and-the-central-districts-victims/
  
https://www.dignitymemorial.com/obituaries/stony-point-ny/jonathan-adamow-12156558

https://www.thegreencremation.com/obituaries/Jonathan-Alexander-Adamow?obId=34532500

https://www.facebook.com/StoriesCutShort/posts/1023625953127530

https://www.facebook.com/jacob.kuchavik.9/posts/pfbid02doWy8MWeXjbvDPGpfPN6VxQrEffeNhymvG84aspP8dwqFLA67kirqcsveF5xgqSTl

https://www.facebook.com/TineyTina86/posts/pfbid032LsWgVSi3NZhABepAMiw9RW2vKS4p21RVWSAJNAnULwUL17fbZ6Xc8Hq6oKXSiR4l

https://www.facebook.com/gina.carli/posts/pfbid0wPRyB4ExARY2bc8kd9WCE5BBCBdEMXWkUoRZEcXPzfx9pu3FY22DQPx2V86ve7kxl

https://www.facebook.com/emily.b.davis.98/posts/pfbid02Bpdqki3F3eCPtcsdCJhhoutHFR45AzQp7MiwdKYL7LgvmyNnFfhVuk5GPeLzDHXLl

https://www.sgn.org/story/339010

https://www.youtube.com/watch?v=44aRX2OYlKs","Jonny Adamow died after being caught in crossfire in Seattle, Washington (USA) on 31 Dec 2024.

They were 29, nonbinary, gender nonconforming, and were heavily involved in Seattle's drag and renaissance faire communities. #SayTherName #TransLivesMatter #TDoR",https://tdor.translivesmatter.info/reports/2024/12/31/jonny-adamow_seattle-washington-usa_8eb1765b
Nikhole Souza,,,2024_12_31_Nikhole-Souza.jpg,https://www.instagram.com/p/DEPfLiWuJDA/?img_index=6,31-Dec-2024,tgeu/tdor2025/31-Dec-2024/Nikhole Souza,,,São Paulo,São Paulo,Brazil,-23.6814346,-46.9249577,violence,shot,"Nikhole was shot. No other information is known.

> How sad to lose you at this time of year. It's an honor to have been your teacher and friend. So many exchanges. 
>
> Training you as an electrician in the 1st Trans Training for People at EDP - Senai - Transemployment - Integra. 
>
> What a cruel world that took your life with 7 shots. 
>
> Being a trans person is truly painful and difficult at times. 
>
> Always transforming grief into struggle. 
>
> May you follow your path of Light.

<blockquote class=""instagram-media"" data-instgrm-captioned data-instgrm-permalink=""https://www.instagram.com/p/DEPfLiWuJDA/?utm_source=ig_embed&amp;utm_campaign=loading"" data-instgrm-version=""14"" style="" background:#FFF; border:0; border-radius:3px; box-shadow:0 0 1px 0 rgba(0,0,0,0.5),0 1px 10px 0 rgba(0,0,0,0.15); margin: 1px; max-width:540px; min-width:326px; padding:0; width:99.375%; width:-webkit-calc(100% - 2px); width:calc(100% - 2px);""><div style=""padding:16px;""> <a href=""https://www.instagram.com/p/DEPfLiWuJDA/?utm_source=ig_embed&amp;utm_campaign=loading"" style="" background:#FFFFFF; line-height:0; padding:0 0; text-align:center; text-decoration:none; width:100%;"" target=""_blank""> <div style="" display: flex; flex-direction: row; align-items: center;""> <div style=""background-color: #F4F4F4; border-radius: 50%; flex-grow: 0; height: 40px; margin-right: 14px; width: 40px;""></div> <div style=""display: flex; flex-direction: column; flex-grow: 1; justify-content: center;""> <div style="" background-color: #F4F4F4; border-radius: 4px; flex-grow: 0; height: 14px; margin-bottom: 6px; width: 100px;""></div> <div style="" background-color: #F4F4F4; border-radius: 4px; flex-grow: 0; height: 14px; width: 60px;""></div></div></div><div style=""padding: 19% 0;""></div> <div style=""display:block; height:50px; margin:0 auto 12px; width:50px;""><svg width=""50px"" height=""50px"" viewBox=""0 0 60 60"" version=""1.1"" xmlns=""https://www.w3.org/2000/svg"" xmlns:xlink=""https://www.w3.org/1999/xlink""><g stroke=""none"" stroke-width=""1"" fill=""none"" fill-rule=""evenodd""><g transform=""translate(-511.000000, -20.000000)"" fill=""#000000""><g><path d=""M556.869,30.41 C554.814,30.41 553.148,32.076 553.148,34.131 C553.148,36.186 554.814,37.852 556.869,37.852 C558.924,37.852 560.59,36.186 560.59,34.131 C560.59,32.076 558.924,30.41 556.869,30.41 M541,60.657 C535.114,60.657 530.342,55.887 530.342,50 C530.342,44.114 535.114,39.342 541,39.342 C546.887,39.342 551.658,44.114 551.658,50 C551.658,55.887 546.887,60.657 541,60.657 M541,33.886 C532.1,33.886 524.886,41.1 524.886,50 C524.886,58.899 532.1,66.113 541,66.113 C549.9,66.113 557.115,58.899 557.115,50 C557.115,41.1 549.9,33.886 541,33.886 M565.378,62.101 C565.244,65.022 564.756,66.606 564.346,67.663 C563.803,69.06 563.154,70.057 562.106,71.106 C561.058,72.155 560.06,72.803 558.662,73.347 C557.607,73.757 556.021,74.244 553.102,74.378 C549.944,74.521 548.997,74.552 541,74.552 C533.003,74.552 532.056,74.521 528.898,74.378 C525.979,74.244 524.393,73.757 523.338,73.347 C521.94,72.803 520.942,72.155 519.894,71.106 C518.846,70.057 518.197,69.06 517.654,67.663 C517.244,66.606 516.755,65.022 516.623,62.101 C516.479,58.943 516.448,57.996 516.448,50 C516.448,42.003 516.479,41.056 516.623,37.899 C516.755,34.978 517.244,33.391 517.654,32.338 C518.197,30.938 518.846,29.942 519.894,28.894 C520.942,27.846 521.94,27.196 523.338,26.654 C524.393,26.244 525.979,25.756 528.898,25.623 C532.057,25.479 533.004,25.448 541,25.448 C548.997,25.448 549.943,25.479 553.102,25.623 C556.021,25.756 557.607,26.244 558.662,26.654 C560.06,27.196 561.058,27.846 562.106,28.894 C563.154,29.942 563.803,30.938 564.346,32.338 C564.756,33.391 565.244,34.978 565.378,37.899 C565.522,41.056 565.552,42.003 565.552,50 C565.552,57.996 565.522,58.943 565.378,62.101 M570.82,37.631 C570.674,34.438 570.167,32.258 569.425,30.349 C568.659,28.377 567.633,26.702 565.965,25.035 C564.297,23.368 562.623,22.342 560.652,21.575 C558.743,20.834 556.562,20.326 553.369,20.18 C550.169,20.033 549.148,20 541,20 C532.853,20 531.831,20.033 528.631,20.18 C525.438,20.326 523.257,20.834 521.349,21.575 C519.376,22.342 517.703,23.368 516.035,25.035 C514.368,26.702 513.342,28.377 512.574,30.349 C511.834,32.258 511.326,34.438 511.181,37.631 C511.035,40.831 511,41.851 511,50 C511,58.147 511.035,59.17 511.181,62.369 C511.326,65.562 511.834,67.743 512.574,69.651 C513.342,71.625 514.368,73.296 516.035,74.965 C517.703,76.634 519.376,77.658 521.349,78.425 C523.257,79.167 525.438,79.673 528.631,79.82 C531.831,79.965 532.853,80.001 541,80.001 C549.148,80.001 550.169,79.965 553.369,79.82 C556.562,79.673 558.743,79.167 560.652,78.425 C562.623,77.658 564.297,76.634 565.965,74.965 C567.633,73.296 568.659,71.625 569.425,69.651 C570.167,67.743 570.674,65.562 570.82,62.369 C570.966,59.17 571,58.147 571,50 C571,41.851 570.966,40.831 570.82,37.631""></path></g></g></g></svg></div><div style=""padding-top: 8px;""> <div style="" color:#3897f0; font-family:Arial,sans-serif; font-size:14px; font-style:normal; font-weight:550; line-height:18px;"">View this post on Instagram</div></div><div style=""padding: 12.5% 0;""></div> <div style=""display: flex; flex-direction: row; margin-bottom: 14px; align-items: center;""><div> <div style=""background-color: #F4F4F4; border-radius: 50%; height: 12.5px; width: 12.5px; transform: translateX(0px) translateY(7px);""></div> <div style=""background-color: #F4F4F4; height: 12.5px; transform: rotate(-45deg) translateX(3px) translateY(1px); width: 12.5px; flex-grow: 0; margin-right: 14px; margin-left: 2px;""></div> <div style=""background-color: #F4F4F4; border-radius: 50%; height: 12.5px; width: 12.5px; transform: translateX(9px) translateY(-18px);""></div></div><div style=""margin-left: 8px;""> <div style="" background-color: #F4F4F4; border-radius: 50%; flex-grow: 0; height: 20px; width: 20px;""></div> <div style="" width: 0; height: 0; border-top: 2px solid transparent; border-left: 6px solid #f4f4f4; border-bottom: 2px solid transparent; transform: translateX(16px) translateY(-4px) rotate(30deg)""></div></div><div style=""margin-left: auto;""> <div style="" width: 0px; border-top: 8px solid #F4F4F4; border-right: 8px solid transparent; transform: translateY(16px);""></div> <div style="" background-color: #F4F4F4; flex-grow: 0; height: 12px; width: 16px; transform: translateY(-4px);""></div> <div style="" width: 0; height: 0; border-top: 8px solid #F4F4F4; border-left: 8px solid transparent; transform: translateY(-4px) translateX(8px);""></div></div></div> <div style=""display: flex; flex-direction: column; flex-grow: 1; justify-content: center; margin-bottom: 24px;""> <div style="" background-color: #F4F4F4; border-radius: 4px; flex-grow: 0; height: 14px; margin-bottom: 6px; width: 224px;""></div> <div style="" background-color: #F4F4F4; border-radius: 4px; flex-grow: 0; height: 14px; width: 144px;""></div></div></a><p style="" color:#c9c8cd; font-family:Arial,sans-serif; font-size:14px; line-height:17px; margin-bottom:0; margin-top:8px; overflow:hidden; padding:8px 0 7px; text-align:center; text-overflow:ellipsis; white-space:nowrap;""><a href=""https://www.instagram.com/p/DEPfLiWuJDA/?utm_source=ig_embed&amp;utm_campaign=loading"" style="" color:#c9c8cd; font-family:Arial,sans-serif; font-size:14px; font-style:normal; font-weight:normal; line-height:17px; text-decoration:none;"" target=""_blank"">A post shared by Maite Schneider (@maiteschneideroficial)</a></p></div></blockquote>
<script async src=""//www.instagram.com/embed.js""></script>

https://www.instagram.com/p/DEPfLiWuJDA/",Nikhole Souza was shot in São Paulo (Brazil) on 31 Dec 2024. #SayHerName #TransLivesMatter #TDoR,https://tdor.translivesmatter.info/reports/2024/12/31/nikhole-souza_sao-paulo-brazil_39d20956
