Name,Age,Birthdate,Photo,Photo source,Date,TDoR list ref,Address,Locality,Town/City/Municipality,State/Province,Country,Latitude,Longitude,Category,Cause of death,Description,Tweet,Permalink
Mayte López Regalado,,,2024_10_01_Mayte-Lopez-Regalado.jpg,https://www.infobae.com/mexico/2024/10/03/cuerpo-de-mayte-lopez-regalado-mujer-trans-exreina-muxe-fue-hallado-en-juchitan-oaxaca-con-signos-de-tortura/,1-Oct-2024,tgeu/tdor2025/1-Oct-2024/Mayte López Regalado,,,Tehuantepec,Oaxaca,Mexico,16.37364203,-95.15665384,violence,tortured,"Mayte was a textile artisan, bodybuilder and a muxe community leader. Her body was found with signs of violence near the Juchitán-Tehuantepec federal highway.

In 2020, photographer Maria Elena Valdés portrayed her as part of [Muxelandia](https://materia.press/muxelandia-maria-elena-valdes-reveals-a-world-of-non-binary-radical-acceptance/), a photography project that seeks to expand the possibilities of a world beyond binarism.

> Mayte LM, a member of the Lesbian, Gay, Bisexual and Transsexual (LGBT) community, was murdered in the Isthmus of Tehuantepec, Oaxaca.
> 
> The young woman of Juchiteco origin was found on Tuesday morning, with a gunshot wound, next to federal highway 185, Tehuantepec-Juchitán section, a few meters from the junction that leads to the Rancho Llano municipal agency in the neighboring town of San Blas Atempa.
> 
> Her body was found among some bushes and rubbish. Her face was covered, her hands tied behind her back, and her bare feet were tied with tape as signs of the torture she suffered before being killed. At the time of her death she was wearing a pink blouse and blue jeans. The corresponding investigation file was opened for this incident.
> 
> As of Tuesday afternoon, the motive for the crime remains unknown, although authorities say they have not ruled out any line of investigation.
> 
> Members of the LGBT community mourned the death and demanded justice.
> 
> ""With profound indignation and pain, we at the Trans Indigenous and Afro-descendant Meeting of the State of Oaxaca strongly condemn the murder of our colleague Mayte Matus Regalado,"" the organizing group announced on the same day.
> 
> ""This act of extreme violence reminds us of the vulnerability that trans women face in our society, particularly in regions such as the Isthmus, where discrimination and violence based on gender and identity are exacerbated,"" they said.
> 
> They therefore demanded a thorough investigation to clarify this ""hate crime,"" achieve justice and end impunity for this community, as well as the implementation of effective public policies that guarantee the security and full exercise of human rights of trans, indigenous and Afro-descendant people in the state.

<blockquote class=""instagram-media"" data-instgrm-captioned data-instgrm-permalink=""https://www.instagram.com/p/DArRswfyR4d/?utm_source=ig_embed&amp;utm_campaign=loading"" data-instgrm-version=""14"" style="" background:#FFF; border:0; border-radius:3px; box-shadow:0 0 1px 0 rgba(0,0,0,0.5),0 1px 10px 0 rgba(0,0,0,0.15); margin: 1px; max-width:540px; min-width:326px; padding:0; width:99.375%; width:-webkit-calc(100% - 2px); width:calc(100% - 2px);""><div style=""padding:16px;""> <a href=""https://www.instagram.com/p/DArRswfyR4d/?utm_source=ig_embed&amp;utm_campaign=loading"" style="" background:#FFFFFF; line-height:0; padding:0 0; text-align:center; text-decoration:none; width:100%;"" target=""_blank""> <div style="" display: flex; flex-direction: row; align-items: center;""> <div style=""background-color: #F4F4F4; border-radius: 50%; flex-grow: 0; height: 40px; margin-right: 14px; width: 40px;""></div> <div style=""display: flex; flex-direction: column; flex-grow: 1; justify-content: center;""> <div style="" background-color: #F4F4F4; border-radius: 4px; flex-grow: 0; height: 14px; margin-bottom: 6px; width: 100px;""></div> <div style="" background-color: #F4F4F4; border-radius: 4px; flex-grow: 0; height: 14px; width: 60px;""></div></div></div><div style=""padding: 19% 0;""></div> <div style=""display:block; height:50px; margin:0 auto 12px; width:50px;""><svg width=""50px"" height=""50px"" viewBox=""0 0 60 60"" version=""1.1"" xmlns=""https://www.w3.org/2000/svg"" xmlns:xlink=""https://www.w3.org/1999/xlink""><g stroke=""none"" stroke-width=""1"" fill=""none"" fill-rule=""evenodd""><g transform=""translate(-511.000000, -20.000000)"" fill=""#000000""><g><path d=""M556.869,30.41 C554.814,30.41 553.148,32.076 553.148,34.131 C553.148,36.186 554.814,37.852 556.869,37.852 C558.924,37.852 560.59,36.186 560.59,34.131 C560.59,32.076 558.924,30.41 556.869,30.41 M541,60.657 C535.114,60.657 530.342,55.887 530.342,50 C530.342,44.114 535.114,39.342 541,39.342 C546.887,39.342 551.658,44.114 551.658,50 C551.658,55.887 546.887,60.657 541,60.657 M541,33.886 C532.1,33.886 524.886,41.1 524.886,50 C524.886,58.899 532.1,66.113 541,66.113 C549.9,66.113 557.115,58.899 557.115,50 C557.115,41.1 549.9,33.886 541,33.886 M565.378,62.101 C565.244,65.022 564.756,66.606 564.346,67.663 C563.803,69.06 563.154,70.057 562.106,71.106 C561.058,72.155 560.06,72.803 558.662,73.347 C557.607,73.757 556.021,74.244 553.102,74.378 C549.944,74.521 548.997,74.552 541,74.552 C533.003,74.552 532.056,74.521 528.898,74.378 C525.979,74.244 524.393,73.757 523.338,73.347 C521.94,72.803 520.942,72.155 519.894,71.106 C518.846,70.057 518.197,69.06 517.654,67.663 C517.244,66.606 516.755,65.022 516.623,62.101 C516.479,58.943 516.448,57.996 516.448,50 C516.448,42.003 516.479,41.056 516.623,37.899 C516.755,34.978 517.244,33.391 517.654,32.338 C518.197,30.938 518.846,29.942 519.894,28.894 C520.942,27.846 521.94,27.196 523.338,26.654 C524.393,26.244 525.979,25.756 528.898,25.623 C532.057,25.479 533.004,25.448 541,25.448 C548.997,25.448 549.943,25.479 553.102,25.623 C556.021,25.756 557.607,26.244 558.662,26.654 C560.06,27.196 561.058,27.846 562.106,28.894 C563.154,29.942 563.803,30.938 564.346,32.338 C564.756,33.391 565.244,34.978 565.378,37.899 C565.522,41.056 565.552,42.003 565.552,50 C565.552,57.996 565.522,58.943 565.378,62.101 M570.82,37.631 C570.674,34.438 570.167,32.258 569.425,30.349 C568.659,28.377 567.633,26.702 565.965,25.035 C564.297,23.368 562.623,22.342 560.652,21.575 C558.743,20.834 556.562,20.326 553.369,20.18 C550.169,20.033 549.148,20 541,20 C532.853,20 531.831,20.033 528.631,20.18 C525.438,20.326 523.257,20.834 521.349,21.575 C519.376,22.342 517.703,23.368 516.035,25.035 C514.368,26.702 513.342,28.377 512.574,30.349 C511.834,32.258 511.326,34.438 511.181,37.631 C511.035,40.831 511,41.851 511,50 C511,58.147 511.035,59.17 511.181,62.369 C511.326,65.562 511.834,67.743 512.574,69.651 C513.342,71.625 514.368,73.296 516.035,74.965 C517.703,76.634 519.376,77.658 521.349,78.425 C523.257,79.167 525.438,79.673 528.631,79.82 C531.831,79.965 532.853,80.001 541,80.001 C549.148,80.001 550.169,79.965 553.369,79.82 C556.562,79.673 558.743,79.167 560.652,78.425 C562.623,77.658 564.297,76.634 565.965,74.965 C567.633,73.296 568.659,71.625 569.425,69.651 C570.167,67.743 570.674,65.562 570.82,62.369 C570.966,59.17 571,58.147 571,50 C571,41.851 570.966,40.831 570.82,37.631""></path></g></g></g></svg></div><div style=""padding-top: 8px;""> <div style="" color:#3897f0; font-family:Arial,sans-serif; font-size:14px; font-style:normal; font-weight:550; line-height:18px;"">View this post on Instagram</div></div><div style=""padding: 12.5% 0;""></div> <div style=""display: flex; flex-direction: row; margin-bottom: 14px; align-items: center;""><div> <div style=""background-color: #F4F4F4; border-radius: 50%; height: 12.5px; width: 12.5px; transform: translateX(0px) translateY(7px);""></div> <div style=""background-color: #F4F4F4; height: 12.5px; transform: rotate(-45deg) translateX(3px) translateY(1px); width: 12.5px; flex-grow: 0; margin-right: 14px; margin-left: 2px;""></div> <div style=""background-color: #F4F4F4; border-radius: 50%; height: 12.5px; width: 12.5px; transform: translateX(9px) translateY(-18px);""></div></div><div style=""margin-left: 8px;""> <div style="" background-color: #F4F4F4; border-radius: 50%; flex-grow: 0; height: 20px; width: 20px;""></div> <div style="" width: 0; height: 0; border-top: 2px solid transparent; border-left: 6px solid #f4f4f4; border-bottom: 2px solid transparent; transform: translateX(16px) translateY(-4px) rotate(30deg)""></div></div><div style=""margin-left: auto;""> <div style="" width: 0px; border-top: 8px solid #F4F4F4; border-right: 8px solid transparent; transform: translateY(16px);""></div> <div style="" background-color: #F4F4F4; flex-grow: 0; height: 12px; width: 16px; transform: translateY(-4px);""></div> <div style="" width: 0; height: 0; border-top: 8px solid #F4F4F4; border-left: 8px solid transparent; transform: translateY(-4px) translateX(8px);""></div></div></div> <div style=""display: flex; flex-direction: column; flex-grow: 1; justify-content: center; margin-bottom: 24px;""> <div style="" background-color: #F4F4F4; border-radius: 4px; flex-grow: 0; height: 14px; margin-bottom: 6px; width: 224px;""></div> <div style="" background-color: #F4F4F4; border-radius: 4px; flex-grow: 0; height: 14px; width: 144px;""></div></div></a><p style="" color:#c9c8cd; font-family:Arial,sans-serif; font-size:14px; line-height:17px; margin-bottom:0; margin-top:8px; overflow:hidden; padding:8px 0 7px; text-align:center; text-overflow:ellipsis; white-space:nowrap;""><a href=""https://www.instagram.com/p/DArRswfyR4d/?utm_source=ig_embed&amp;utm_campaign=loading"" style="" color:#c9c8cd; font-family:Arial,sans-serif; font-size:14px; font-style:normal; font-weight:normal; line-height:17px; text-decoration:none;"" target=""_blank"">A post shared by Colectivo Mar y Cueca (@marycueca)</a></p></div></blockquote>
<script async src=""//www.instagram.com/embed.js""></script>

https://marieclaire.com.mx/caso-mayte-lopez-regalado-reina-muxe-juchitan/

https://www.colimanoticias.com/asesinan-a-la-activista-mayte-lopez-regalado-en-oaxaca/

https://www.nvinoticias.com/oaxaca/general/comunidad-lgbttiq-exige-justicia-para-mayte-victima-de-transfeminicidio/166583

https://la-lista.com/mexico/mayte-lopez-mujer-trans-e-integrante-de-la-comunidad-muxe-es-asesinada-en-oaxaca

https://quinto-poder.mx/alza-la-voz/2024/10/03/asesinan-a-mayte-lopez-regalado-activista-trans-y-reina-muxe-43361.html

https://www.infobae.com/mexico/2024/10/03/cuerpo-de-mayte-lopez-regalado-mujer-trans-exreina-muxe-fue-hallado-en-juchitan-oaxaca-con-signos-de-tortura/

https://www.nmas.com.mx/noticieros/programas/despierta/videos/asesinan-mayte-lopez-regalado-mujer-trans-exreina-muxe-oaxaca/

https://escandala.com/mayte-una-mujer-trans-es-asesinada-en-oaxaca/

https://www.msn.com/es-mx/noticias/mundo/asesinan-a-mayte-mujer-trans-y-reina-muxe-en-oaxaca-su-cuerpo-ten%C3%ADa-signos-de-tortura/ar-AA1rCiRB

https://www.animalpolitico.com/genero-y-diversidad/asesinan-mayte-mujer-trans-muxe-oaxaca

https://www.milenio.com/estados/exigen-justicia-transfeminicidio-mayte-lopez-ex-reina-muxe-en-oaxaca

https://www.colimanoticias.com/asesinan-a-la-activista-mayte-lopez-regalado-en-oaxaca/

https://www.telediario.mx/nacional/transfeminicidio-en-oaxaca-exreina-muxe-mayte-lopez-es-hallada-muerta

https://marieclaire.com.mx/caso-mayte-lopez-regalado-reina-muxe-juchitan/

https://www.educaoaxaca.org/juchitan-no-es-un-paraiso-muxe-organizaciones-lgbt-condenan-asesinato-de-mayte-reina-muxe-2018/

https://lacaderadeeva.com/actualidad/asesinan-a-mayte-mujer-trans-de-la-comunidad-muxe-en-oaxaca/11379

https://eldemocrata.com/asesinan-a-mayte-lopez-mujer-trans-e-integrante-de-la-comunidad-muxe/

https://www.eluniversal.com.mx/estados/asesinan-a-mayte-mujer-trans-y-reina-muxe-en-oaxaca-localizan-su-cuerpo-con-signos-de-tortura/

https://oaxaca.eluniversal.com.mx/seguridad/asesinan-mayte-reina-muxe-en-oaxaca-localizan-su-cuerpo-con-signos-de-tortura

https://www.msn.com/es-mx/video/watch/asesinan-a-mayte-l%C3%B3pez-exreina-muxe-en-oaxaca/vi-AA1rFR2p?ocid=hpmsn

https://www.yucatan.com.mx/mexico/2024/10/03/hallan-sin-vida-a-mayte-lopez-exreina-muxe-en-juchitan-oaxaca.html

https://www.milenio.com/videos/estados/asesinan-mayte-lopez-exreina-muxe-oaxaca

https://www.homosensual.com/lgbt/activismo/mayte-lopez-regalado-biografia-activista-muxe-oaxaca-transfeminicidio-lgbt-intrepidas-autenticas-intrepidas-buscadoras-peligro/

https://www.elpinero.mx/oaxaca-asesinan-a-integrante-de-la-comunidad-muxe-en-juchitan/

https://oaxaca.media/2024/10/asesinan-a-mayte-integrante-de-la-comunidad-lgbt-en-el-istmo/

https://www.youtube.com/watch?v=KmysH42p6Jg","The body of Mayte López Regalado was found with signs of violence near the Juchitán-Tehuantepec federal highway in Oaxaca (Mexico) on 1 Oct 2024.

She was a talented seamstress and a prominent leader within the muxe community. #SayHerName #TransLivesMatter #TDoR",https://tdor.translivesmatter.info/reports/2024/10/01/mayte-lopez-regalado_tehuantepec-oaxaca-mexico_fe39980e
Honee Walker,37,,2024_10_02_Honee-Walker.jpg,https://www.advocate.com/crime/transgender-woman-honee-walker-killed,2-Oct-2024,tgeu/tdor2025/2-Oct-2024/Honee Walker,"Lyell Avenue, near Broad Street",,Rochester,New York,USA,43.16462302,-77.63450709,violence,run over,"Honee was killed in a hit-and-run incident. Local media misgendered and deadnamed her.

The driver responsible has been identified but not arrested, and the ""accident"" remains under investigation.

> Honee Walker, a 37-year-old Black transgender woman, was killed in a hit-and-run accident in Rochester, N.Y., last Wednesday. Walker has been misgendered and deadnamed in local media reports.
> 
> The accident occurred just before midnight. Walker was a pedestrian, and the driver who hit her left the scene, TV station WHAM reports. She was pronounced dead soon afterward. The driver and vehicle have since been identified, but no arrests have been made, and the accident remains under investigation.
> 
> After the incident, Walker’s family gave her name to media outlets, but some have not corrected their reporting. The latest WHAM story, however, states her correct name and refers to her as a ""pedestrian"" and ""victim,"" with no gender mentioned.
> 
> “The victim identified both publicly and privately as a transgender woman,” says a press release from Blaque/Out Magazine.
> 
> “Although several stations have posted updates to the story, the accepted media practice would be to correct the original misreported piece in print if possible and digitally everywhere it originally appeared,” the release continues. “This isn’t just new information, it is considered disrespectful and a documented form of transphobia, transmisia, prejudice and oppression visited upon the LGBTQIA+ but specifically the Trans community.
>
> ""Despite the fact that your original reporting information was likely provided by [the Rochester Police Department], organizations nationwide track the disproportionate rate of deaths of Trans community members, specifically Black Trans women and those numbers are deeply skewed when the media misreports the accurate identity of the individual. These errors whether purposeful or in ignorance can even lead to delayed justice for families and victims.”

https://www.them.us/story/rest-in-power-honee-daniels-beloved-makeup-artist-rochester-ny-killed-hit-and-run-black-trans

https://www.hrc.org/news/remembering-honee-daniels-black-trans-woman-who-made-friends-with-anyone-and-was-killed-in-rochester-ny

https://www.lgbtqnation.com/2024/10/black-transgender-woman-repeatedly-deadnamed-after-fatal-hit-and-run/

https://www.advocate.com/crime/transgender-woman-honee-walker-killed

https://gaycitynews.com/rochester-black-trans-woman-killed-hit-and-run/

https://www.msn.com/en-us/news/us/black-transgender-woman-repeatedly-deadnamed-after-fatal-hit-and-run/ar-AA1rUzNl?ocid=BingNewsVerp

https://eu.democratandchronicle.com/story/news/2024/10/04/hanif-moffett-killed-in-rochester-ny-hit-and-run-identified/75512812007/","Honee Walker was killed in a hit-and-run incident in Rochester, New York (USA) on 2 Oct 2024

She was 37. #SayHerName #TransLivesMatter #TDoR",https://tdor.translivesmatter.info/reports/2024/10/02/honee-walker_rochester-new-york-usa_e95ba893
Jill Heathers Bouvier,54,24-Apr-1970,2024_10_03_Jill-Heathers-Bouvier.jpg,https://everloved.com/life-of/jill-bouvier/,3-Oct-2024,,,,Omaha,Nebraska,USA,41.2919586,-96.1636486,suicide,suicide,"Jill died by suicide. She/they used they/she pronouns and was actively involved in Transformative, a local transgender/non-binary adult support group.

> Jill Heathers Bouvier of Omaha, NE passed away on Thursday, 10/03/2023 at the age of 54. They were born on 04/20/1970 in Owensboro, KY where they grew up with their mother Fumie Bouvier, father Arthur “Mike” Bouvier, and sister Marie Bouvier.
> 
> They were actively involved in Transformative, a transgender/non-binary adult support group. Jill enjoyed cooking, baking, and eating, but their true passion was collecting things, anything.
> 
> Jill will be remembered for their quick, dry, sarcastic wit. Their huge caring, loving, and generous heart, but most of all, their stoic scowl that hid her beautiful smile will forever be etched on our hearts.
> 
> Jill was a very special person and loved her friends and community very much. They will always be remembered for their huge heart, kindness, generosity, and, compassion. Jill was truly one of a kind and will forever be missed by their loved ones. She was my Jill Pickle and even though our time together was way too short, I will always cherish the time that I did get with them. I love you Pickle, you are my favorite.

https://neptunesociety.com/obituaries/omaha-ne/jill-bouvier-12019153 ","Jill Heathers Bouvier died by suicide in Omaha, Nebraska (USA) on 3 Oct 2024.

She/they weren 54, used they/she pronouns and was actively involved in Transformative, a local transgender/non-binary adult support group. #SayHerName #SayTheirName #TransLivesMatter #TDoR",https://tdor.translivesmatter.info/reports/2024/10/03/jill-heathers-bouvier_omaha-nebraska-usa_fee4b2f0
Name Withheld,37,,,,7-Oct-2024,tgeu/tdor2025/7-Oct-2024/Name Withheld,,Malak,Darwin,Northern Territory,Australia,-12.3932927,130.8936916,violence,stabbed,"The victim was stabbed in the backyard of her home, allegedly by her uncle. She was a Tiwi Sistergirl, and for cultural reasons her identity and photo are not being shared.

> Darwin's queer and Tiwi community is mourning the death of a sistergirl after she was stabbed in the backyard of her home.
> 
> Sistergirl is a term used by Aboriginal and Torres Strait Islander people to describe gender-diverse people that have a female spirit and take on female roles in the community. Crystal Love, the matriarch of Tiwi sistergirls, said she had lost part of herself when her daughter was killed on Monday.
> 
> The victim's name is not being used for cultural reasons.
> 
> ""We are living in a world that is all messed up...she was good person, a kind person,"" Aunty Crystal said. ""She had a good life, she had family and friends who love her, our communities that love her, but it was just tragic, because...sometimes some people have bigger dreams, she had those.""
> 
> Members of the Tiwi sistergirl community refer to Aunty Crystal as mother, as she has advocated to bring both culture and western worlds together for Indigenous transgender communities.
> 
> Northern Territory Police said they were called to a unit complex in Darwin's northern suburb of Malak about 9:35pm where officers found the victim unconscious in the backyard, with a stab wound in her chest. Officers performed CPR but the 37-year-old was declared dead after paramedics arrived. 
> 
> Police say a 34-year-old man, believed to be related to the victim, was arrested at the scene and is expected to be charged later on Tuesday.


*Editor's Note: The following information was given by the person who submitted the report and explains the background in some detail:*

> In First Nations Australian culture, trans individuals are referred to in English as sistergirls or brotherboys, these generally map over to trans feminine and trans masculine people respectively, but not in all cases (sometimes a butch woman may identify as a brotherboy for example)
>
> Australia is home to over 200 unique Indigenous nations, each with its own protocol regarding death. Generally speaking, names and depictions of the dead are not to be said or reproduced during a mourning period, which can last years depending on the person.
>
> This includes inadvertent usage of the persons name, for example, within a community, e.g. if someone was named Sun, that word would be replaced with adjectives (day star, etc) or a temporary replacement word during that mourning period.
>
> This is because in many Indigenous cultures, there is a belief that using their names or images regardless of context can prevent the person from moving on. 
>
> For the purposes of reporting Australian First Nations deaths, it would be appropriate to not use their name or photos, but descriptions of the person are fine and are actually used as a substitute for explaining the person being talked about ""The woman who painted"" for example.
>
> Some more info is available here: https://www.sbs.com.au/nitv/article/indigenous-cultural-protocols-what-the-media-needs-to-do-when-depicting-deceased-persons/97xq2otnt


https://www.northweststar.com.au/story/8785653/community-in-mourning-after-sistergirl-stabbed-to-death/

https://lucyfromnaarm.com/p/37-year-old-darwin-sistergirl-dead

https://www.abc.net.au/news/2024-10-08/nt-police-arrest-man-over-fatal-stabbing-malak-darwin-nt/104443078

https://www.9news.com.au/national/malak-man-arrested-over-fatal-stabbing-in-darwin/abd62480-49e8-4cda-811e-62fdf3c5a075

https://www.facebook.com/TheNTNews/photos/malak-update-nt-police-have-confirmed-detectives-are-treating-the-stabbing-death/1088273065981664/?_rdr

https://www.facebook.com/watch/?v=8784374748278207","A Tiwi sistergirl was stabbed in the backyard of her home in Darwin, Northern Territory (Australia) on 7 Oct 2024.

For cultural reasons her name and photo are being withheld.

She was 37. #SayHerName #TransLivesMatter #TDoR",https://tdor.translivesmatter.info/reports/2024/10/07/name-withheld_darwin-northern-territory-australia_1dea8903
Rynn Azerial Willgohs,52,25-Jan-1972,2024_10_08_Rynn-Azerial-Willgohs.jpg,https://www.instagram.com/p/C79NIVetkWV/,8-Oct-2024,,,,Vantaa,Uusimaa,Finland,60.3191988,24.8873881,suicide,suicide,"Rynn was the founder of TRANSport, a nonprofit seeking to help at-risk transgender people leave the USA.

> FARGO — A former Fargo resident who led an organization to help transgender people in the United States emigrate to other countries, has died.
> 
> Rynn Willgohs, 52, died on Oct. 8, according to her obituary, published in the High Plains Reader on Oct. 13. At the time of her death, Willgohs was working through the asylum and immigration process in Finland.
> 
> Willgohs founded TRANSport, a nonprofit organization seeking to help at-risk transgender people leave the U.S. by assisting with paperwork, paying for associated costs and providing resettlement support.
> 
> In an interview with The Forum in 2022, Willgohs, a transgender woman, talked about her plans to move abroad. She said a factor in her decision to leave the U.S. was her fear that state and federal governments would roll back protections for transgender people.
> 
> She said that during a summer trip to Iceland, she realized she felt more at home in Icelandic society than she had felt in the U.S. Being transgender was not an issue there, but in the U.S. she always felt threatened or treated as an outsider, she told The Forum.
> 
> “It’s a whole different world over there,” Willgohs told The Forum, explaining that it took some getting used to being seen as just another person.
> 
> Willgohs said she had been targeted for being transgender in Fargo, including being stalked and threatened, and believed that her work to advance transgender rights in the city made her more of a target.
> 
> In the same interview, Willgohs talked about her plans for TRANSport. She hoped TRANSport could help cover the cost of name changes, gender marker changes, hormone treatments, plane tickets and passport costs as a person settled in a new country. TRANSport is incorporated under the 501c3 umbrella of the Pride Collective and Community Center, another Fargo nonprofit organization.
> 
> Kendra Lewellyn, president of the Pride Collective and Community Center Board, said Willgohs was a passionate fighter for trans rights through TRANSport and her personal activism.
> 
> “The community has just lost a really dedicated advocate, and she was seeking asylum thousands of miles away, but her story and her are just such a part of the Fargo-Moorhead story and of the LGBTQ community in our area,” she said. “Whether she was thousands of miles away or not, more than ever, people feel it.”

<blockquote class=""instagram-media"" data-instgrm-captioned data-instgrm-permalink=""https://www.instagram.com/p/C9Jf4BCIg5E/?utm_source=ig_embed&amp;utm_campaign=loading"" data-instgrm-version=""14"" style="" background:#FFF; border:0; border-radius:3px; box-shadow:0 0 1px 0 rgba(0,0,0,0.5),0 1px 10px 0 rgba(0,0,0,0.15); margin: 1px; max-width:540px; min-width:326px; padding:0; width:99.375%; width:-webkit-calc(100% - 2px); width:calc(100% - 2px);""><div style=""padding:16px;""> <a href=""https://www.instagram.com/p/C9Jf4BCIg5E/?utm_source=ig_embed&amp;utm_campaign=loading"" style="" background:#FFFFFF; line-height:0; padding:0 0; text-align:center; text-decoration:none; width:100%;"" target=""_blank""> <div style="" display: flex; flex-direction: row; align-items: center;""> <div style=""background-color: #F4F4F4; border-radius: 50%; flex-grow: 0; height: 40px; margin-right: 14px; width: 40px;""></div> <div style=""display: flex; flex-direction: column; flex-grow: 1; justify-content: center;""> <div style="" background-color: #F4F4F4; border-radius: 4px; flex-grow: 0; height: 14px; margin-bottom: 6px; width: 100px;""></div> <div style="" background-color: #F4F4F4; border-radius: 4px; flex-grow: 0; height: 14px; width: 60px;""></div></div></div><div style=""padding: 19% 0;""></div> <div style=""display:block; height:50px; margin:0 auto 12px; width:50px;""><svg width=""50px"" height=""50px"" viewBox=""0 0 60 60"" version=""1.1"" xmlns=""https://www.w3.org/2000/svg"" xmlns:xlink=""https://www.w3.org/1999/xlink""><g stroke=""none"" stroke-width=""1"" fill=""none"" fill-rule=""evenodd""><g transform=""translate(-511.000000, -20.000000)"" fill=""#000000""><g><path d=""M556.869,30.41 C554.814,30.41 553.148,32.076 553.148,34.131 C553.148,36.186 554.814,37.852 556.869,37.852 C558.924,37.852 560.59,36.186 560.59,34.131 C560.59,32.076 558.924,30.41 556.869,30.41 M541,60.657 C535.114,60.657 530.342,55.887 530.342,50 C530.342,44.114 535.114,39.342 541,39.342 C546.887,39.342 551.658,44.114 551.658,50 C551.658,55.887 546.887,60.657 541,60.657 M541,33.886 C532.1,33.886 524.886,41.1 524.886,50 C524.886,58.899 532.1,66.113 541,66.113 C549.9,66.113 557.115,58.899 557.115,50 C557.115,41.1 549.9,33.886 541,33.886 M565.378,62.101 C565.244,65.022 564.756,66.606 564.346,67.663 C563.803,69.06 563.154,70.057 562.106,71.106 C561.058,72.155 560.06,72.803 558.662,73.347 C557.607,73.757 556.021,74.244 553.102,74.378 C549.944,74.521 548.997,74.552 541,74.552 C533.003,74.552 532.056,74.521 528.898,74.378 C525.979,74.244 524.393,73.757 523.338,73.347 C521.94,72.803 520.942,72.155 519.894,71.106 C518.846,70.057 518.197,69.06 517.654,67.663 C517.244,66.606 516.755,65.022 516.623,62.101 C516.479,58.943 516.448,57.996 516.448,50 C516.448,42.003 516.479,41.056 516.623,37.899 C516.755,34.978 517.244,33.391 517.654,32.338 C518.197,30.938 518.846,29.942 519.894,28.894 C520.942,27.846 521.94,27.196 523.338,26.654 C524.393,26.244 525.979,25.756 528.898,25.623 C532.057,25.479 533.004,25.448 541,25.448 C548.997,25.448 549.943,25.479 553.102,25.623 C556.021,25.756 557.607,26.244 558.662,26.654 C560.06,27.196 561.058,27.846 562.106,28.894 C563.154,29.942 563.803,30.938 564.346,32.338 C564.756,33.391 565.244,34.978 565.378,37.899 C565.522,41.056 565.552,42.003 565.552,50 C565.552,57.996 565.522,58.943 565.378,62.101 M570.82,37.631 C570.674,34.438 570.167,32.258 569.425,30.349 C568.659,28.377 567.633,26.702 565.965,25.035 C564.297,23.368 562.623,22.342 560.652,21.575 C558.743,20.834 556.562,20.326 553.369,20.18 C550.169,20.033 549.148,20 541,20 C532.853,20 531.831,20.033 528.631,20.18 C525.438,20.326 523.257,20.834 521.349,21.575 C519.376,22.342 517.703,23.368 516.035,25.035 C514.368,26.702 513.342,28.377 512.574,30.349 C511.834,32.258 511.326,34.438 511.181,37.631 C511.035,40.831 511,41.851 511,50 C511,58.147 511.035,59.17 511.181,62.369 C511.326,65.562 511.834,67.743 512.574,69.651 C513.342,71.625 514.368,73.296 516.035,74.965 C517.703,76.634 519.376,77.658 521.349,78.425 C523.257,79.167 525.438,79.673 528.631,79.82 C531.831,79.965 532.853,80.001 541,80.001 C549.148,80.001 550.169,79.965 553.369,79.82 C556.562,79.673 558.743,79.167 560.652,78.425 C562.623,77.658 564.297,76.634 565.965,74.965 C567.633,73.296 568.659,71.625 569.425,69.651 C570.167,67.743 570.674,65.562 570.82,62.369 C570.966,59.17 571,58.147 571,50 C571,41.851 570.966,40.831 570.82,37.631""></path></g></g></g></svg></div><div style=""padding-top: 8px;""> <div style="" color:#3897f0; font-family:Arial,sans-serif; font-size:14px; font-style:normal; font-weight:550; line-height:18px;"">View this post on Instagram</div></div><div style=""padding: 12.5% 0;""></div> <div style=""display: flex; flex-direction: row; margin-bottom: 14px; align-items: center;""><div> <div style=""background-color: #F4F4F4; border-radius: 50%; height: 12.5px; width: 12.5px; transform: translateX(0px) translateY(7px);""></div> <div style=""background-color: #F4F4F4; height: 12.5px; transform: rotate(-45deg) translateX(3px) translateY(1px); width: 12.5px; flex-grow: 0; margin-right: 14px; margin-left: 2px;""></div> <div style=""background-color: #F4F4F4; border-radius: 50%; height: 12.5px; width: 12.5px; transform: translateX(9px) translateY(-18px);""></div></div><div style=""margin-left: 8px;""> <div style="" background-color: #F4F4F4; border-radius: 50%; flex-grow: 0; height: 20px; width: 20px;""></div> <div style="" width: 0; height: 0; border-top: 2px solid transparent; border-left: 6px solid #f4f4f4; border-bottom: 2px solid transparent; transform: translateX(16px) translateY(-4px) rotate(30deg)""></div></div><div style=""margin-left: auto;""> <div style="" width: 0px; border-top: 8px solid #F4F4F4; border-right: 8px solid transparent; transform: translateY(16px);""></div> <div style="" background-color: #F4F4F4; flex-grow: 0; height: 12px; width: 16px; transform: translateY(-4px);""></div> <div style="" width: 0; height: 0; border-top: 8px solid #F4F4F4; border-left: 8px solid transparent; transform: translateY(-4px) translateX(8px);""></div></div></div> <div style=""display: flex; flex-direction: column; flex-grow: 1; justify-content: center; margin-bottom: 24px;""> <div style="" background-color: #F4F4F4; border-radius: 4px; flex-grow: 0; height: 14px; margin-bottom: 6px; width: 224px;""></div> <div style="" background-color: #F4F4F4; border-radius: 4px; flex-grow: 0; height: 14px; width: 144px;""></div></div></a><p style="" color:#c9c8cd; font-family:Arial,sans-serif; font-size:14px; line-height:17px; margin-bottom:0; margin-top:8px; overflow:hidden; padding:8px 0 7px; text-align:center; text-overflow:ellipsis; white-space:nowrap;""><a href=""https://www.instagram.com/p/C9Jf4BCIg5E/?utm_source=ig_embed&amp;utm_campaign=loading"" style="" color:#c9c8cd; font-family:Arial,sans-serif; font-size:14px; font-style:normal; font-weight:normal; line-height:17px; text-decoration:none;"" target=""_blank"">A post shared by Rynn Willgohs (@rynnwillgohs)</a></p></div></blockquote>
<script async src=""//www.instagram.com/embed.js""></script>

Rynn's Instagram profile is https://www.instagram.com/rynnwillgohs/

https://hpr1.com/index.php/lifestyles/live-and-learn/rynn-willgohs-1972-2024

https://www.inforum.com/news/fargo/rynn-willgohs-former-fargo-lgbtq-activist-dies-at-52

https://www.themirror.com/news/us-news/trans-woman-who-helped-risk-806286

https://www.independent.co.uk/news/world/americas/transport-transgender-asylum-iceland-lgbtq-leave-america-b2332698.html

https://www.facebook.com/wdaytv/posts/pfbid02Lzi3YUJcgYVjywX6W3tieebunHZhSC5bv6Ee5MNtt2ocsJSAEMvKbRPqG1ULkuTl

https://x.com/inforum/status/1847104828163395972","Rynn Azerial Willgohs died by suicide in Vantaa, Uusimaa (Finland) on 8 Oct 2024.

She was 52, and the founder of TRANSport, a nonprofit seeking to help at-risk transgender people leave the U.S. #SayHerName #TransLivesMatter #TDoR",https://tdor.translivesmatter.info/reports/2024/10/08/rynn-azerial-willgohs_vantaa-uusimaa-finland_b0d102f3
Kaile Villar Pons,20,,2024_10_09_Kaile-Villar-Pons.jpg,https://x.com/davidsantosvlog/status/1844335685018452146,9-Oct-2024,tgeu/tdor2025/9-Oct-2024/Kaile Villar Pons,Calle Carmen Baroja Nessi,,Pamplona,Navarre,Spain,42.8243187,-1.6507398,violence,stabbed,"Kaile was killed during an argument with a man.

> A 20-year-old woman, Kaile Villar Pons,  died early this morning as a result of a stabbing that occurred this morning in Pamplona. The incident took place this morning at 1:15 in the Rochapea neighborhood. Initially it was reported that the deceased was a man.
> 
> According to Navarra.com, a man of Moroccan nationality has stabbed the woman on calle Carmen Baroja Nessi.
> 
> Officers from the Pamplona Municipal Police and an emergency medical team were dispatched to the scene and transported the still injured woman to the University Hospital of Navarra in an advanced life support ambulance.
> 
> However the woman died due to the severity of the stab wounds.
> 
> Initial investigations appear to indicate that an argument began between the two, which ended tragically. The suspect allegedly stabbed the daughter of the owner of the flat, where several people were staying, several times, one of which was fatal, in the chest. 
> 
> The Municipal Police of Pamplona have confirmed the arrest of a man as the alleged perpetrator of these events and it is expected that he will be brought before a court later today or early tomorrow morning.

Although Kaile's killing was widely reported in the media, the fact that she was trans was barely mentioned so her death was easily missed. Although in one respect this is progressiive - in an ideal world the fact that she was trans should not matter - however as things stand now it can be viewed as erasure of a vulnerable minority.

Like most murders of trans people, her murder quickly fell out of the headlines.

Despite the brutality of Kaile's murder, the Ministerio de Igualdad (Spanish Ministry for Equality) did not either condemn the murder or register the case as a femicide.

https://www.hispanidad.com/opinion/navarra-todos-topicos-progres-asesinato-chica-trans-manos-inmigrante-ilegal-marroqui-se-convierte-en-okupa-mientras-izquierda-calla_12054306_102.html

https://xcatalunya.cat/es/sucesos/padre-joven-asesinada-por-okupa-marroqui-dice-basta

ttps://gaceta.es/espana/el-ministerio-de-igualdad-no-computa-como-crimen-machista-el-asesinato-de-un-magrebi-a-una-mujer-trans-en-pamplona-20241020-1551/

https://theobjective.com/espana/politica/2024-10-20/igualdad-asesinato-chica-trans-pamplona/

https://www.navarraconfidencial.com/espana/pamplona-el-asesinato-de-una-chica-trans-mas-discreto-de-la-historia/

https://www.noticiasdenavarra.com/sucesos/2024/10/09/acuchillamiento-mortal-rochapea-crimen-podia-haberse-evitado-8785351.html

https://navarra.okdiario.com/articulo/sucesos/muerto-apunalamiento-grave-pelea-pamplona/20241009080239564415.html

https://edatv.news/sucesos/joven-20-anos-asesinada-punaladas-por-okupa-marroqui-pamplona

https://okdiario.com/sucesos/okupa-marroqui-que-matado-hija-casero-habia-sido-denunciado-victimas-13611367

https://www.navarraconfidencial.com/espana/una-mujer-no-puede-haber-sido-asesinada-en-pamplona-por-un-okupa-marroqui/

https://www.youtube.com/watch?v=PPZQCsvOcTA

https://x.com/LaEtxebarria/status/1844308161412596195

https://x.com/davidsantosvlog/status/1844335685018452146","Kaile Villar Pons was killed during an argument with a man in Pamplona, Navarre (Spain) on 9 Oct 2024.

She was 20. #SayHerName #TransLivesMatter #TDoR",https://tdor.translivesmatter.info/reports/2024/10/09/kaile-villar-pons_pamplona-navarre-spain_0fc87a18
Megan Jordan Kridli,22,25-Jan-2002,2024_10_09_Megan-Jordan-Kridli.jpg,https://www.instagram.com/p/DCSSwWcyvVj/,9-Oct-2024,,,,Miami,Florida,USA,25.7825454,-80.307796,suicide,suicide,"Megan died by suicide. 

As a trans person of Palestinian origin the genocide in Gaza and the current anti-trans rhetoric in the media and politics must have hit her hard.

> Today, I want us to remember 22-year-old Megan Jordan Kridli. She was a friend, collaborator, and powerhouse Palestinian trans youth organizer. I first met her last year when she invited me to speak at her university. Her insightfulness, activist skills, and brilliance immediately blew me away. She organized with numerous groups between her college genders and sexualities club to an international social justice publication - all before the age of 18! She had so much to look forward to with community organizing and beginning her PhD in computer science.
>
> Trans youth shouldn’t have to have these accomplishments to be remembered, but I can’t overlook how she unapologetically made her mark on the world.
>  
> We spoke often as things got worse between the Palestinian genocide and the anti-trans rhetoric circulating across the country. I invited her to collaborate on some projects a few months ago, but she didn’t have time as her work and pressure ballooned. I did not know how straining it all was. She ended her life right after the anniversary of the genocide, the same month her senator promised to ban healthcare for trans girls like her.
>
> As we remember Megan’s contributions to the community, we cannot forget that trans youth are real people. They deserve celebration, support, and life. They deserve unconditional love for who they are.

https://www.instagram.com/p/DCZlcHgxRa5/

https://www.facebook.com/photo.php?fbid=1096383428525305&id=100044609731549&set=a.408532660643722

https://www.desmondfuneralhome.com/obituaries/M-Jordan-Kridli?obId=33344067","Megan Jordan Kridli died by suicide in Miami, Florida (USA) on 9 Oct 2024.

She was 22. #SayHerName #TransLivesMatter #TDoR",https://tdor.translivesmatter.info/reports/2024/10/09/megan-jordan-kridli_miami-florida-usa_76868a73
"Florencia Luna Reinaldi (""Floppy"")",38,,2024_10_10_Florencia-Luna-Reinaldi.jpg,https://www.elbonaerense.news/2024/10/10/brutal-travesticidio-en-ensenada-la-mato-con-un-cano-de-hierro-y-la-dejo-en-un-pastizal,10-Oct-2024,"tgeu/tdor2025/10-Oct-2024/Florencia Luna Reinaldi (""Floppy"")",Calle Bruno Zabala,Punta Lara,Ensenada,Buenos Aires,Argentina,-34.84783423,-57.92295362,violence,beaten,"The circumstances of Florencia's murder suggest that the man who killed her was a client. He was arrested after the murder weapon was found by police in his truck.

> A truck driver was arrested early this morning for murdering a trans woman in the Buenos Aires town of Ensenada. The police managed to capture him inside a truck with an iron pipe that - it is believed - he used to kill the victim.
> 
> Buenos Aires police responded to a 911 call reporting a person screaming on the road to the La Plata Regatta Club, a grassland area bordered by the Doña Flora and La Fama streams and the Santiago River.
> 
> The officers arrived at the scene and found a Mercedes Benz truck in the middle of the road, something that caught their attention. Inside the vehicle was a man who looked agitated, according to the police report.
> 
> When they began to question him and search for the truck, the officers found an iron pipe with blood stains and a drag track that led to a pasture. There, among the bushes, they found the victim's body. She was half naked and had bruises on her head.
> 
> The truck driver was identified as Jhonatan Ariel Quintana, 34 years old. He was immediately arrested and initial investigations revealed that he had been reported for aggravated injuries on September 30.
> 
> The case was classified, for the moment, as simple homicide. It was placed in the hands of the Functional Investigation Unit (UFI) No. 16 , in charge of prosecutor Juan Cruz Condomi Alcorta.

https://pulsonoticias.com.ar/travesticidio-de-floppy/

https://www.cronica.com.ar/policiales/Asesinaron-a-fierrazos-en-la-cabeza-a-una-mujer-trans-y-abandonaron-su-cadaver-semidesnudo-entre-pastizales-20241010-0064.html

https://www.infobae.com/sociedad/policiales/2024/11/07/solicitaron-prision-preventiva-para-el-imputado-por-el-travesticidio-de-florencia-reinaldi-en-ensenada/

https://www.0221.com.ar/policiales/travesticidio-ensenada-pidieron-la-prision-preventiva-el-imputado-la-muerte-florencia-reinaldi-n100608

https://www.eldia.com/nota/2024-11-6-18-27-0-pidieron-la-prision-preventiva-al-acusado-de-matar-a-una-mujer-trans-en-punta-lara-policiales

https://www.minutouno.com/sociedad/ensenada-un-hombre-mato-golpes-una-travesti-n6069241

https://www.infoblancosobrenegro.com/nota/104815/la-policia-bonaerense-detuvo-a-un-hombre-acusado-de-travesticidio/

https://noticiasargentinas.com/sociedad/horror-en-ensenada--detuvieron-a-un-hombre-por-asesinar-a-una-travesti_a6707d843192c0ada1dd0b4f3

https://todosalta.com/contenido/67475/detienen-a-un-camionero-por-un-salvaje-asesinato-de-una-travesti

https://andigital.com.ar/nota/127383/asesino-a-una-mujer-trans-a-fierrazos-y-arrojo-su-cuerpo-en-un-zanjon-en-ensenada/

https://radiomitre.cienradios.com/policiales/es-camionero-asesino-brutalmente-a-trompadas-y-palazos-a-una-travesti-descarto-el-cuerpo-en-la-ruta-y-los-detalles-son-dramaticos/

https://viaszeta.com/2024/10/10/detienen-a-un-camionero-por-el-salvaje-asesinato-de-una-travesti/

https://www.c5n.com/sociedad/horror-ensenada-un-camionero-molio-golpes-una-travesti-y-descarto-el-cuerpo-la-ruta-n176769

https://www.lanoticia1.com/noticia/horror-en-ensenada-encuentran-a-una-travesti-muerta-en-pastizales-y-detienen-a-un-camionero

https://www.elbonaerense.news/2024/10/10/brutal-travesticidio-en-ensenada-la-mato-con-un-cano-de-hierro-y-la-dejo-en-un-pastizal

https://www.radiodos.com.ar/176390-horror-en-ensenada-mataron-a-golpes-a-una-travesti

https://infocielo.com/conmocion-ensenada-asesinaron-una-travesti-y-hay-un-detenido-n794523

https://www.laplata1.com/2024-10-10/asesinaron-a-golpes-a-una-mujer-trans-en-ensenada-108683/

https://www.eldia.com/nota/2024-10-10-7-1-0-horror-en-ensenada-una-travesti-muerta-y-semidesnuda-es-pastizales-un-cano-lleno-de-sangre-y-un-camionero-detenido-policiales

https://novedadesdelsur.com.ar/contenido/69621/brutal-asesinato-en-ensenada-matan-a-golpes-a-una-travesti

https://vivelaplata.com.ar/conmocion-en-ensenada-asesinan-a-una-travesti-y-detienen-al-presunto-autor-del-crimen/

https://www.elesquiu.com/nacionales/2024/10/10/detienen-un-camionero-por-el-salvaje-asesinato-deuna-chica-trans-530227.html

https://www.infobae.com/sociedad/policiales/2024/10/10/horror-en-ensenada-mataron-a-golpes-a-una-travesti/

https://www.notife.com/horror-en-ensenada-un-camionero-mato-a-una-mujer-trans-y-tiro-su-cuerpo-en-un-descampado

https://dib.com.ar/2024/10/ensenada-un-camionero-quedo-detenido-acusado-de-haber-asesinado-a-una-mujer-trans/

https://radio3cadenapatagonia.com.ar/detienen-a-un-camionero-por-el-asesinato-de-una-mujer-trans/

https://www.quepasasalta.com.ar/policiales/monstruo-chica-trans/

https://www.airedesantafe.com.ar/actualidad/brutal-travesticidio-ensenada-un-camionero-la-mato-un-cano-hierro-y-la-tiro-un-pastizal-n598160

https://www.mdzol.com/policiales/2024/10/10/horror-en-ensenada-un-camionero-golpeo-con-un-cano-mato-un-travesti-1158293.html

https://www.abcdiario.com.ar/policiales/horror-encontraron-a-una-travesti-asesinada-a-golpes-y-un-camionero-es-el-principal-sospechoso/

https://www.contextotucuman.com/nota/327580/un-camionero-pauto-un-encuentro-con-una-mujer-trans-la-mato-y-descarto-el-cuerpo-en-un-descampado.html

https://www.mejorinformado.com/policiales/2024/10/10/un-camionero-fue-detenido-por-matar-un-travesti-132383.html

https://tn.com.ar/policiales/2024/10/10/un-camionero-pauto-un-encuentro-con-una-mujer-trans-la-mato-y-descarto-el-cuerpo-en-un-descampado-en-ensenada/

https://www.cronica.com.ar/policiales/Asesinaron-a-fierrazos-en-la-cabeza-a-una-mujer-trans-y-abandonaron-su-cadaver-semidesnudo-entre-pastizales-20241010-0064.html

https://www.labuenainfo.com/noticia/ensenada-un-hombre-asesino-a-una-mujer-trans-a-fierrazos-y-arrojo-su-cuerpo-en-un-zanjon

https://www.instagram.com/p/DA8LApAOsvf/","Florencia Luna Reinaldi was murdered in Enseneda, Buenos Aires (Argentina) on 10 Oct 2024.

She was 38. #SayHerName #TransLivesMatter #TDoR",https://tdor.translivesmatter.info/reports/2024/10/10/florencia-luna-reinaldi-floppy_ensenada-buenos-aires-argentina_f50664d2
Lionel Gerardo Monteverde Mercano,22,,2024_10_10_Lionel-Geraldo-Monteverde-Marcano.jpg,https://lanacionweb.com/sucesos/investigan-muerte-de-transexual-en-chile/,10-Oct-2024,tgeu/tdor2025/10-Oct-2024/Lionel Gerardo Monteverde Mercano,Calles Ejercito de Chile and Centenario,,Chillán,Diguillan,Chile,-36.6018719,-72.1172818,violence,not reported,"Lionel's body was found in the street. The cause of his death is not known.

> The body of 22-year-old Lionel Gerardo Monteverde was found in the middle of a public street in the commune of Chillan, Chile. The young man, who is presumed to be transgender, has also been identified by some media as [deadname] Monteverde.
> 
> The discovery took place on Friday morning in the green areas at the intersection of calles Ejercito de Chile and Centenario in the aforementioned commune.
> 
> According to local media, the prosecution has preliminarily ruled out the involvement of third parties in the death; However, the results of the autopsy will have to be awaited.
> 
> The body of the young man, described as a trans person by the Disidente de Ñuble coordinator, was transferred to the Legal Medical Service in order to clarify the causes of death. (J.S.)

https://www.ladiscusion.cl/mujer-venezolana-fue-encontrada-muerta-en-poblacion-de-chillan/

https://lanacionweb.com/sucesos/investigan-muerte-de-transexual-en-chile/

https://www.instagram.com/lanacionweb/p/DBG7dtpRGb-/

https://www.instagram.com/amigos_informa/p/DA_8Z67usy7/

https://www.facebook.com/PrensaNuble/posts/pfbid0nwEdMSSc23i4rXWvJatVRRP36AMdqcDMC179gyC1BbURbrPEaWHJUbmEAnsGwN4ql

https://www.ladiscusion.cl/mujer-venezolana-fue-encontrada-muerta-en-poblacion-de-chillan/

https://lanacionweb.com/sucesos/investigan-muerte-de-transexual-en-chile/

https://www.instagram.com/lanacionweb/p/DBG7dtpRGb-/

https://www.instagram.com/amigos_informa/p/DA_8Z67usy7/

https://www.facebook.com/PrensaNuble/posts/pfbid0nwEdMSSc23i4rXWvJatVRRP36AMdqcDMC179gyC1BbURbrPEaWHJUbmEAnsGwN4ql","The body of Lionel Gerardo Monteverde Mercano was found in the street in Chillán, Diguillan (Chile) on 10 Oct 2024.

He was 22. #SayHerName #TransLIvesMatter #TDoR",https://tdor.translivesmatter.info/reports/2024/10/10/lionel-gerardo-monteverde-mercano_chillan-diguillan-chile_43676f97
Name Unknown,35-40,,,,10-Oct-2024,tgeu/tdor2025/10-Oct-2024/Name Unknown,,Shirsa Mandap,Bhokarden,Maharashtra,India,20.2236991,75.7403308,violence,throat cut,"The body of the victim was found in a well. Their identity is unknown.

> Chhatrapati Sambhajinagar: A transgender [person]'s body, with throat slit, was found in a well at Shirsa Mandap village in Bhokardan tehsil, Jalna district on Thursday evening.
> 
> The body was first spotted by a farmer who went to fetch water from the well on a farm late on Thursday.
> 
> He noticed a body floating in the water and initially assumed it to be that of a woman, aged between 35 to 40.
> 
> He immediately informed the village's police patil, who then alerted the authorities.
> 
> As news spread, a large number of villagers gathered near the well. inspector Kiran Bidve of the Bhokardan police, accompanied by sub-inspector Pawan Rajput and a team of officers, retrieved the body with the help of the villagers.
> 
> Inspector Bidve said that the victim might have been murdered elsewhere and the killer/s must have dumped the body of the transgender [person] into the well to conceal the crime.

https://timesofindia.indiatimes.com/city/kolhapur/transgender-murder-shocks-village-as-body-found-in-well/articleshow/114157211.cms","The body of an unidentified #trans person was found in a well in Bhokarden, Maharashtra (India) on 10 Oct 2024. #SayTheirName #TransLivesMatter #TDoR",https://tdor.translivesmatter.info/reports/2024/10/10/name-unknown_bhokarden-maharashtra-india_49a8e314
Name Unknown,45-50,,,,10-Oct-2024,,,,,Tamaulipas,Mexico,24.9247408,-101.2848616,violence,beaten,"The victim was beaten to death. No other information is known other than her approximate age.

*[Editor's Note: the date given is that of the corresponding news report. As such the case may have occured at an earlier date]*

> In Tamaulipas, in the north of the country, a trans woman whose name has not been revealed was beaten to death. The local media abused the victim by not respecting her gender identity or pronouns. According to the Transcontinenta collective, the victim was around 45-50 years old.

https://agenciapresentes.org/2024/10/10/mexico-al-menos-55-mujeres-trans-asesinadas-en-9-meses-de-2024/","An unidentified #trans woman was reportedly beaten to death in Tamaulipas (Mexico) on or before 10 Oct 2024.

No other information is known other than her approximate age of 45-50. #SayHerName #TransLivesMatter #TDoR",https://tdor.translivesmatter.info/reports/2024/10/10/name-unknown_tamaulipas-mexico_8b1c31fc
Cris Chirinos Alvarez,54,,2024_10_11_Cris-Chirinos-Alvarez.jpg,https://www.infobae.com/peru/2024/10/16/ate-encuentran-cuerpo-de-estilista-dentro-de-su-negocio-ubicado-a-cuadras-donde-asesinaron-a-profesor/54,11-Oct-2024,tgeu/tdor2025/11-Oct-2024/Cris Chirinos Alvarez,Avenida Los Reyes,,Ate,Lima,Peru,-12.0404906,-76.9185718,violence,stabbed,"Cris was a stylist with 15 years experience who worked from home. Her body was found hidden under her bed 5 days after she had been reported missing.

Her partner is considered the prime suspect as reportedly their relationship was characterised by conflict.

> The murder of a hairstylist in the district of Ate has shocked the neighbors and relatives of the victim. The body was found under her bed after having disappeared for several days. This tragic event has generated great concern in the community, which remains on alert due to the increasing number of crimes in the area, which shows the ineffectiveness of the state of emergency in Ate.
> 
> Transgender stylist [deasdname] Chirinos Álvarez, 54, was found dead on October 16 in her own beauty salon, located on Avenida Los Reyes in the Ate district. Her body was discovered by her relatives, who had been trying to contact her for days. According to initial investigations, Chirinos was murdered on the same day she disappeared, October 11 , and her body was hidden under hers bed, wrapped in a blanket.
> 
> Chirinos' family became concerned after he did not respond to calls or messages for several days. When they noticed that her beauty salon remained closed , they decided to go to the premises. After getting no response, they asked the owner of the building to open the door, and that was when they found the body under the bed. The body had a cut on the neck and other injuries which led the police to consider the case as a murder.
> 
> The murder weapon was also found inside the building, as well as a handwritten note that is being analyzed by the authorities. In addition, some of the stylist's personal items, such as her cell phone, cosmetics and a television, were missing.
> 
> The main suspect in the murder of the hairstylist in Ate is Christopher Mancilla Medina, Chirinos' partner. According to witnesses, the last time the victim was seen was during a meeting with friends and his partner on October 11. Since then, Mancilla has disappeared, and several witnesses saw him leave the room during the early hours of the following day, taking with him some objects, including the living room's television.
> 
> Neighbors and friends of the victim say that the relationship between Chirinos and Mancilla was conflictive, with frequent arguments and episodes of violence. These statements have led the authorities to focus on Mancilla as the main suspect in the crime.

https://diariosinfronteras.com.pe/2024/10/16/horror-estilista-transgenero-es-asesinado-y-escondido-bajo-su-cama-durante-cinco-dias/

https://lahora.pe/nacional/asesinato-de-estilista-transgenero-en-ate-familiares-hallan-su-cadaver-debajo-de-su-cama-tras-5-dias-desaparecido/

https://larepublica.pe/sociedad/2024/10/16/encuentran-a-estilista-asesinada-en-su-salon-de-belleza-en-ate-seria-un-posible-transfeminicidio-crimen-967984

https://www.infobae.com/peru/2024/10/16/ate-encuentran-cuerpo-de-estilista-dentro-de-su-negocio-ubicado-a-cuadras-donde-asesinaron-a-profesor/

https://peru21.pe/lima/estilista-transgenero-es-asesinado-y-escondido-bajo-su-cama-durante-varios-dias

https://www.facebook.com/watch/?v=1018481000011634

https://www.instagram.com/revistacaretas/p/DBMH8iUsBmY/","The body of Cris Chirinos Alvarez was found in Ate, Lima (Peru)) on 16 Oct 2024. She had been dead for around 5 days.

Cris was 54, and a stylist with 15 years experience who worked from home. #SayHerName #TransLivesMatter #TDoR",https://tdor.translivesmatter.info/reports/2024/10/11/cris-chirinos-alvarez_ate-lima-peru_c08d6675
Ayub Ali,47,,,,12-Oct-2024,tgeu/tdor2025/12-Oct-2024/Ayub Ali,,,Tangail,Tangail,Bangladesh,24.2476453,89.9171707,violence,strangled,"Ayub made her living by running her own small cloth sales business. Her body was found in an abandoned house.

> Paris, France; October 17, 2024: JusticeMakers Bangladesh in France (JMBF) condemns in the strongest possible terms the tragic and senseless murder of Ayub Ali, a 47-year-old transgender woman, who was brutally killed on October 12, 2024, in Tangail, Bangladesh. Her body, bearing clear signs of violence, was discovered the following morning in an abandoned house near the microbus stand in the new bus stand area of Tangail. The police found a cloth tightly wrapped around her neck, with evidence of struggle, suggesting that she may have been strangled. A murder case has been filed, and investigations are underway to bring those responsible to justice.
> 
> ""This heinous crime is not just an attack on an individual but a stark reminder of the constant danger faced by transgender people in Bangladesh and around the world. It reflects the deep-rooted discrimination and violence that the transgender community continues to suffer,"" said Robert Simon, French LGBT rights activist and Chief Adviser of JMBF. ""Ayub Ali's story of resilience and determination in the face of adversity underscores the urgent need for societal change. No one should face such a fate simply for living their truth.""
> 
> Ayub Ali's life was one of struggle, resilience, and hope. Originally from the Bhavanipur Patuli area of Tangail Sadar Upazila, Ayub Ali faced societal exclusion and limited job opportunities due to her gender identity. Like many in her community, she initially survived by collecting money in markets and on public transportation. Finding this work demeaning, she sought a more dignified path, starting a small cloth business despite numerous challenges. She sold fabrics in rural areas and participated in seasonal sales during festivals like Eid and Puja. Ayub Ali also expressed herself through the performing arts, joining dance groups during festive occasions and acting in traditional ""Yatrapala"" performances, embodying female roles on stage.
 
https://76crimes.com/2024/10/18/bangladesh-justice-murder-trans-woman/

https://www.jmbf.org/2024/10/statement-jmbf-strongly-condemns-murder.html","The body of Ayub Ali was found in an abandoned house in Tangail (Bangladesh) on 12 Oct 2024.

Ayub was 47, and made her living by running her own small cloth sales business. #SayHerName #TransLivesMatter #TDoR
",https://tdor.translivesmatter.info/reports/2024/10/12/ayub-ali_tangail-bangladesh_93538252
Phoenix Cassetta,,,,,14-Oct-2024,,,,Colchester,Vermont,USA,44.5506447,-73.3117909,suicide,suicide,"Phoenix died by suicide. She was the vice-president of [Common Ground](https://www.instagram.com/smc_common_ground/), a club  which provides a safe space for LGBTQIA+ people and allies at Saint Michael's College.

> Today the smc community was deeply saddened to learn about the passing of our CG vice president, Phoenix Cassetta. our thoughts and prayers are with Phoenix’s loved ones during this time.
> 
> Vie Mazur from Bergeron will be in the CWG (Alliot 206) tonight at 6pm for a space to grieve, and a service will be held in the chapel at 7pm tonight. directly afterward, space will be held in Cashman, where Phoenix was an RA. at 6pm on tuesday, wednesday and thursday, there will be gatherings in Cashman for support, reflection, and expression of condolences to the family, as well as sharing stories to honor Phoenix’s life. Phoenix was an amazing member of our community and they will be deeply missed.

https://vanguardheadline.com/2024/10/15/death-phoenix-cassetta-common-ground-vice-president-has-died-loved-ones-mourns/

https://web.archive.org/web/20241109135954/https://liblens.com/2024/10/15/phoenix-cassetta-obituary-death-phoenix-cassetta-vice-president-of-common-ground-dies/

https://www.instagram.com/p/DBHjIIMpH6b/

https://www.facebook.com/smcvtcg/posts/pfbid02FfrvCK14E8MWxdTq5pQo4eKFGV46gFKz5GGhh31H3MSr78pqL1pTarAMbN4hki13l

https://www.facebook.com/smcvtcg/posts/pfbid02FfyyCLJkWHJmj4Cyicd7BBLyCHn1weER3cCnxm63XJh36w2wypRiPDjW7rjsZBhGl

https://www.facebook.com/permalink.php?story_fbid=pfbid032K8rjBZcHqZQrxmPdB8jAvhBn7uoEnnJJ34MWTZXL7by6QtCCU33yPJzDartiQE6l&id=61563057308871

https://www.instagram.com/p/DBHjIIMpH6b/","Phoenix Cassetta died by suicide in Colchester, Vermont (USA) on 14 Oct 2024.

She was the vice-president of Common Ground, a Saint Michael's College club which provides a safe space for LGBTQIA+ people and allies. #SayHerName #TransLivesMatter #TDoR",https://tdor.translivesmatter.info/reports/2024/10/14/phoenix-cassetta_vermont-usa_3e57c59e
Raven Syed,,,2024_10_14_Raven-Syed.jpg,https://www.instagram.com/theridernews/p/DBJeW0AP4Zv/?hl=en-gb,14-Oct-2024,,Rider University,,Lawrenceville,New Jersey,USA,40.28122375,-74.74080622,suicide,suicide,"Raven died by suicide. He was an actuarial science major at Rider University and reportedly had been misgendered.

> Junior actuarial science major Raven Syed was found deceased in a residence hall Monday, Oct. 14. He was a copy editor for The Rider News.
>
> The university avoided the use of pronouns when announcing Syed’s death through email. Duggan [Syed’s roommate and former partner] noted that Syed had struggled with being misgendered by members of the Rider community throughout his time at Rider.
>
> “I would say [the university] tried to avoid the use of direct pronouns for either legal risks or just general implications of getting it wrong,” Duggan said. “I was also never asked [about his pronouns] which annoys me a bit because … of all the other questions I was getting asked, pronouns was never one of them.”

https://theridernews.com/students-october-suicide-causes-discussion-on-campus-welfare-checks/

https://www.instagram.com/theridernews/p/DBJeW0AP4Zv/","Raven Syed died by suicide in Lawrenceville, New Jersey (USA) on 14 Oct 2024.

He was an actuarial science major at Rider University and reportedly had been misgendered. #SayHisName #TransLivesMatter #TDoR",https://tdor.translivesmatter.info/reports/2024/10/14/raven-syed_lawrenceville-new-jersey-usa_ba873134
Rick Alastor Newman,29,,,,17-Oct-2024,tgeu/tdor2025/17-Oct-2024/Rick Alastor Newman,West Oak Street and North 19th Avenue,,Bozeman,Montana,USA,45.6931354,-111.0649734,violence,shot,"Rick was shot by police. From the information available, it appears that he was experiencing a mental health crisis at the time.

News reports of his death misgender him and describe him as the aggressor, while conveniently ignoring the fact that the local police were likely untrained to deal with people experiencing mental health crises and - at least from the information available - did not attempt to de-escalate the situation.

> His name was Rick Alastor Newman (he/him) and he was a trans man who lived in Bozeman, MT, USA and was shot and murdered by the police. Much of the news coverage (ex. https://www.facebook.com/kxlhtv/posts/sheriffcoroner-has-identified-rick-alastor-newman-as-the-person-who-died-details/1055719919836265/) around his death misgenders and/or deadnames him. He is greatly missed by his Montanan trans community. He was an artist, storyteller, and brother. He was excited to have just started hiking and camping and was looking forward to continue getting tattoos. In his passing, he joins his father, who he loved dearly. 

It was reported that the Montana Division of Criminal Investigation will conduct an independent investigation into the shooting.

https://www.kbzk.com/news/crime-courts/bozeman-police-address-fatal-officer-involved-shooting-of-bozeman-woman

https://www.kxlh.com/news/montana-news/armed-woman-shot-by-police-in-bozeman-has-been-identified

https://www.facebook.com/kxlhtv/posts/sheriffcoroner-has-identified-rick-alastor-newman-as-the-person-who-died-details/1055719919836265/","Rick Alastor Newman was shot by police in Bozeman, Montana (USA) on 17 Oct 2024. From the information available, it appears that he was experiencing a mental health crisis at the time.

He was 29. #SayHisName #TransLivesMatter #TDoR",https://tdor.translivesmatter.info/reports/2024/10/17/rick-alastor-newman_bozeman-montana-usa_28019d2f
Saritha,33,,,,18-Oct-2024,,Balaji Nagar,Jawaharnaga,Hyderabad,Telangana,India,17.5118875,78.5603025,suicide,suicide,"Saritha died by suicide in her home.

> Hyderabad: Allegedly upset over personal problems, a transgender person died by suicide in her house at Balaji Nagar in Jawaharnagar on Friday.
> 
> The victim, identified as Saritha alias [deadname] (33), was reportedly upset over some issues for past some days.
> 
> Police sources said Saritha [suicide method redacted] in her bedroom in the absence of her family members in the early hours. Her family members found her dead and informed the police.
> 
> The Jawaharnagar police are investigating.

https://telanganatoday.com/upset-over-personal-issues-transgender-person-ends-life-in-hyderabad","Saritha died by suicide in her home in Hyderabad, Telangana (India) on 18 Oct 2024.

She was 33. #SayHerName #TransLivesMatter #TDoR",https://tdor.translivesmatter.info/reports/2024/10/18/saritha_hyderabad-telangana-india_7c8ebb42
Priscila,,,2024_10_19_Priscila.jpg,https://www.bnnewsitacare.com.br/coaraci-mulher-trans-e-amiga-sao-mortas-a-tiros-em-bar/,19-Oct-2024,tgeu/tdor2025/19-Oct-2024/Priscila,,Beira Rio 2,Coaraci,Bahia,Brazil,-14.6402867,-39.5713891,violence,shot,"Priscila was one of two women shot dead by unidentified assailants in a bar in Beira Rio 2. The other victim was a cisgender woman named Bia.

> On Saturday night (19), a wave of homicides shocked the small towns of Coaraci and Ibicaraí, in southern Bahia. Three homicides were recorded, generating outrage and concern in local communities.
>
> The first crime occurred around 10 pm, in a bar located in Beira Rio 2. In the attack, two people were shot by hooded individuals who fired at least 20 shots. One of the victims, identified so far as Bia, died instantly.
>
> The other, Priscila, a trans woman, was rescued by SAMU to the General Hospital of Coaraci, but unfortunately she did not survive her injuries and died in the hospital.
>
> Authorities are investigating the details of the case, which stands out not only for its brutality but also for the pattern that seems to be repeating itself: other deaths have occurred in the city recently, many with the same modus operandi. So far, it is not known whether the victims had any connection to the criminal world.

https://ipiauonline.com.br/duas-mulheres-e-uma-trans-sao-assassinadas-em-serie-de-homicidios-em-cidades-do-sul-da-bahia/

https://www.verdinhoitabuna.blog.br/search?updated-max=2024-10-22T00:00:00-03:00&max-results=70

https://www.bnnewsitacare.com.br/coaraci-mulher-trans-e-amiga-sao-mortas-a-tiros-em-bar/","Priscila was shot in a bar in Coaraci, Bahia (Brazil) on 19 Oct 2024. #SayHerName #TransLivesMatter #TDoR",https://tdor.translivesmatter.info/reports/2024/10/19/priscila_coaraci-bahia-brazil_82bc8050
Karis Saldarriaga,61,,2024_10_20_Karis-Saldarriaga.jpg,https://www.infobae.com/colombia/2024/10/22/asesinan-a-mujer-trans-icono-lgbtiq-en-antioquia-y-a-hombre-gay-en-la-guajira/,20-Oct-2024,tgeu/tdor2025/20-Oct-2024/Karis Saldarriaga,,,Caldas,Antioquia,Colombia,-14.6386354,-39.5532387,violence,stabbed,"Karis was a human rights activist who was featured in the book *""[Locas de pueblo: Maricas mayores en los municipios de Antioquia](https://libros.udea.edu.co/index.php/editorial_fcsh/catalog/book/421))""*. She was found dead in her apartment.

> Alarm bells are ringing again in the LGBTIQ+ community in Colombia after two people were murdered last weekend in both Antioquia and La Guajira.
> 
> In the first case, the victim was Karis Saldarriaga, a transgender woman who was an icon in Antioquia, who, according to the NGO Caribe Informativo, was found dead last Sunday, October 20 in her apartment, located in the municipality of Caldas in the south of the department.
> 
> The lifeless body of Saldarriaga, 61 years old at the time of her death, showed evidence of several stab wounds in the neck and chest, according to the police report of the crime.
> 
> “Karis' murder has deeply shocked her family, friends, and the community of activists and human rights defenders, especially those fighting for the rights of the LGBTIQ+ population,” they said.
> 
> They recalled that the transgender woman was one of the protagonists of the book Locas de pueblo: maricas mayors en lospopulaciones de Antioquia, by Guillermo Correa, a member of that NGO, where they collected her story of resilience in the face of discrimination and violence of which she was a victim for religious, social and political reasons in the aforementioned department.
> 
> The other victim was the openly gay young man Geiner Carrillo Ipuana who was found dead, also with stab wounds, in the municipality of Albania, in the center of the department of La Guajira.

https://caracol.com.co/2024/10/20/asesinaron-a-un-reconocido-integrante-de-la-comunidad-lgbtiq-en-caldas-antioquia/

https://www.swissinfo.ch/spa/denuncian-el-asesinato-de-una-persona-del-colectivo-lgbti%2B-en-el-noreste-de-colombia/87765717

https://www.bluradio.com/regiones/antioquia/autoridades-en-antioquia-investigan-crimen-de-integrante-de-la-poblacion-lgbtiq-en-caldas-rg10

https://www.eltiempo.com/colombia/medellin/asesinan-a-una-mujer-trans-dentro-de-su-apartamento-en-caldas-antioquia-3392086

https://mioriente.com/antioquia/asesinaron-a-activista-lgbtiq-en-antioquia.html

https://www.elcolombiano.com/antioquia/muere-karis-saldarriaga-lider-lgbtiq-en-caldas-antioquia-LE25656278

https://telemedellin.tv/investigan-asesinato-mujer-trans-en-caldas/722849/

https://www.cablenoticias.tv/denuncian-asesinato-persona-colectivo-lgbtiq-antioquia/

https://www.infobae.com/colombia/2024/10/22/asesinan-a-mujer-trans-icono-lgbtiq-en-antioquia-y-a-hombre-gay-en-la-guajira/

https://www.eje21.com.co/2024/10/denuncian-el-asesinato-de-una-persona-del-colectivo-lgbti-en-el-noreste-de-colombia/","Karis Saldarriaga was found dead in her apartment in Caldas, Antioquia (Colombia) on 20 Oct 2024.

She was 61, and a human rights activist who was featured in the book ""Locas de pueblo: Maricas mayores en los municipios de Antioquia"". #SayHerName #TransLivesMatter #TDoR",https://tdor.translivesmatter.info/reports/2024/10/20/karis-saldarriaga_antioquia-colombia_9f1d40d2
Naira Victória Neris,27,,2024_10_20_Naira-Victoria-Neris.jpg,https://g1.globo.com/sp/sao-carlos-regiao/noticia/2024/10/24/mulher-trans-morta-a-facadas-em-sao-paulo-e-enterrada-em-sao-carlos.ghtml,20-Oct-2024,tgeu/tdor2025/20-Oct-2024/Naira Victória Neris,,Vila Gustavo,São Paulo,São Paulo,Brazil,-14.6386354,-39.5532387,violence,tortured and stabbed,"Naira's body was found four days after she had gone missing. While captive she had been tortured.

In a press interview Naira's mother stated that Naira had always faced prejudice and that she had been killed because she was trans. She promised to fight for justice, saying ""My daughter's death will not be in vain. I will fight for her and for all trans people.""

> The Civil Police of São Paulo are investigating the brutal murder of Naira Victoria, a 27-year-old transgender woman whose body was found last Sunday (22) in the capital of São Paulo. Naira's body will be buried this Thursday at the Nossa Senhora do Carmo cemetery in São Carlos. 
> 
> In an interview with São Carlos Agora, Naira's mother, Rosa Maria, shared her pain and outrage over the crime. ""My daughter disappeared and on Monday we filed a police report. On Tuesday, they called me from São Paulo saying that my daughter had been found dead and stabbed,"" she said emotionally.
> 
> Rosa traveled to the capital of São Paulo to identify her daughter's body and was devastated by what she found. ""It was a barbaric crime. They killed my daughter simply because she was a trans woman. She was killed in a cruel way, with stab wounds, bruised eyes, and signs of hanging. She suffered for the two or three days she was alive before she died,"" said the mother.
> 
> Due to the advanced state of decomposition of the body, Naira will be buried this Thursday (24) in São Carlos, without a wake. ""I will have five minutes to cry for my daughter before burying her, because she was already decomposing,"" lamented Rosa.
> 
> According to her mother, Naira had always faced difficulties because of her identity. ""She fought for her rights, always facing prejudice. And now this. My daughter didn't deserve this,"" said Rosa, promising to fight for justice. ""My daughter's death will not be in vain. I will fight for her and for all trans people.""

Accordiing to poolice reports, Naira had disappeared from São Paulo on Thursday 18th October. Her killer called a friend to dispose of Naira's body, but that person turned himself into the police and confessed.

Naira's murderer has been identified and is on the run.

On  Tuesday 29th October councillors of the Municipal Chamber of São Carlos unanimously approved two motions of condolence - one for Naira's death and another for the death of [Amanda Rios](https://tdor.translivesmatter.info/reports/2024/10/21/amanda-eduarda-rios_sao-carlos-sao-paulo-brazil_e7258c20).

https://www.themirror.com/news/world-news/trans-woman-tortured-beaten-hanged-804665

https://www.saocarlosagora.com.br/politica/camara-aprova-mocao-de-pesar-pelos-falecimentos-de-amanda-rios-e-naira/175208/

https://www.saocarlosagora.com.br/cidade/minha-filha-nao-merecia-isso-diz-mae-de-jovem-trans-morta-na/174992/

https://g1.globo.com/sp/sao-carlos-regiao/noticia/2024/10/24/mulher-trans-morta-a-facadas-em-sao-paulo-e-enterrada-em-sao-carlos.ghtml","The body of Naira  Victória Neris was found n Vila Gustavo, São Paulo (Brazil) on 22 Oct 2024. She had been killed around 2 days earlier.

She was 27. #SayHerName #TransLivesMatter #TDoR",https://tdor.translivesmatter.info/reports/2024/10/20/naira-victoria-neris_sao-paulo-brazil_ff9c6b17
San Coleman,48,29-Apr-1976,2024_10_20_San-Coleman.jpg,https://www.dignitymemorial.com/obituaries/athens-ga/santonio-coleman-12043795,20-Oct-2024,tgeu/tdor2025/20-Oct-2024/San Coleman,,,Athens,Georgia,USA,33.958635,-83.3679103,violence,murdered,"San appears to have been murdered while walking on a trail behind the University of Georgia Chicopee Complex.

> Police are investigating after 48-year-old trans person San Coleman was brutally murdered in Athens, Georgia, on October 19.
> 
> Athens-Clarke County Police were dispatched to a popular walking trail behind the University of Georgia’s Chicopee Complex, roughly a mile northeast of downtown Athens, at 9am on October 19 a passerby found Coleman critically injured and covered in blood.
> 
> While Coleman’s sister told 11 Alive (published in an article that misgenders Coleman) that “nobody would ever hurt [her],” Coleman’s death is presumed by police to have been a homicide perpetrated by someone walking their dog on the trail. Coleman’s phone was taken so she couldn’t call for help, and she died hours after being rushed to the hospital.  Coleman’s family suspects that her LGBTQ identity may have played a role in her death.
> 
> Coleman’s identity has not been confirmed, as her family refers to her as a “gay man” with he/him pronouns, but Mutual Aid Athens noted in an Instagram post honoring her death that all photos of her online are of her presenting as a woman – and the reporters who have been covering her story have “very bad local track records with race and LGBTQ issues.”

https://flagpole.com/news/news-features/2024/11/20/family-seeks-answers-and-justice-for-santonio-colemans-death/

https://www.pghlesbian.com/2024/10/police-investigate-suspicious-death-of-a-48-year-old-black-trans-person-in-georgia/

https://www.hrc.org/news/santonio-san-coleman-a-black-transgender-woman-affectionately-known-as-the-life-of-the-party-by-friends-and-family-found-dead-in-athens-georgia

https://www.themirror.com/news/us-news/trans-woman-murdered-found-covered-806453

https://thegavoice.com/news/georgia/athens-police-investigate-suspicious-death-of-san-coleman/

https://eu.onlineathens.com/story/news/crime/2024/10/22/police-investigating-suspicious-death-of-athens-man-found-unconscious/75798055007/

https://www.msn.com/en-us/news/crime/family-shocked-after-loved-one-brutally-killed-while-walking-on-popular-trail-in-athens/ar-AA1sOLhg

https://www.yahoo.com/news/police-investigate-suspicious-death-man-195456380.html

https://www.11alive.com/article/news/crime/family-in-disbelief-after-athens-man-brutally-killed-walking-on-popular-trail/85-8c70848b-4f50-4ec8-8d4a-8b36b70d508f [https://archive.is/P9tLL]

https://www.dignitymemorial.com/obituaries/athens-ga/santonio-coleman-12043795","San Coleman was murdered while walking on a trail behind the University of Georgia Chicopee Complex in Athens, Georgia (USA) on 20 Oct 2024.

She was 48. #SayHerName #TransLivesMatter #TDoR",https://tdor.translivesmatter.info/reports/2024/10/20/san-coleman_athens-georgia-usa_e35fc916
Amanda Eduarda Rios,28,,2024_10_21_Amanda-Eduarda.jpg,https://g1.globo.com/sp/sao-carlos-regiao/noticia/2024/10/22/travesti-que-tentou-invadir-predio-foi-morta-por-zelador-com-mata-leao-diz-bo.ghtml,21-Oct-2024,tgeu/tdor2025/21-Oct-2024/Amanda Eduarda Rios,,Parque Faber,São Carlos,São Paulo ,Brazil,-22.0133911,-47.9139161,violence,asphixiated,"Amanda died while being restrained after being prevented from entering a building. The events that led up to the incident are unclear.
 
> [Trans woman] Amanda Eduarda, 28, killed while trying to break into a building in the Parque Faber neighborhood, in São Carlos (SP), on Monday morning (21), died as a result of asphyxiation caused by a 'mata-leão' chokehold.
> 
> The information is contained in the death certificate issued by the on-duty forensic doctor and which was attached to the case's police report.
> 
> The building's caretaker was arrested, but was released after a custody hearing and will respond to the case while free. G1 was unable to contact his defense.
> 
> He must follow precautionary measures, such as appearing monthly in court and at all acts of the process, not changing address without notifying the court and keeping the address updated, under penalty of revocation of the benefit.
> 
> According to witnesses interviewed by the police, Amanda was behaving aggressively and had tried to enter the Iguatemi shopping mall, where she was stopped. She then went to the building located nearby and entered through the window.
> 
> In an attempt to restrain her, the building's caretaker applied a ""rear naked chokehold"", knocking her to the ground and holding her with his knee on her chest. The action was filmed by surveillance cameras.

On  Tuesday 29th October councillors of the Municipal Chamber of São Carlos unanimously approved two motions of condolence - one for Amanda's death and another for that of [Naira Victoria da Silva](https://tdor.translivesmatter.info/reports/2024/10/20/naira-victoria-neris_sao-paulo-brazil_ff9c6b17)

Amanda's Facebook profile is https://www.facebook.com/profile.php?id=61554853746824.

https://www.saocarlosagora.com.br/politica/camara-aprova-mocao-de-pesar-pelos-falecimentos-de-amanda-rios-e-naira/175208/

https://www.acidadeon.com/saocarlos/cotidiano/saiba-o-que-diz-o-bo-do-caso-da-morte-da-travesti-em-condominio-de-luxo-zelador-foi-preso/

https://www.correiodointerior.com.br/justica-libera-seguranca-preso-apos-matar-travesti-em-predio-residencial-em-sao-carlos/

https://www.acidadeon.com/saocarlos/cotidiano/travesti-e-morta-durante-invasao-a-predio-na-regiao-do-parque-faber/

https://www.saocarlosagora.com.br/cidade/sepultado-em-sao-carlos-o-corpo-de-amanda-rios-comunidade-lgbtqiapn/174907/

https://g1.globo.com/sp/sao-carlos-regiao/noticia/2024/10/22/travesti-que-tentou-invadir-predio-foi-morta-por-zelador-com-mata-leao-diz-bo.ghtml

https://rciararaquara.com.br/destaques/delegado-prende-assassino-de-travesti-morta-no-interior-de-predio-residencial-em-sao-carlos/

https://araraquaraagora.com/noticia/26108/zelador-acusado-de-matar-travesti-e-solto-apos-audiencia-na-regiao-de-araraquara

https://www.saocarlosagora.com.br/editorias/seguranca/acusado-de-matar-travesti-e-solto-apos-audiencia-de-custodia/174919/

https://rciararaquara.com.br/destaques/delegado-prende-assassino-de-travesti-morta-no-interior-de-predio-residencial-em-sao-carlos/

https://www.sindiconet.com.br/informese/mulher-trans-morta-invasao-condominio-sp-noticias-seguranca

https://www.maispb.com.br/748439/mulher-trans-e-agredida-com-barra-de-ferro-em-discussao-em-joao-pessoa-suspeito-foi-detido.html

https://araraquaraagora.com/noticia/26098/zelador-e-preso-apos-morte-de-travesti-que-invadiu-predio-de-alto-padrao-na-regiao-de-araraquara

https://www.correiodointerior.com.br/travesti-morto-por-seguranca-dentro-de-predio-em-sao-carlos-e-identificado/

https://comandovp190.com.br/morte-de-mulher-trans-causa-comocao-na-familia-e-amigos/

https://araraquaraagora.com/noticia/26096/travesti-morre-apos-invadir-predio-de-alto-padrao-na-regiao-de-araraquara

https://comandovp190.com.br/pessoa-invade-predio-de-classe-media-e-acaba-morta/

https://www.acidadeon.com/saocarlos/cotidiano/travesti-e-morta-durante-invasao-a-predio-na-regiao-do-parque-faber/

https://comandovp190.com.br/pessoa-morta-dentro-de-predio-de-classe-media-e-identificada/

https://g1.globo.com/sp/sao-carlos-regiao/noticia/2024/10/21/travesti-e-morta-ao-invadir-predio-em-sao-carlos.ghtml

https://www.saocarlosagora.com.br/editorias/seguranca/travesti-morre-apos-invadir-predio-e-ser-contido-por-segurancas/174844/

https://regiaoemdestake.com.br/2024/10/21/travesti-morre-apos-surto-e-tentativa-de-invasao-em-edificio-no-parque-faber/

https://globoplay.globo.com/v/13030197/","Amanda Eduarda Rios died while being restrained while trying to enter a building in São Carlos, São Paulo (Brazil) on 21 Oct 2024.

She was 28. #SayHerName #TransLivesMatter #TDoR",https://tdor.translivesmatter.info/reports/2024/10/21/amanda-eduarda-rios_sao-carlos-sao-paulo-brazil_e7258c20
"Allyson Ketchum (""Alex"")",29,16-Apr-1995,2024_10_22_Allyson-Ketchum.jpg,https://www.armytimes.com/news/your-army/2017/08/01/shes-one-of-the-armys-first-transitioned-trangender-soldiers-and-an-infantryman-but-now-her-future-is-uncertain/,22-Oct-2024,,,,Mesa,Arizona,USA,33.3954623,-111.902409,suicide,suicide,"Alex died by suicide. Despite being one of the first US infantry soldiers to transition, the 2016 presidential election threw her future into doubt and she left the army in 2020.

> On October 22nd, my baby girl Alex was found lifeless in a park due to [suicide method redacted]. She came into this world to forge a new path and open the minds of those who rejected the LGBTQ community, as well as those within the community who turned against each other. She understood that this journey was difficult, unfair, and filled with heartbreak and suffering, yet she chose to push forward.
> 
> I envision her as a bull in a Spanish bullfight. Like the bull, she kept running and fighting even as the torero and his assistants inflicted wounds upon her. Ultimately, the final sword pierced her heart, tearing apart the three components of her being: her body, her soul, and her spirit. At that moment, everything was broken, and she took her last breath. I hope, with a sincere and heavy heart, that this event won’t be in vain. I wish that, with her passing, others will realize that when we leave this 3D dimension and earthly life, it won’t matter what our gender, race, social status, or beliefs are. Where we are headed, there are no such titles; it is a place of love and happiness. We are all connected and come from the same source. I will miss her so much, I will miss her saying or texting “I love you, Mom”. I am glad I could save some of the messages she left, I will be able to hear her physically which will give me comfort or a reason to cry when I am alone. Either way, it will help me to stay strong.

In July 2022 Allyson had given a speech at the [March for Trans Justice event by Queerizona](https://eu.azcentral.com/picture-gallery/news/local/2022/07/16/march-trans-rights/10077789002/) in the Arizona Capitol, and in 2023 she posted a timeline video about her transition on Rachel Moore's channel at https://www.youtube.com/watch?v=kIdTpf8IyvE:

<iframe width=""840"" height=""473"" src=""https://www.youtube.com/embed/kIdTpf8IyvE?si=zqhcWPcqawUaG8Kx"" title=""YouTube video player"" frameborder=""0"" allow=""accelerometer; autoplay; clipboard-write; encrypted-media; gyroscope; picture-in-picture; web-share"" referrerpolicy=""strict-origin-when-cross-origin"" allowfullscreen></iframe>

Allyson's LinkedIn profile is https://www.linkedin.com/in/allyson-ketchum-724128246.

https://bunkerfuneral.com/obituary/allyson-akec-ketchum/

https://www.legacy.com/us/obituaries/name/allyson-ketchum-obituary?id=56626809

https://www.armytimes.com/news/your-army/2017/08/01/shes-one-of-the-armys-first-transitioned-trangender-soldiers-and-an-infantryman-but-now-her-future-is-uncertain/","Allyson Ketchum died by suicide in Mesa, Arizona (USA) on 22 Oct 2024.

She was 29, and had been one of the first US infantry soldiers to transition, but subsequently left the army to become a student journalist. #SayHerName #TransLivesMatter #TDoR",https://tdor.translivesmatter.info/reports/2024/10/22/allyson-ketchum-alex_mesa-arizona-usa_0e758a09
Nazak,,,,,22-Oct-2024,tgeu/tdor2025/21-Oct-2024/Nazak,,,Mardan,Khyber Pakhtunkhwa,Pakistan,34.1894362,71.9564834,violence,stabbed,"Nazak and her housemate [Salmanay](https://tdor.translivesmatter.info/reports/2024/10/22/salmanay_mardan-khyber-pakhtunkhwa-pakistan_5ec5bb21) were killed in their home by armed assailants. A third trans woman named Shawki who also lived there survived the attack.

> PESHAWAR, Pakistan (AP) — Two men armed with daggers killed two transgender women at their home in conservative northwest Pakistan overnight before fleeing the scene, police said, a sign of increasing violence against trans people in the country.
> 
> The killings happened Sunday night in Mardan, a city in Khyber Pakhtunkhwa province, local police chief Fahim Khan said. He said the motive behind the killings was unclear and officers are still investigating, and the victims had been buried at a local graveyard.
> 
> Khan said that two suspects had also been arrested in connection with the killings, but he refused to share any further details. Khan also refused to confirm or deny whether the men were directly involved in the attack.

Three suspects were subsequently arrested and confessed to the attack. Reportedly they were part of an organised criminal gang who targetted trans people.

https://www.them.us/story/transgender-women-killed-pakistan-three-men-arrested

https://www.advocate.com/crime/arrest-killing-trans-women-pakistan

https://76crimes.com/2024/10/29/two-trans-women-stabbed-to-death-at-home-in-northwest-pakistan/

https://www.lgbtqnation.com/2024/10/two-trans-women-found-stabbed-to-death-in-their-apartment-three-men-have-already-been-arrested/

https://www.ptinews.com/story/international/pakistan-police-arrest-3-men-who-stabbed-and-killed-2-transgender-women-at-their-home/1926119

https://watermarkonline.com/2024/10/23/2-transgender-women-stabbed-to-death-at-home-in-northwest-pakistan/

https://www.dawn.com/news/amp/1867470

https://www.newdelhitimes.com/pakistan-police-arrest-3-men-who-stabbed-and-killed-2-transgender-women-at-their-home/

https://www.dawn.com/news/1867470

https://abcnews.go.com/International/wireStory/pakistan-police-arrest-3-men-stabbed-killed-2-115056474

https://www.startribune.com/pakistan-police-arrest-3-men-who-stabbed-and-killed-2-transgender-women-at-their-home/601166620

https://www.newsweek.com/police-investigate-fatal-stabbing-two-trans-women-1972698

https://apnews.com/article/pakistan-arrest-men-trans-women-killed-northwest-cec6dd2689a7a1d9d997bb4c604bcc59

https://www.bastillepost.com/global/article/4265639-pakistan-police-arrest-3-men-who-stabbed-and-killed-2-transgender-women-at-their-home

https://english.aaj.tv/news/330385504/three-suspects-arrested-for-murder-of-two-transgender-persons

https://tnnenglish.com/two-suspects-arrested-in-brutal-murder-of-transgender-persons-near-mardan-police-lines

https://www.startribune.com/2-transgender-women-stabbed-to-death-at-home-in-northwest-pakistan/601166029

https://www.lmtonline.com/news/world/article/2-transgender-women-stabbed-to-death-at-home-in-19853254.php

https://apnews.com/article/pakistan-trans-women-stabbed-killed-northwest-fe0eef893e486013d51cc5f470a6807e

https://dailyausaf.com/en/uncategorized/two-transgender-individuals-stabbed-to-death-in-mardan/

https://www.dawn.com/news/1866720/two-transgender-persons-stabbed-to-death

https://www.independent.co.uk/travel/asia/south-asia/transgender-pakistan-stabbing-murder-mardan-b2633563.html

https://www.thepinknews.com/2024/10/22/trans-women-murder-pakistan/

https://english.aaj.tv/news/330385250/two-transgenders-murdered-near-police-lines-in-mardan

https://abc17news.com/news/2024/10/22/2-transgender-women-stabbed-to-death-at-home-in-northwest-pakistan/

https://www.wcia.com/news/international/ap-2-transgender-women-stabbed-to-death-at-home-in-northwest-pakistan/

https://keyt.com/news/2024/10/21/2-transgender-women-stabbed-to-death-at-home-in-northwest-pakistan/

https://www.usnews.com/news/world/articles/2024-10-22/2-transgender-women-stabbed-to-death-at-home-in-northwest-pakistan

https://www.notitarde.com.ve/internacional/60084/asesinan-a-punaladas-a-dos-mujeres-transgenero-en-pakistan

https://www.nmas.com.mx/internacional/medio-oriente/asesinan-a-2-mujeres-transgenero-a-punaladas-dentro-de-su-casa/

https://www.eldia.com.bo/2024-10-22/internacional/asesinan-a-punaladas-a-dos-mujeres-transgenero-en-pakistan.html

https://abcnews.go.com/International/wireStory/2-transgender-women-stabbed-death-home-northwest-pakistan-115014388

https://www.dawn.com/news/1866720

https://www.rferl.org/a/transgender-people-killed-pakistan-khyber-pakhtunkhwa/33167791.html

https://voicepk.net/2024/10/kp-murder-count-of-trans-persons-rises-to-10-this-year-as-two-more-killed/

https://www.morningsun.net/stories/2-transgender-women-stabbed-to-death-at-home-in-northwest-pakistan,158852

https://www.youtube.com/watch?v=QLZ-5iAo6-A","Nazak and her housemate Salmanay were killed in their home in Mardan, Khyber Pakhtunkhwa (Pakistan) by armed assailants on 22 Oct 2024.

A third #trans woman named Shawki who also lived there survived the attack. #SayTheirNames #TransLivesMatter #TDoR",https://tdor.translivesmatter.info/reports/2024/10/22/nazak_mardan-khyber-pakhtunkhwa-pakistan_8bd80bdd
Salmanay,,,,,22-Oct-2024,tgeu/tdor2025/21-Oct-2024/Salmanay,,,Mardan,Khyber Pakhtunkhwa,Pakistan,34.1894362,71.9564834,violence,stabbed,"Salmanay and her housemate [Nazak](https://tdor.translivesmatter.info/reports/2024/10/22/nazka_mardan-khyber-pakhtunkhwa-pakistan_8bd80bdd) were killed in their home by armed assailants. A third trans woman named Shawki who also lived there survived the attack.

> PESHAWAR, Pakistan (AP) — Two men armed with daggers killed two transgender women at their home in conservative northwest Pakistan overnight before fleeing the scene, police said, a sign of increasing violence against trans people in the country.
> 
> The killings happened Sunday night in Mardan, a city in Khyber Pakhtunkhwa province, local police chief Fahim Khan said. He said the motive behind the killings was unclear and officers are still investigating, and the victims had been buried at a local graveyard.
> 
> Khan said that two suspects had also been arrested in connection with the killings, but he refused to share any further details. Khan also refused to confirm or deny whether the men were directly involved in the attack.

Three suspects were subsequently arrested and confessed to the attack. Reportedly they were part of an organised criminal gang who targetted trans people.

https://www.them.us/story/transgender-women-killed-pakistan-three-men-arrested

https://www.advocate.com/crime/arrest-killing-trans-women-pakistan

https://76crimes.com/2024/10/29/two-trans-women-stabbed-to-death-at-home-in-northwest-pakistan/

https://www.lgbtqnation.com/2024/10/two-trans-women-found-stabbed-to-death-in-their-apartment-three-men-have-already-been-arrested/

https://www.ptinews.com/story/international/pakistan-police-arrest-3-men-who-stabbed-and-killed-2-transgender-women-at-their-home/1926119

https://watermarkonline.com/2024/10/23/2-transgender-women-stabbed-to-death-at-home-in-northwest-pakistan/

https://www.dawn.com/news/amp/1867470

https://www.newdelhitimes.com/pakistan-police-arrest-3-men-who-stabbed-and-killed-2-transgender-women-at-their-home/

https://www.dawn.com/news/1867470

https://abcnews.go.com/International/wireStory/pakistan-police-arrest-3-men-stabbed-killed-2-115056474

https://www.startribune.com/pakistan-police-arrest-3-men-who-stabbed-and-killed-2-transgender-women-at-their-home/601166620

https://www.newsweek.com/police-investigate-fatal-stabbing-two-trans-women-1972698

https://apnews.com/article/pakistan-arrest-men-trans-women-killed-northwest-cec6dd2689a7a1d9d997bb4c604bcc59

https://www.bastillepost.com/global/article/4265639-pakistan-police-arrest-3-men-who-stabbed-and-killed-2-transgender-women-at-their-home

https://english.aaj.tv/news/330385504/three-suspects-arrested-for-murder-of-two-transgender-persons

https://tnnenglish.com/two-suspects-arrested-in-brutal-murder-of-transgender-persons-near-mardan-police-lines

https://www.startribune.com/2-transgender-women-stabbed-to-death-at-home-in-northwest-pakistan/601166029

https://www.lmtonline.com/news/world/article/2-transgender-women-stabbed-to-death-at-home-in-19853254.php

https://apnews.com/article/pakistan-trans-women-stabbed-killed-northwest-fe0eef893e486013d51cc5f470a6807e

https://dailyausaf.com/en/uncategorized/two-transgender-individuals-stabbed-to-death-in-mardan/

https://www.dawn.com/news/1866720/two-transgender-persons-stabbed-to-death

https://www.independent.co.uk/travel/asia/south-asia/transgender-pakistan-stabbing-murder-mardan-b2633563.html

https://www.thepinknews.com/2024/10/22/trans-women-murder-pakistan/

https://english.aaj.tv/news/330385250/two-transgenders-murdered-near-police-lines-in-mardan

https://abc17news.com/news/2024/10/22/2-transgender-women-stabbed-to-death-at-home-in-northwest-pakistan/

https://www.wcia.com/news/international/ap-2-transgender-women-stabbed-to-death-at-home-in-northwest-pakistan/

https://keyt.com/news/2024/10/21/2-transgender-women-stabbed-to-death-at-home-in-northwest-pakistan/

https://www.usnews.com/news/world/articles/2024-10-22/2-transgender-women-stabbed-to-death-at-home-in-northwest-pakistan

https://www.notitarde.com.ve/internacional/60084/asesinan-a-punaladas-a-dos-mujeres-transgenero-en-pakistan

https://www.nmas.com.mx/internacional/medio-oriente/asesinan-a-2-mujeres-transgenero-a-punaladas-dentro-de-su-casa/

https://www.eldia.com.bo/2024-10-22/internacional/asesinan-a-punaladas-a-dos-mujeres-transgenero-en-pakistan.html

https://abcnews.go.com/International/wireStory/2-transgender-women-stabbed-death-home-northwest-pakistan-115014388

https://www.dawn.com/news/1866720

https://www.rferl.org/a/transgender-people-killed-pakistan-khyber-pakhtunkhwa/33167791.html

https://voicepk.net/2024/10/kp-murder-count-of-trans-persons-rises-to-10-this-year-as-two-more-killed/

https://www.morningsun.net/stories/2-transgender-women-stabbed-to-death-at-home-in-northwest-pakistan,158852

https://www.youtube.com/watch?v=QLZ-5iAo6-A","Salmany and her housemate Nazkak were killed in their home in Mardan, Khyber Pakhtunkhwa (Pakistan) by armed assailants on 22 Oct 2024.

A third #trans woman named Shawki who also lived there survived the attack. #SayTheirNames #TransLivesMatter #TDoR",https://tdor.translivesmatter.info/reports/2024/10/22/salmanay_mardan-khyber-pakhtunkhwa-pakistan_5ec5bb21
Luane Costa da Silva,27,,2024_10_23_Luane-Costa-da-Silva.jpg,https://infosaj.com.br/mulher-trans-natural-de-santo-antonio-de-jesus-e-encontrada-morta-em-sao-paulo/,23-Oct-2024,tgeu/tdor2025/23-Oct-2024/Luane Costa da Silva,Avenida Rangel Pestana,Vila Mathias,Santos,São Paulo,Brazil,-23.9425666,-46.336401,violence,strangled,"Luane's body was found in a motel. A cellphone left in the room identified her killer as a pastor, who, according to the prosecutor, killed her after he discovered she was trans.

> A homicide motivated by a trivial argument and committed through asphyxiation. Thus, prosecutor Fabio Perez Fernandez, who works before the Jury Court of Santos, on the coast of São Paulo, summarized the murder of Luane Costa da Silva, a trans woman, and denounced the accused of committing it: engineer Antonio Lima dos Santos Neto, 45 years old, who said during questioning to the police that he was also a pastor of a church.
>
> The crime took place on the evening of the 22nd in room number 10 of the Danúbio Hotel, located on Rua Rangel Pestana, in Vila Mathias. The engineer arrived at the scene by car with the victim at 8:00 p.m., but he was the only one who walked to the reception, where he paid R$60.00 for a one-hour stay. He then walked to the stairs, where Luane was waiting for him, and they both headed to the suite. About half an hour later, Antonio left alone in the vehicle.
>
> The formal accusation by the representative of the Public Prosecutor's Office (MP) was filed on Wednesday (31). In his initial accusation, the prosecutor states that “the accused and the victim were going to have a sexual encounter, at which point Antônio realized that the victim was a transsexual woman and, therefore, gave up on the sexual encounter. Given the cancellation of the sexual encounter, the accused and the victim had a trivial argument”.
>
> Because of this disagreement, according to Perez, “Antônio squeezed Luane’s neck until she died by asphyxiation.” Futile motive and asphyxiation are qualifiers of homicide, which make it a heinous crime and increase its sentence to 12 to 30 years. Without the qualifiers, homicide would be considered simple and punishable by six to 20 years in prison, without receiving the harsher treatment due to the heinousness.

https://www.irishstar.com/news/us-news/church-pastor-strangled-trans-call-34110074

https://santaportal.com.br/policia/mp-denuncia-pastor-pela-morte-de-mulher-trans-por-motivo-futil-e-asfixia

https://www.metropoles.com/sao-paulo/mpsp-denuncia-pastor-que-matou-mulher-trans-apos-pagar-por-programa

https://santaportal.com.br/policia/mp-denuncia-pastor-pela-morte-de-mulher-trans-por-motivo-futil-e-asfixia

https://g1.globo.com/sp/santos-regiao/noticia/2024/11/02/mp-sp-denuncia-pastor-apos-mulher-trans-baiana-ser-encontrada-morta-em-motel.ghtml

https://midiabahia.com.br/pastor-e-suspeito-de-matar-mulher-trans-santoantoniense-em-sp/

https://g1.globo.com/ba/bahia/noticia/2024/10/24/mulher-trans-morta.ghtml

https://revistaafirmativa.com.br/justica-decreta-prisao-preventiva-de-pastor-suspeito-de-matar-mulher-trans-em-motel-da-cidade-de-santos-sp/

https://blogdovalente.com.br/destaque/2024/10/caso-luane-pastor-e-um-dos-suspeitos-de-envolvimento-na-morte-de-mulher-trans-em-sao-paulo/

https://vozdabahia.com.br/corpo-de-luanne-mulher-trans-morta-na-capital-paulista-deve-chegar-em-saj-nesta-quinta-feira/

https://www.ibahia.com/interior-da-bahia/mulher-trans-de-santo-antonio-de-jesus-e-encontrada-morta-em-sp-329612

https://www.correio24horas.com.br/minha-bahia/baiana-trans-e-achada-morta-dentro-de-motel-em-santos-1024#

https://www.acordacidade.com.br/policia/suposto-pastor-e-suspeito-de-matar-mulher-trans-natural-de-santo-antonio-de-jesus/

https://www.metroworldnews.com.br/foco/2024/10/28/suspeito-de-matar-mulher-trans-em-motel-pastor-tem-prisao-preventiva-decretada-pela-justica-de-sp/

https://economiaempauta.com.br/justica-decreta-prisao-preventiva-de-pastor-por-morte-de-mulher-trans-em-motel-de-santos/

https://rondoniaovivo.com/noticia/interior/2024/10/27/em-motel-pastor-e-preso-apos-policia-encontrar-corpo-de-mulher.html

https://ampost.com.br/policia/pastor-que-matou-mulher-trans-teria-premeditado-crime-afirma-irma-da-vitima/

https://cornelionoticias.com.br/posts/detalhes/12719

https://www.atribuna.com.br/noticias/policia/pastor-suspeito-de-envolvimento-em-morte-de-mulher-trans-em-santos-tem-pris-o-convertida-1.439130

https://spdiario.com.br/noticias/policia/mulher-trans-e-encontrada-morta-apos-briga-com-pastor.html

https://www.otvfoco.com.br/pastor-famoso-mata-mulher-trans-de-27-anos-em-motel/

https://revistametropolitana.com.br/noticia/52075/pastor-vai-seguir-preso-apos-mulher-trans-ser-morta-em-motel

https://www.folhavitoria.com.br/policia/noticia/10/2024/pastor-e-preso-suspeito-de-matar-mulher-trans-em-motel-do-litoral-de-sp

https://www.diariodaregiao.com.br/cidades/policia/pastor-e-preso-por-matar-mulher-trans-em-motel-em-santos-1.2006910

https://g1.globo.com/sp/santos-regiao/noticia/2024/10/26/pastor-tem-prisao-convertida-apos-mulher-trans-baiana-ser-achada-morta-em-motel-entenda.ghtml

https://www.passandoaregua.com.br/noticia/pastor-e-preso-suspeito-de-matar-mulher-trans-em-motel-do-litoral-de-sp-22100

https://www.itatiaia.com.br/brasil/2024/10/26/justica-de-sp-decide-manter-preso-pastor-suspeito-de-matar-mulher-trans-em-motel

https://www.portaldoholanda.com.br/brasil/pastor-que-matou-mulher-trans-em-motel-premeditou-crime-afirma-irma-da-vitima

https://jornaldacomarca.com.br/policia-prende-pastor-apos-encontrar-mulher-trans-morta-em-quarto-de-motel/

https://ric.com.br/prja/seguranca/pastor-e-preso-suspeito-de-matar-mulher-trans-em-motel/

https://www.gazetaweb.com/alagoas/pastor-de-45-anos-e-preso-por-matar-mulher-trans-em-motel-de-santos-788127

https://www.cnnbrasil.com.br/nacional/pastor-e-preso-suspeito-de-matar-mulher-trans-em-motel-de-santos/

https://www.reporterdiario.com.br/noticia/3528923/pastor-e-preso-suspeito-de-matar-mulher-trans-em-motel-do-litoral-de-sp/

https://sampi.net.br/ovale/noticias/2864404/geral/2024/10/pastor-e-preso-apos-morte-de-mulher-trans-em-quarto-de-motel

https://ndmais.com.br/seguranca/pastor-e-preso-suspeito-de-matar-mulher-trans-em-motel-do-litoral-de-sp/

https://www.metropoles.com/sao-paulo/pastor-de-45-anos-e-preso-por-matar-mulher-trans-em-motel-de-santos

https://www.atribuna.com.br/noticias/policia/pastor-e-preso-apos-mulher-trans-baiana-ser-encontrada-morta-dentro-de-motel-em-santos-1.439058

https://pordentrodetudo.com.br/pastor-e-preso-apos-mulher-trans-ser-encontrada-morta-em-motel/

https://gazetarondonia.com.br/noticia/16699/pastor-e-preso-apos-travesti-ser-encontrada-morta-em-quarto-de-motel

https://www.estadao.com.br/sao-paulo/pastor-preso-mulher-trans-motel-santos-litoral-de-sp-nprm/

https://nahoradanoticia.com.br/policia/pastor-e-preso-suspeito-de-assassinar-mulher-trans-em-motel-no-litoral-de-sao-paulo/

https://noticias.uol.com.br/cotidiano/ultimas-noticias/2024/10/25/morte-mulher-trans-prisao-pastor-santos.htm

https://g1.globo.com/sp/santos-regiao/noticia/2024/10/25/pastor-e-preso-apos-mulher-trans-baiana-ser-encontrada-morta-em-quarto-de-motel-no-litoral-de-sp.ghtml

https://sobralonline.com.br/pastor-e-preso-apos-mulher-trans-ser-encontrada-morta-em-quarto-de-motel/

https://vtvnews.com.br/2024/10/25/mulher-trans-e-encontrada-morta-em-motel-e-pastor-acaba-preso/

https://folhasantista.com.br/policia/pastor-e-preso-em-flagrante-acusado-de-matar-mulher-trans-em-motel-de-santos/

https://www.terra.com.br/nos/pastor-e-preso-suspeito-de-assassinar-mulher-trans-em-motel-no-litoral-de-sao-paulo,f602e2359b2a0c660089a86d7f1e3e627t36u9cq.html

https://revistaforum.com.br/brasil/sudeste/2024/10/25/pastor-preso-em-flagrante-acusado-de-matar-mulher-trans-em-motel-168070.html

https://www.topmidianews.com.br/geral/pastor-e-preso-apos-mulher-trans-baiana-ser-encontrada-morta-em-quarto/211537/

https://popmundi.com.br/noticia/91169/pastor-e-preso-suspeito-de-matar-mulher-trans-em-santos

https://bahianoar.com/pastor-e-preso-suspeito-de-matar-mulher-trans-durante-encontro/

https://regiaonoroeste.com/policia-prende-pastor-apos-encontrar-mulher-trans-morta-em-quarto-de-motel/

https://www.correio24horas.com.br/minha-bahia/pastor-que-matou-baiana-em-motel-saiu-no-intuito-de-buscar-uma-trans-diz-irma-de-vitima-1024

https://diariodonordeste.verdesmares.com.br/ultima-hora/pais/pastor-e-preso-por-envolvimento-em-morte-de-mulher-trans-em-quarto-de-motel-em-sp-1.3574997

https://blogdovalente.com.br/noticias/saj/2024/10/laudo-confirma-morte-de-luane-por-asfixia-por-esganadura-corpo-chega-hoje-a-saj/

https://www.ibahia.com/bahia/pastor-e-preso-por-morte-de-mulher-trans-baiana-em-motel-de-santos-329695

https://www.otempo.com.br/brasil/2024/10/25/pastor-de-45-anos-e-preso-suspeito-de-matar-mulher-trans-em-mote

https://jornaldebrasilia.com.br/nahorah/pastor-e-preso-suspeito-de-matar-mulher-trans-apos-discussao-em-um-quarto-de-motel/

https://g1.globo.com/ba/bahia/noticia/2024/10/25/irma-de-mulher-trans-encontrada-morta-em-quarto-de-motel-em-sp-acredita-que-pastor-mentiu-no-interrogatorio-nao-pode-ser-solto.ghtml

https://www.meionews.com/policia/pastor-e-preso-apos-mulher-trans-ser-encontrada-morta-em-quarto-de-motel-511570

https://www.fuxicogospel.com.br/2024/10/pastor-e-preso-por-morte-de-mulher-trans-em-motel-era-so-um-programa.html

https://www.jornalfolhadoestado.com/seguranca/pastor-e-preso-apos-mulher-trans-baiana-ser-encontrada-morta

https://gazetabrasil.com.br/brasil/2024/10/25/pastor-e-preso-apos-trans-ser-encontrada-morta-em-quarto-de-motel-no-litoral-de-sp/

https://www.redegn.com.br/?sessao=email&cod_noticia=197770

https://infosaj.com.br/acusado-de-matar-mulher-trans-natural-de-saj-em-sp-dizia-ser-pastor-e-foi-preso-apos-esquecer-celular-dentro-do-estabelecimento/

https://seliguebahia.com.br/seguranca/baiana-e-encontrada-morta-em-quarto-de-hotel-em-sao-paulo/

https://aratuon.com.br/interior/2024-10-24/mulher-trans-baiana-e-encontrada-morta-em-motel-de-sao-paulo/

https://ocp.news/seguranca/pastor-e-preso-suspeito-de-matar-mulher-trans-em-motel

https://nossodia.com.br/pastor-e-preso-suspeito-de-matar-mulher-trans-em-motel/

https://noticias.uol.com.br/cotidiano/ultimas-noticias/2024/10/26/pastor-que-matou-mulher-trans-em-motel-premeditou-crime-diz-irma-da-vitima.htm

https://thmais.com.br/cidades/baixada-santista/justica-converte-prisao-de-pastor-acusado-de-matar-mulher-trans-em-motel-de-santos-em-preventiva/

https://www.meganesia.com.br/2024/10/28/justica-decreta-prisao-preventiva-de-pastor-por-morte-de-mulher-trans-em-motel-de-santos

https://www.terra.com.br/noticias/brasil/cidades/justica-decreta-prisao-preventiva-de-pastor-suspeito-da-morte-de-mulher-trans-em-motel-de-santos,9994930cafbfe19cb8a215eebd03b0ef74063n4j.html

https://www.maissantos.com.br/santos/santos-policia/pastor-casado-e-suspeito-por-envolvimento-em-morte-de-mulher-trans-apos-encontro-em-motel/

https://www.metropoles.com/sao-paulo/tjsp-decreta-prisao-preventiva-de-pastor-por-morte-de-trans-em-motel

https://infosaj.com.br/pastor-tem-prisao-convertida-apos-luane-mulher-trans-natural-de-saj-ser-achada-morta-em-motel/

https://seliguebahia.com.br/seguranca/baiana-e-encontrada-morta-em-quarto-de-hotel-em-sao-paulo/

https://infosaj.com.br/acusado-de-matar-mulher-trans-natural-de-saj-em-sp-dizia-ser-pastor-e-foi-preso-apos-esquecer-celular-dentro-do-estabelecimento/

https://blogdovalente.com.br/destaque/2024/10/caso-luane-pastor-e-um-dos-suspeitos-de-envolvimento-na-morte-de-mulher-trans-em-sao-paulo/

https://infosaj.com.br/caso-luane-investigacao-aponta-que-mulher-trans-de-saj-encontrada-morta-teria-sido-vitima-de-estrangulamento/

https://blogdovalente.com.br/noticias/saj/2024/10/mulher-trans-santoantoniense-e-encontrada-morta-em-sao-paulo/

https://vozdabahia.com.br/investigacao-aponta-que-mulher-trans-santoantoniense-encontrada-morta-em-sao-paulo-teria-sido-vitima-de-estrangulamento/

https://blogdovalente.com.br/noticias/saj/2024/10/jovem-trans-de-saj-morta-em-sao-paulo-teria-sido-estrangulada-em-um-motel/

https://infosaj.com.br/mulher-trans-natural-de-santo-antonio-de-jesus-e-encontrada-morta-em-sao-paulo/

https://globoplay.globo.com/v/13044129/","The body of Luane Costa da Silva was found in a motel in Santos, São Paulo (Brazil) on 23 Oct 2024.

She was 27. #SayHerName #TransLivesMatter #TDoR",https://tdor.translivesmatter.info/reports/2024/10/23/luane-costa-da-silva_sao-paulo-brazil_5863818e
Soraya Ruíz,42,,,,23-Oct-2024,tgeu/tdor2025/23-Oct-2024/Soraya Ruíz,Pedro León Gallo and José C. Paz,,Buenos Aires,Buenos Aires,Argentina,-34.7073037,-58.5585761,violence,shot,"Soraya's body was found with gunshot wounds inside a building in a western suburb of Buenos Aires. There is as yet no information upon the motive for the crime or who killed her.

> A trans woman was shot dead and her body was found riddled with bullets inside a house, in a mysterious incident that was discovered on Wednesday in the west of the Buenos Aires suburbs. Investigators are trying to establish the motives for the murder and find out the whereabouts of the criminals. Another of the most shocking police cases of the day .
> 
> Judicial spokesmen revealed to cronica.com.ar that the victim of this crime was identified as Soraya Ruíz.
> 
> According to informants, the discovery occurred on Wednesday afternoon, when members of the Patrol Command (CP) received a report on the 911 emergency telephone number, which referred to a deceased person in a precarious farm, located near the Manuel Belgrano Sur Railway tracks, at the intersection of Pedro León Gallo and José C. Paz. 
> 
> It was reported that upon arriving at the aforementioned location, the officers observed Ruíz's body, which was lying inside the building.

https://www.el1digital.com.ar/policiales/travesticidio-en-san-justo/

https://www.diariocronica.com.ar/noticias/2024/10/24/105061-extrano-crimen-a-balazos-contra-persona-trans-tiraron-el-cadaver-adentro-de-una-casa

https://www.cronica.com.ar/policiales/Misterio-asesinaron-a-balazos-a-mujer-trans-y-descartaron-su-cadaver-acribillado-en-una-casa-20241024-0064.html

https://www.instagram.com/mov.trav.trans.bs.as/p/DBllZThuvuk/

https://www.instagram.com/sudakatlgbi/p/DBmJu9Rxli7/","The body of Soraya Ruíz was found with gunshot wounds inside a building in San Justo, Buenos Aires (Argentina) on 23 Oct 2024.

She was 42. #SayHerName #TransLivesMatter #TDoR",https://tdor.translivesmatter.info/reports/2024/10/23/soraya-ruiz_buenos-aires-argentina_c07fed53
"Evellyn Marcelly (""Evinha"")",About 30,,2024_10_24_Evellyn-Marcelly.jpg,https://www.assisramalho.com.br/2024/10/homem-e-preso-em-flagrante-por-jogar.html,24-Oct-2024,"tgeu/tdor2025/24-Oct-2024/Evellyn Marcelly (""Evinha"")",Ruas Ribeirão das Neves and Ribeirão do Pinhal,Ibura,Recife,Pernambuco,Brazil,-8.111927427,-34.94194669,violence,suffocated,"Evellyn's body was found tied up and wrapped in a sheet.

> A body tied with ropes and wrapped in a sheet was left on the corner of ruas Ribeirão das Neves and Ribeirão do Pinhal, in the Ibura neighborhood of the South Zone of Recife, this Thursday (24) early in the morning, drawing the attention of local residents. According to information from reporter Rafaella Pimentel, from TV Tribuna PE, no one recognized the victim.
> 
> It was only when the homicide department task force team arrived and forensic experts began to analyze the body that they saw that it was that of a [trans woman]. She had no identification and appeared to be around 30 years old. The forensic examination found no clear signs of violence on her body, only a nosebleed.
> 
> For now, the police have registered the case as a death to be clarified. There is a suspicion that the victim died from suffocation, but this can only be proven in an examination carried out at the IML. Also according to the experts, the crime was committed in another location and the body was abandoned on this corner.

Subsequently police arrested a man who had been filmed carrying her body and throwing it on the street.

https://www.terra.com.br/nos/homem-joga-na-rua-corpo-de-mulher-trans-assassinada-e-e-preso-no-recife,1fe96829c8afdbb8fdb0774b64a099afdgdxr50r.html?utm_source=clipboard

https://www.terra.com.br/nos/homem-joga-na-rua-corpo-de-mulher-trans-assassinada-e-e-preso-no-recife,1fe96829c8afdbb8fdb0774b64a099afdgdxr50r.html

https://www.terra.com.br/noticias/brasil/cidades/homem-joga-na-rua-o-corpo-de-mulher-trans-assassinada-e-e-preso-em-recife,1fe96829c8afdbb8fdb0774b64a099afdgdxr50r.html

https://pernambuconoticias.com.br/recife-suspeito-de-assassinato-de-mulher-trans-e-preso-em-flagrante-apos-desova-de-corpo-em-via-publica/

https://www.assisramalho.com.br/2024/10/homem-e-preso-em-flagrante-por-jogar.html

https://www.cbnrecife.com/artigo/policia-civil-prende-homem-que-jogou-corpo-de-mulher-trans-assassinada-na-rua-no-ibura

https://jc.ne10.uol.com.br/colunas/seguranca/2024/10/24/mulher-trans-e-encontrada-morta-com-corpo-amarrado-e-coberto-por-lona-na-zona-sul-do-recife.html

https://tribunaonline.com.br/pernambuco/policia/corpo-de-travesti-e-deixado-em-esquina-no-ibura-amarrado-e-enrolado-no-lencol-205328?home=esp%C3%ADrito+santo

https://faroldenoticias.com.br/policia-suspeito-jogar-corpo-via-publica/

https://www.liberdadefmfe.com/news-homem-e-preso-em-flagrante-por-jogar-corpo-de-mulher-trans-assassinada-em-rua-do-recife-video

https://g1.globo.com/pe/pernambuco/noticia/2024/10/25/homem-e-preso-em-flagrante-por-jogar-corpo-de-mulher-trans-assassinada-em-rua-do-recife-vitima-estava-amarrada-em-lencol.ghtml

https://tribunaonline.com.br/pernambuco/policia/policia-civil-prende-acusado-da-morte-de-mulher-trans-no-bairro-do-ibura-205591

https://www.diariodepernambuco.com.br/noticia/vidaurbana/2024/10/policia-prende-suspeito-de-jogar-corpo-em-via-publica-no-ibura.html

https://www.folhape.com.br/noticias/preso-homem-morte-mulher-trans/368740/

https://www.leiaja.com/noticias/2024/10/25/homem-suspeito-de-matar-mulher-trans-no-ibura-e-preso/

https://jc.ne10.uol.com.br/colunas/seguranca/2024/10/25/policia-civil-prende-suspeito-de-matar-mulher-trans-no-bairro-do-ibura-no-recife.html

https://www.diariodepernambuco.com.br/noticia/vidaurbana/2024/10/corpo-enrolado-em-pano-e-amarrado-com-cordas-em-achado-em-via-publica.html

https://www.leiaja.com/noticias/2024/10/24/corpo-enrolado-em-lona-e-encontrando-em-rua-no-ibura/
","The body of Evellyn Marcelly was found tied up and wrapped in a sheet in Recife, Pernambuco (Brazil) on 24 Oct 2024. #SayHerName #TransLivesMatter #TDoR",https://tdor.translivesmatter.info/reports/2024/10/24/evellyn-marcelly-evinha_recife-pernambuco-brazil_82039daa
Frida Avalos Gamez,50,,2024_10_24_Frida-Avalos-Gamez.jpg,https://www.helloasso.com/associations/acceptess-t/formulaires/4,24-Oct-2024,tgeu/tdor2025/24-Oct-2024/Frida,Hôpital Bicêtre AP-HP,Le Kremlin-Bicêtre,Paris,Paris,France,48.81,2.356111,violence,not reported,"Frida died in hospital just over two years after being rendered tetraplegic after being attacked from behind by a man on Monday 8th August 2022.

<iframe src=""https://www.facebook.com/plugins/post.php?href=https%3A%2F%2Fwww.facebook.com%2Facceptesst%2Fposts%2Fpfbid0oNmmDkYY9vXTsr7rKUAHCxKLZAwxLueBgtKaXzQQtkSparCwk1wWmWTbsXxmVeADl&show_text=true&width=500"" width=""500"" height=""500"" style=""border:none;overflow:hidden"" scrolling=""no"" frameborder=""0"" allowfullscreen=""true"" allow=""autoplay; clipboard-write; encrypted-media; picture-in-picture; web-share""></iframe>

> Acceptess-T is deeply mourning again. We lost a trans woman from the Acceptess-T family. Frida was a Peruvian trans woman, who arrived in France in 2008 and since then she has been practicing sex work in the Boulogne forest in Paris.
> 
> Frida was one of the first people involved in our association, from her early days. She was always mobilized at historical events and marches Acceptess-T attended against the crime of extortion law, where she was persecuted by the French state, identity checks and many nights spent in custody, simply to practice sex work freely and independently.
>
> Frida was also present at the marches and events for the law of Marriage for All, at all the Existrans marches and every December 1st, World AIDS Day. Frida also marked her presence in 2016 when we mobilized against the anti-prostitution law and she was on the front lines screaming her rage because she understood that by wanting to penalize clients sex workers would be forced to hide and seek to find other strategies to keep working and prevent the police from being able to control and penalize customers.
>
> Frida was also on the front lines with a lot of anger after the murders of Vanesa Campos in 2018, Jessica Sarmiento in 2020 and Ivana in 2022. All victims of a context of serious insecurity because of this cursed law against prostitution in France.
> 
> Unfortunately, on August 8, 2022, this same law targeted Frida. That night, she was in the woods of Boulogne, trying to make a living to continue helping her mother and family in Peru. She had a violent altercation with a man who wanted to obtain free sexual services and harassed Frida and her colleagues who were working nearby. This stranger attacked Frida from behind with an iron bar, piercing and breaking her spine, breaking her lung and destroying her chest.
> 
> Frida was reduced to a tetraplegic life, and spent more than two years in hospital at the Kremlin Bicêtre hospital near Paris, until October 24, the day she died, after suffering the consequences of this barbaric aggression.
>
> If Frida died as a result of this assault, we want to remind that she is a victim of murder, and we demand that this characterization be recognized by the doctors in the act of death as well as by the investigating judge. It is also time to recall that this investigation has been slow and that we have not seen any real willingness to deepen or give it more interest. It’s also time to remember that the 2016 Anti-Prostitution Act has increased insecurity for free and independent sex workers like Frida and all those murdered in the past eight years.
>
> The abolitionist and prohibition system in France is responsible for the loss of lives in our communities. We want the safety, the rights and the opportunity to practice sex work without fear, without having to hide and without carrying the status of victims of prostitution. Frida, your memory will always live present and be part of the chapters of our history.
>
> Your deaths, like those of Vanesa, Jessyca, Ivana and Geraldine, remind us of how much danger trans women sex workers, especially migrants and undocumented, are. It is for them and through them that we will continue to fight. It is for them that we will continue to shout in Paris and in every corner of the world, on TDOR day and anytime, that trans people are murdered and that the state is totally indifferent. Trans murdered, complicit state. We created a fund raiser to help Frida's sister and family with legal costs and repatriation of her body, as well as funeral costs in Ancash, Peru. Please spread this information or donate if you can.
>
> Cagnotte ""Justice pour Frida""

*[Editor's Note: According to a public submission to a survey by TDoR France, Frida may have died by suicide. While this has not been confirmed, her death is categorised as by violence here due to the circumstances preceding it]*

https://www.sos-transphobie.org/journee-du-souvenir-trans-transgender-day-of-remembrance-victimes-de-transphobie-20-novembre-2025

https://www.facebook.com/story.php/?story_fbid=1006332888193991&id=100064518679335

https://www.facebook.com/bruno.perrine.9/posts/pfbid0AfB5fFw7GixSTVo8aX83VBR8guefqasGKbppKCeoRwJLMM5g4qYjrUhm5ijhMsB7l

https://www.helloasso.com/associations/acceptess-t/formulaires/4

https://www.instagram.com/noustoutesorg/p/DDKtcgiOMF3/

https://www.instagram.com/noustoutesorg/p/DCOobmAC6bP/","Frida Avalos Gamez died in hospital in Kremlin-Bicêtre, Paris (France) on 24 Oct 2024, just over 2 years after being rendered tetraplegic during an attack on 8 Aug 2022.

She was 50, and was closely involved with Acceptess-T. #SayHerName #TransLivesMatter #TDoR",https://tdor.translivesmatter.info/reports/2024/10/24/frida-avalos-gamez_paris-france_b459474f
Jay Floris,23,,2024_10_24_Jay-Floris.jpg,https://www.msn.com/en-us/news/crime/family-remembers-loved-one-killed-in-hit-and-run-near-delta-college/ar-AA1sZw9G,24-Oct-2024,tgeu/tdor2025/24-Oct-2024/Jay Floris,Pacific Avenue,Delta College,Stockton,California,USA,37.99596305,-121.3174,violence,run over,"Jay was killed in a hit and run incident while walking their service dog. They worked with people escaping domestic violence situations and were well known in their community.

Jamaraqui Burks, 27, was subsequently arrested.

> STOCKTON, Calif. — Friends and family came together to remember a loved one who was killed in a hit-and-run crash in Stockton.
>
> On Oct. 24, Jay Floris, who used they/them pronouns, was walking their service dog near San Joaquin Delta College near Pacific Avenue when they were struck by a car.
>
> Floris was 23 years old and worked with people leaving domestic violence situations. ABC10 spoke with their sister Lillianna Herring at Floris' vigil.
>
> ""It is truly a tragedy. They were young and 23, still had a full life ahead of them.” Herring said. ""They did not deserve to be killed because someone wanted to be reckless. This not only impacts our life, this guy's whole family is going to be impacted because of his stupid decision.""
>
> The suspect is 27-year-old Jamaraqui Burks. Burks had left the scene but was arrested nearby according to to Stockton Police Department. He was booked in the San Joaquin County Jail. His first court appearance will be on Monday.

https://www.msn.com/en-us/news/crime/family-remembers-loved-one-killed-in-hit-and-run-near-delta-college/ar-AA1sZw9G

https://www.abc10.com/article/news/local/stockton/family-remembers-loved-one-killed-in-hit-and-run-near-delta-college/103-bf6da14b-01fc-4e31-a342-6b8130962986 [https://archive.is/vUkky]

https://hoodline.com/2024/10/23-year-old-woman-critically-injured-in-stockton-hit-and-run-tesla-driver-arrested-near-delta-college/?utm=newsbreak

https://www.gofundme.com/f/swd6z-help-us-lay-jay-to-rest

https://www.facebook.com/PREVAILSJV/posts/pfbid09h2KVgQvWKN1JQVvZgLMNhWrdykmfcGDMSWC4PUjkk51MVuQdhXDe1TgQZgjP2SWl

https://www.facebook.com/groups/688042038014714/posts/2986947084790853/","Jay Floris was killed in a hit and run incident while walking their service dog in Stockton, California (USA) on 24 Oct 2024.

They were 23, and worked with people escaping domestic violence situations. #SayTheirName #TransLivesMatter #TDoR",https://tdor.translivesmatter.info/reports/2024/10/24/jay-floris_stockton-california-usa_6a2bb2f3
Débora Myrante Silva,42,,2024_10_25_Debora-Myrante-Silva.jpg,https://www.facebook.com/photo/?fbid=1102473208546238&set=a.524851516308413,25-Oct-2024,tgeu/tdor2025/25-Oct-2024/Débora Myrante Silva,Rua Jander Willer Carneiro,Vila Pontilhão,Cruzeiro,São Paulo,Brazil,-22.5758618,-44.9870267,violence,stabbed,"Débora died in hospital after being found with stab wounds in an apartment complex. A suspect was arrested after being found hiding nearby.

> The Civil Police are investigating the death of a trans woman on the night of last Friday (25) . The victim is Débora Myrante Silva, who was 42 years old and was stabbed to death in the city of Cruzeiro, in the Historical Valley.
> 
> Police were called at around 6pm to respond to the incident inside the Eco Vale condominium, in the Pontilhão neighborhood . According to the Public Security Department (SSP), the victim was apparently approached by the criminal on the building's stairs. 
> 
> Débora was treated and taken to the emergency room at Santa Casa Hospital, but she did not survive the severity of her injuries. According to the police, the attacker, aged 24, was hiding in one of the blocks of the housing complex and was arrested.
> 
> The incident was reported to the Police Station, where it was registered as a homicide.

https://diarioimparcial.com.br/noticia/2178/policia-civil-investiga-caso-de-mulher-trans-morta-a-facadas-no-vale-historico

https://www.cbnvale.com.br/mulher-trans-morre-ao-ser-esfaqueada-em-cruzeiro/

https://g1.globo.com/sp/vale-do-paraiba-regiao/noticia/2024/10/26/mulher-trans-e-esfaqueada-e-morta-em-cruzeiro-sp.ghtml

https://www.cbnvale.com.br/mulher-trans-morre-ao-ser-esfaqueada-em-cruzeiro/

https://www.cbnvale.com.br/mulher-trans-morre-ao-ser-esfaqueada-em-cruzeiro/

https://thmais.com.br/cidades/vale/mulher-trans-e-esfaqueada-e-morta-em-cruzeiro/

https://www.facebook.com/lorenaNoticias012/posts/pfbid06uB5cZY2Vyv5oFuAVkHA7frfvs9oqij9Qr2B4ZJ3Ywt28JPDfxZ7CFwYMjHzQV2Ul","Débora Myrante Silva died in hospital in Cruzeiro, São Paulo (Brazil) on 25 Oct 2024 after being found with stab wounds in an apartment complex. A suspect was arrested after being found hiding nearby.

Débora was 42. #SayHerName #TransLivesMatter #TDoR
",https://tdor.translivesmatter.info/reports/2024/10/25/debora-myrante-silva_cruzeiro-sao-paulo-brazil_4dcd48d8
Dylan Amaya Cardona,33,,2024_10_25_Dylan-Amaya-Cardona.jpg,https://www.facebook.com/pereiraenvivo/posts/pfbid02NggUm4wTkgxCrHWDBVzkmqMhALX1QF1dKoEYDjbTT5GvUTdyVzhM14NFBSd6d53jl,25-Oct-2024,tgeu/tdor2025/25-Oct-2024/Dylan Amaya Cardona,Rio Otún,La Esneda,Pereira,Risalda,Colombia,4.820979647,-75.6976749,violence,stabbed,"Dylan's body was found with stab wounds in the Rio Otún (Otún River) the day after he had been reported missing.

> CTI investigators have a big task to clarify the murder of Dylan Amaya Cardona, formerly known as [deadname], 33 years old, who was found in the waters of the Rio Otún yesterday morning after being missing for several days.
>
> Residents of the La Esneda neighborhood saw something strange that was stuck between the rocks at around 9:30 in the morning. As it was a body, they called the Metropolitan Police units. They went to the site and asked for the support of both the Technical Investigation Corps and the Official Fire Department of the city.
>
> The rescuers brought Dylan's body to the shore, where the criminalistics units managed to perform a technical inspection of the corpse, discovering that he had several stab wounds in the head, neck and back.
>
> According to what has been learnt, the victim's family reported him missing since the previous night, when he left his house in the Japan neighborhood at 11:00 pm to go on a motorcycle taxi ride and did not return; the event was strange and they feared that something bad had happened to him.
>
> One of the mysteries is what time the events took place, as when he was taken out of the water, his body was still bleeding from his wounds.

https://www.lapatria.com/eje-cafetero/activistas-preocupados-por-casos-de-violencia-contra-la-comunidad-trans-en-risaralda

https://cafecalientenoticias.com/2024/10/27/hombre-transgenero-fue-hallado-muerto-en-el-rio-otun-de-pereira/

https://www.eldiario.com.co/sin-categoria/muerto-lo-lanzaron-al-rio-otun/

https://caribeafirmativo.lgbt/asesinato-de-hombre-trans-en-pereira-re-enciende-las-alarmas-sobre-violencia-contra-la-poblacion-trans-en-colombia/

https://www.qhubopereira.co/2024/10/asesinado-hombre-trans-y-tirado-al-rio.html
","The body of Dylan Amaya Cardona was found with stab wounds in the Rio Otún (Otún River) in Pereira, Risaralda (Colombia) on 25 Oct 2024.

He was 33. #SayHisName #TransLivesMatter #TDoR",https://tdor.translivesmatter.info/reports/2024/10/25/dylan-amaya-cardona_pereira-risalda-colombia_b0775cac
Leah Jo,37,,2024_10_24_Leah-Jo.jpg,https://www.facebook.com/photo?fbid=869722130961019&set=a.105122700754303,25-Oct-2024,,,,Denver,Colorado,USA,39.7644863,-105.0199211,suicide,suicide,"Leah died by suicide. She  had a degree in political science from UMass Amherst and was originally from North Hampton.

> Hello, It is with a really heavy heart that I reach out to let you know about someone from my local community we lost. A trans woman in Denver Colorado, Leah Jo, [died by] suicide on October 25, 2024. She had just recently turned 37 and has left a gap in the hearts of a lot of the queer community in this part of town.
>
> She was from North Hampton, Massachusetts and graduated from UMass Amherst. She had a political science degree. I did not know Leah personally but a lot of folks in my circle were also in hers. She was a loving friend and cared deeply for other people and for her world. She will be missed.

<iframe src=""https://www.facebook.com/plugins/post.php?href=https%3A%2F%2Fwww.facebook.com%2Fleah.jo.5070%2Fposts%2F1015053856387400%3A1015053856387400&show_text=true&width=500"" width=""500"" height=""603"" style=""border:none;overflow:hidden"" scrolling=""no"" frameborder=""0"" allowfullscreen=""true"" allow=""autoplay; clipboard-write; encrypted-media; picture-in-picture; web-share""></iframe>

> When I was just a newly orphaned, way too talkative, obviously queer and neurodiverse teen, I definitely clinged to Leah Jo whenever she came to hang out with [redacted] and she always listened no matter how annoying I was and it’s something I’ll never forget. I’m sad we never got to share our trans joy together in my adult years but I will continue to live as loud as possible for her.
>
> All hail the fucking queen.

Leah's Facebook profile is https://www.facebook.com/leah.jo.5070. A memorial group was set up in her memory at https://www.facebook.com/groups/leahjolove/.

https://www.facebook.com/dacia.curtis/posts/pfbid0DSaC63KghGRx1KJaLpnNL2qDrHK7dsZnA1266sYSSYyKbEqWpnqByPieNdksouiql

https://www.facebook.com/vylette.tendency.3/posts/pfbid02o1gQwtWega9q9oPKBYEFDYUsxtqwsMVf8jw3R9XW2xWs2Hpk3Sbwzi7WbNExEKuZl","Leah Jo died by suicide in Denver, Colorado (USA) on 25 Oct 2024.

She was 37. #SayHerName #TransLivesMatter #TDoR",https://tdor.translivesmatter.info/reports/2024/10/25/leah-jo_denver-colorado-usa_b6f19eaa
Laisa Camacho,56,,,,27-Oct-2024,tgeu/tdor2025/27-Oct-2024/Laisa Camacho,,Fecosa,El Carmen de Cartago,Cartago,Costa Rica,10.0146227,-84.2188991,violence,stabbed,"Laisa died after being stabbed multiple times early on the morning of Sunday 27th October. The identity of her killer(s) and motive for the attack are not known.

> A person, apparently transgender, was killed with multiple stab wounds early Sunday morning in the Fecosa neighborhood in El Carmen de Cartago.
> 
> The judicial authorities received the alert at 1 am, however the Red Cross received the warning from 12:30 am
> 
> A 56-year-old [woman] with the surname Camacho was killed with multiple stab wounds. She was apparently a transgender [woman] known as Laisa. The attack occurred in the early hours of Sunday, October 27, 2024 in the Fecosa neighborhood in El Carmen de Cartago. 
> 
> When rescuers arrived, they found the victim with cuts to her abdomen and legs and declared her dead at the scene. Authorities identified the victim as Camacho, 56 years old.
> 
> Locals said that the person was transgender and affectionately known as Laisa, but this version has not been confirmed by the courts.
> 
> The causes of this savage attack are not clear, and no one is currently responsible.

https://www.lateja.cr/sucesos/salvaje-muerte-de-persona-aparentemente/EIAXUIP3VFESLMTD5M5TPKOOYI/story/
","Laisa Camacho died after being stabbed in El Carmen de Cartago, Cartago (Costa Rica) early on the morning of 27 Oct 2024.

She was 56. #SayHerName #TransLivesMatter #TDoR",https://tdor.translivesmatter.info/reports/2024/10/27/laisa-camacho_el-carmen-de-cartago-costa-rica_531eb9c8
Juana Castañeda,33,,2024_10_28_Juana-Castaneda.jpg,https://www.eluniversal.com.co/sucesos/2025/03/29/mato-a-punaladas-a-mujer-trans-para-robarle-ira-24-anos-a-la-carcel/,28-Oct-2024,tgeu/tdor2025/28-Oct-2024/Juana Castañeda,,Manrique,Medellín,Antioquia,Colombia,19.2437132,-103.744096,violence,stabbed,"Juana was a well known trans activist in her local area. She and her partner Oswaldo Ramírez were robbed and killed in their home during a party.

> The Manrique Central community in Medellín woke up on Tuesday to the news of a double homicide that has shocked the local population. Two people belonging to the LGBTIQ+ community, including a well-known trans activist known as Juana, were found dead inside a home. Both bodies had multiple stab wounds, which has led the authorities to launch an operation to find those responsible for this violent act.
> 
> According to preliminary reports, the victims had attended a party in a section of downtown Medellín, and afterward, they decided to continue the celebration at a house in Manrique Central. It was there that, in the midst of the drinks, a fight broke out between the attendees, triggering the attack. A third person, who managed to escape from the house, was the one who notified the authorities, after showing up wounded at a health center. The person said he had witnessed the attack and provided initial information about what happened.
> 
> This double homicide has rekindled concerns about the violence faced by the LGBTIQ+ community in the country. Human rights organisations, such as Caribe Afirmativo, have expressed concern about the increase in attacks against people from this community in Colombia. According to their records, so far this year, 40 LGBTIQ+ people have been murdered in the country, of which 22 are trans people, a group that faces particular vulnerability. The organisation has asked the authorities to investigate the case under the hypothesis of a crime motivated by prejudice, given the recurrent documented violence against this population.

During the early hours of Tuesday 31st October Juana's friend María Sorelly Sánchez Arismendy, 61, was stabbed outside her home afer attending Juana's wake. Her killer, who appears to have been waiting for her, fled on a motorcycle with an accomplice.

> Before midnight, María Sorelly called a taxi from the funeral home in the center of Medellín to her home. When she arrived at her destination, she was apparently approached by a man who stabbed her and killed her on the spot.
>
> According to witnesses, the killer, who was wearing a green raincoat and a helmet, was waiting to attack her. He then got on a motorcycle driven by his accomplice and fled the scene.

In late March 2025 Jaminson Andrés Palomeque Córdoba was sentenced to 24 years in prison for homicide and azggravated robbery.

https://www.eluniversal.com.co/sucesos/2025/03/29/mato-a-punaladas-a-mujer-trans-para-robarle-ira-24-anos-a-la-carcel/

https://www.alertapaisa.com/noticias/valle-de-aburra/pasara-24-anos-tras-las-rejas-por-asesinar-mujer-trans-y-su-pareja-en

https://diariodelnorte.net/nacion/condenado-a-24-anos-de-prision-homicida-de-mujer-trans-y-su-companero-sentimental-en-medellin/

https://www.elinformador.com.co/index.php/judiciales/72-judiciales-nacional/331657-condenado-a-24-anos-de-prision-homicida-de-mujer-trans-y-su-companero-sentimental-en-medellin

https://diarioriente.com/altiplano/condenan-a-24-a.html

https://www.alertatolima.com/noticias/judicial/pasara-24-anos-tras-las-rejas-por-asesinar-mujer-trans-y-su-pareja

https://www.elcolombiano.com/medellin/carcel-para-asesino-de-mujer-trans-en-medellin-IL26961678

https://www.semana.com/nacion/articulo/fiscalia-anuncia-condena-a-homicida-de-mujer-trans-y-su-pareja-sentimental/202538/

https://www.elespectador.com/judicial/condenan-a-hombre-que-asesino-a-juana-mujer-trans-y-activista-lgbtiq-de-medellin/

https://eldeber.com.bo/mundo/condenan-en-colombia-24-anos-de-carcel-hombre-por-asesinar-transexual-y-su-pareja_508564/

https://www.elcolombiano.com/medellin/carcel-para-asesino-de-mujer-trans-en-medellin-IL26961678

https://www.infobae.com/colombia/2025/03/29/condenan-a-24-anos-de-prision-a-responsable-del-asesianto-de-una-mujer-trans-y-su-pareja-en-medellin/

https://www.diarioextra.com/noticia/colombiano-24-anos-a-la-carcel-por-asesinar-a-transexual-y-su-pareja/

https://www.infobae.com/america/agencias/2024/10/29/asesinan-a-dos-personas-lgbtiq-en-la-ciudad-colombiana-de-medellin/

https://www.eje21.com.co/2024/10/asesinan-a-dos-personas-lgbtiq-en-la-ciudad-colombiana-de-medellin/

https://seguimiento.co/colombia/asesinan-dos-personas-lgbtiq-entre-ellas-una-activista-trans-75438

https://www.elnuevodia.com.co/nuevodia/actualidad/virales/522582-salio-del-velorio-de-su-amiga-y-la-mataron-llegando-la-casa

https://qhubobucaramanga.com/colombia/205232-maria-sorely-salio-del-velorio-de-su-amiga-y-la-mataron-llegando-a-la-casa

https://caribeafirmativo.lgbt/asesinato-doble-en-manrique-preocupan-el-aumento-de-las-violencia-en-la-ciudad-de-medellin/

https://www.infobae.com/colombia/2024/10/29/asesinan-a-dos-personas-de-la-comunidad-lgbtiq-en-medellin-los-cuerpos-fueron-hallados-en-casa-tras-fiesta/

https://www.elcolombiano.com/medellin/asesinaron-a-dos-personas-lgbtiq-en-una-vivienda-de-manrique-medellin-IA25705368

https://www.h13n.com/identidad-2-personas-lgbtiq-asesinada-manrique/285298/

https://www.swissinfo.ch/spa/asesinan-a-dos-personas-lgbtiq%2B-en-la-ciudad-colombiana-de-medell%C3%ADn/87877031

https://www.canal26.com/internacionales/asesinaron-a-dos-personas-lgbtiq-en-medellin-suman-40-crimenes-de-este-tipo-en-colombia-en-lo-que-va-del-2024--397578

https://www.alertapaisa.com/noticias/valle-de-aburra/dos-personas-de-la-poblacion-lgbti-murieron-en-aparente-rina-en-medellin

https://www.cronicadelquindio.com/noticias/colombia/asesinan-a-dos-personas-lgbtiq-en-la-ciudad-de-medellin

https://x.com/CMILANOTICIA/status/1851360862516433380","Juana Castañeda and her partner Oswaldo Ramírez were stabbed and robbed in their home in Medellín, Antioquia (Colombia) on 28 Oct 2024.

She was 33, and a well known #trans activist in her local area. #SayHerName #TransLivesMatter #TDoR",https://tdor.translivesmatter.info/reports/2024/10/28/juana-castaneda_medellin-antioquia-colombia_31952e8c
Serenity Birdsong,21,,2024_10_28_Serenity-Birdsong.jpg,https://www.lgbtqnation.com/2024/10/trans-student-leader-kills-self-in-campus-library/,28-Oct-2024,,"James E. Walker Library, Middle Tennessee State University (MTSU), 1611 Alumni Dr",,Murfreesboro,Tennessee,USA,35.8464,-86.3639113,suicide,suicide,"Serenity died by suicide inside the library of her university. She was the vice president of MTSU’s student LGBTQ+ organization MT Lambda.

> Serenity Birdsong, a transgender student at Middle Tennessee State University (MTSU), killed themselves on Monday inside the campus’ James E. Walker Library. Birdsong was vice president of MTSU’s student LGBTQ+ organization MT Lambda.
> 
> The school canceled classes and closed the library on Tuesday but resumed normal operations on Wednesday. Additional details about Birdsong’s suicide have neither been made publicly available nor reported by the media.
> 
> “Serenity was more than an officer to us; many of us considered Serenity our friend, and her ability to light up a room, paired with her wholesome demeanor, made her welcome anywhere, but especially in Lambda where we are burdened by the darkness of existing in a world so often cruel to us. And it is this darkness that snuffed out Serenity’s light,” MT Lambda wrote in a Tuesday afternoon Instagram post marking Birdsong’s suicide.
> 
> The group had planned on hosting a Halloween party on Wednesday but instead will host a discussion and grieving space for people in memory of Birdsong. Additionally, the Student Government Association will hold a vigil on Wednesday at 6 p.m. local time in front of the campus library. The MTSU campus publication has also highlighted the availability of counseling services for students.
 
MT Lambda’s post memorializing Birdsong included a poem written by her. An extract from the poem is reproduced below:

<pre>
 “The trouble of life both big and small
  seem to fade as the obstacles falls.
  Now we embark on a new adventure
  one with which we may joke and gesture.
  
  But all in all, that which I hope most
  is that I spend time with those I love, before I’m a ghost.”
</pre>

<iframe width=""840"" height=""473"" src=""https://www.youtube.com/embed/WdSlU2cg3Xw?si=6_M6dcqKo06rGwvw"" title=""YouTube video player"" frameborder=""0"" allow=""accelerometer; autoplay; clipboard-write; encrypted-media; gyroscope; picture-in-picture; web-share"" referrerpolicy=""strict-origin-when-cross-origin"" allowfullscreen></iframe>

https://fox17.com/news/local/girlfriend-of-tenn-transgender-teen-who-died-by-suicide-asks-scotus-to-overturn-ban

https://www.newschannel5.com/news/mtsu-gathers-for-vigil-in-memory-of-student-highlights-mental-health-resources

https://elclosetlgbt.com/closetnews/mujer-trans-joven-muere-por-suicido-en-su-propia-escuela/

https://www.wsmv.com/2024/10/31/student-witness-mtsu-library-suicide-speaks-out-before-campus-vigil/

https://www.lgbtqnation.com/2024/10/trans-student-leader-kills-self-in-campus-library/

https://eu.dnj.com/picture-gallery/news/local/2024/10/31/mtsu-vigil-held-to-remember-a-recent-student-who-died-by-suicide-murfreesboro-transgender-trans/75948268007/

https://www.youtube.com/watch?v=LoKXgA395no

https://www.youtube.com/watch?v=WdSlU2cg3Xw

https://x.com/KarenAFox17/status/1864859666905223384","Serenity Birdsong died by suicide inside the library of her university in Murfreesboro, Tennessee USA) on 28 Oct 2024.

She was 21, and the vice president of MTSU’s student LGBTQ+ organization MT Lambda. #SayHerName #TransLivesMatter #TDoR",https://tdor.translivesmatter.info/reports/2024/10/28/serenity-birdsong_murfreesboro-tennessee-usa_b1fe7784
Yumiko,,,,,28-Oct-2024,tgeu/tdor2025/28-Oct-2024/Yumiko,,,Cochabamba,Cochabamba,Bolivia,-17.3938784,-66.2462772,violence,beaten,"Yumiko died after being severely beaten in the street by a group of assailants who attacked her as she was walking to work.

> On the night of October 28, Yumiko was walking through the streets of Cochabamba, Bolivia. She was going to work like many other women do. But on her way she came across a group of people who approached her to attack her. 
> 
> It was not an assault or a fight. The beating was carried out with such cruelty, hatred and extreme violence that it caused brain death, which days later shut down her entire body.
> 
> Yumiko, like many trans women, was involved in sex work due to a lack of opportunities. Her case did not make it into the news agenda, which at the time revolved around the social crisis. The only thing left of the crime was the request for justice from her colleagues on social media and the search for help to bury her.   
> 
> Yumiko's murder is the fourth hate crime recorded in Bolivia in 2024 and the third transfemicide of the year, according to the LGBT Rights Observatory . The number is the highest publicly recorded among the annual figures reported in the last 15 years, in which there are 28 hate crimes, of which 21 are femicides.

https://agenciapresentes.org/2024/12/26/bolivia-2024-4-crimenes-de-odio-y-por-primera-vez-un-asesinato-contra-mujer-trans-se-juzgo-como-femicidio/

https://www.nodal.am/2024/12/bolivia-por-primera-vez-un-asesinato-contra-mujer-trans-se-juzgo-como-femicidio/

https://www.facebook.com/MovimientoTransFeministaBolivia/posts/pfbid02XXZBLjMeYzf9WhFSAf3ZzYP5eCt1nuvArozxFje88tAt8SW1CmESoim9LwNbhEnul?rdid=T4KkSolBP73am6O2

https://www.observatoriolgbt.org.bo/index.php/estadistica/detalle/cod_estadistica/4",Yumiko died after being beaten in the street by a group of assailants who attacked her as she was walking to work in Cochabamba (Bolivia) on 28 Oct 2024. #SayTheirName #TransLivesMatter #TDoR,https://tdor.translivesmatter.info/reports/2024/10/28/yumiko_cochabamba-bolivia_4f1fddac
Cal Shearer,25,21-Mar-1999,2024_10_30_Cal-Shearer.jpg,https://www.ucodigital.com.ar/noticias/la-universidad-de-oxford-sacudida-por-una-segunda-tragedia-la-talentosa-estudiante-trans-hija-del-actor-de-fast-show-ahorcada-dias-despues-de-la-noticia-de-que-un-estudiante-rechazado-se-quito-la/101169/,30-Oct-2024,,,St John's College,Oxford,Oxfordshire,United Kingdom,51.7560577,-1.2615233,suicide,suicide,"Cal died by suicide in the college where they were studying for a Neuroscience PhD. They were nonbinary, autistic and volunteered with Oxford Nightline and the Samaritans.

> Neuroscience PhD student Cale Shearer, 25, who was told to “radiate warmth to everyone around him,” was found [suicide method redacted] at the city's St John's College on October 30.
> 
> Caring Cal, who was autistic and transgender, volunteered to speak to callers on The Samaritans helpline, but personally struggled with [their] own mental health issues.
> 
> And Cal took [their] own life after his family fought for proper treatment for what his family described as a “suicidal crisis that is highly prevalent but still poorly understood among autistic people who identify as trans.”
> 
> Cal's final note, delivered to family and friends, read: 'I love you and I know how much I love you. I'm lucky to have so much love around me.
> 
> The tragedy comes a week after an inquest was held into fellow Oxford student Alexander Rogers, when the 20-year-old committed suicide in January after being ostracized by his social circle at Corpus Christi College in an episode described as “cultural shunning.”
> 
> A full inquest will be held on March 10 next year.
> 
> Cal's mother paid an emotional tribute to “our beautiful Cal” as she shared a series of happy family photos of her youngest [child] on social media.
> 
> [She] wrote: 'Our brave, beautiful, brilliantly intelligent, mischievously funny and endlessly compassionate Cal sadly lost their battle with mental health this week. Speechless.'
> 
> A student memorial page has already raised thousands of pounds for The Samaritans and Gender Intelligence, a trans-led charity working to improve gender diversity and the lives of trans people.
 
https://calshearer.muchloved.com/

https://www.thisisoxfordshire.co.uk/news/25336595.oxford-university-student-found-dead-home-inquest-hears/

https://www.oxfordmail.co.uk/news/24738672.fast-show-actor-father-oxford-university-student-cal-shearer/

https://www.oxfordmail.co.uk/news/24729789.oxford-university-student-found-dead-tributes-pour/

https://www.ucodigital.com.ar/noticias/la-universidad-de-oxford-sacudida-por-una-segunda-tragedia-la-talentosa-estudiante-trans-hija-del-actor-de-fast-show-ahorcada-dias-despues-de-la-noticia-de-que-un-estudiante-rechazado-se-quito-la/101169/

https://www.regionalpaulista.com.br/mundo/universidade-de-oxford-abalada-pela-segunda-tragedia-a-talentosa-estudante-trans-filha-do-ator-do-fast-show-e-encontrada-enforcada-dias-apos-a-noticia-de-que-um-aluno-cancelado-tirou-sua-vida/9331/

https://revistamonet.globo.com/noticias/noticia/2024/11/filho-de-casal-de-atores-e-encontrado-morto-em-universidade-na-inglaterra.ghtml

https://www.oxfordmail.co.uk/news/24710913.oxford-phd-students-cause-death-confirmed-inquest/

https://www.instagram.com/p/DCknGMiAEmh/

https://www.facebook.com/thetabglobal/posts/cal-shearer-was-found-dead-on-30th-october/1094121672383110/","Cal Shearer died by suicide in their college in Oxford, Oxfordshire (United Kingdom) on 30 Oct 2024.

They were 25, nonbinary and were studying for a PhD in neuroscience. #SayTheirName #TransLivesMatter #TDoR",https://tdor.translivesmatter.info/reports/2024/10/30/cal-shearer_oxford-oxfordshire-united-kingdom_efadb306
Isabela dos Santos,26,,2024_10_31_Isabela.jpg,https://www.youtube.com/watch?v=YD0RcQq1VPM,31-Oct-2024,tgeu/tdor2025/31-Oct-2024/Isabela dos Santos,Rua Frederico Campos,Centro,Peixoto de Azevedo,Mato Grosso,Brazil,-10.2447748,-54.9981458,violence,shot,"Isabela died in hospital after being shot by unidentified assailants who arrived on a motorcycle.

> A 26-year-old transgender woman died at the Peixoto de Azevedo Emergency Care Unit after being hit by gunshots last night, on rua Frederico Campos in the Old City Center.
> 
> According to information recorded in the police report, the Military Police were called by residents who noticed the injured victim. Witnesses reported hearing gunshots coming from a house in the back and, shortly after, saw the woman jumping over the wall between the houses and running towards the street, where she ended up falling.
> 
> So far, the person responsible for the shooting has not been found. The victim's body was sent to the Forensic Medical Institute (IML) for an autopsy, while the Civil Police investigate the case in search of clarification of the circumstances of the crime.

https://noticiainfoco.com.br/policia-regional/mulher-transgenero-morre-apos-ser-baleada-em-peixoto-de-azevedo/

https://g1.globo.com/mt/mato-grosso/noticia/2024/10/31/mulher-trans-e-morta-a-tiros-em-mt-policia-tenta-identificar-suspeito.ghtml

https://www.gcnoticias.com.br/policia/mulher-trans-e-morta-a-tiros-em-mt-policia-tenta-identificar-suspeito/189175568

https://marretaurgente.com.br/mulher-trans-e-morta-a-tiros-em-mt-policia-tenta-identificar-suspeito/

https://www.noticiamax.com.br/policia/jovem-trans-e-morta-com-ao-menos-6-tiros-em-peixoto-de-azevedo/161969

https://plantaodanoticia.com.br/2024/11/mulher-trans-e-morta-a-tiros-em-mt-policia-tenta-identificar-suspeito/

https://noticiainfoco.com.br/policia-regional/mulher-transgenero-morre-apos-ser-baleada-em-peixoto-de-azevedo/

https://leiamt.com.br/seis-disparos-mulher-trans-e-assassinada-a-tiros-em-bar-de-peixoto-de-azevedo/

https://www.diariodecuiaba.com.br/policia/jovem-transsexual-e-executada-com-ao-menos-6-tiros-2-deles-na-cabeca/694200

https://www.folhamax.com/policia/mulher-trans-e-executada-com-varios-tiros-dentro-no-nortao-de-mt/462761

https://www.folhadoestado.com.br/policial/jovem-trans-e-morta-com-ao-menos-6-tiros-em-peixoto-de-azevedo/611823

https://www.reportermt.com/policia/transsexual-e-assassinada-com-seis-tiros/213808

https://www.olhardireto.com.br/noticias/exibir.asp?id=543729&noticia=mulher-trans-e-assassinada-com-pelo-menos-seis-tiros-em-bar-no-interior-de-mt

https://www.rdnews.com.br/policia/jovem-trans-e-assassinada-a-tiros-em-bar-suspeito-do-crime-nao-e-encontrado/201909

https://alertatotalmt.com.br/noticia/5889/jovem-trans-e-assassinada-a-tiros-em-peixoto-de-azevedo-policia-investiga-o-caso

https://www.gazetadigital.com.br/video/67327

https://www.youtube.com/watch?v=YD0RcQq1VPM

https://www.youtube.com/watch?v=1kXayhGk-Sc","Isabela dos Santos died in hospital after being shot in Peixoto de Azevedo, Mato Grosso (Brazil) on the night of 30 Oct 2024.

She was 26. #SayHerName #TransLivesMatter #TDoR",https://tdor.translivesmatter.info/reports/2024/10/31/isabela-dos-santos_peixoto-de-azevedo-mato-grosso-brazil_15952423
Spencer James Kastl,22,,2024_10_31_Spencer-James-Kastl.jpg,https://www.facebook.com/photo?fbid=955066038993229&set=a.105318110634697,31-Oct-2024,,,,Saint Louis Park,Minnesota,USA,44.9491898,-93.4107775,accidental,not reported,"Spencer passed away on 31st October. Although his death was initially reported to have been by suicide, a relative subsequently confirmed that his death was accidental.

<blockquote class=""instagram-media"" data-instgrm-captioned data-instgrm-permalink=""https://www.instagram.com/p/DCSx5WyvuTZ/?utm_source=ig_embed&utm_campaign=loading"" data-instgrm-version=""14"" style="" background:#FFF; border:0; border-radius:3px; box-shadow:0 0 1px 0 rgba(0,0,0,0.5),0 1px 10px 0 rgba(0,0,0,0.15); margin: 1px; max-width:540px; min-width:326px; padding:0; width:99.375%; width:-webkit-calc(100% - 2px); width:calc(100% - 2px);""><div style=""padding:16px;""> <a href=""https://www.instagram.com/p/DCSx5WyvuTZ/?utm_source=ig_embed&utm_campaign=loading"" style="" background:#FFFFFF; line-height:0; padding:0 0; text-align:center; text-decoration:none; width:100%;"" target=""_blank""> <div style="" display: flex; flex-direction: row; align-items: center;""> <div style=""background-color: #F4F4F4; border-radius: 50%; flex-grow: 0; height: 40px; margin-right: 14px; width: 40px;""></div> <div style=""display: flex; flex-direction: column; flex-grow: 1; justify-content: center;""> <div style="" background-color: #F4F4F4; border-radius: 4px; flex-grow: 0; height: 14px; margin-bottom: 6px; width: 100px;""></div> <div style="" background-color: #F4F4F4; border-radius: 4px; flex-grow: 0; height: 14px; width: 60px;""></div></div></div><div style=""padding: 19% 0;""></div> <div style=""display:block; height:50px; margin:0 auto 12px; width:50px;""><svg width=""50px"" height=""50px"" viewBox=""0 0 60 60"" version=""1.1"" xmlns=""https://www.w3.org/2000/svg"" xmlns:xlink=""https://www.w3.org/1999/xlink""><g stroke=""none"" stroke-width=""1"" fill=""none"" fill-rule=""evenodd""><g transform=""translate(-511.000000, -20.000000)"" fill=""#000000""><g><path d=""M556.869,30.41 C554.814,30.41 553.148,32.076 553.148,34.131 C553.148,36.186 554.814,37.852 556.869,37.852 C558.924,37.852 560.59,36.186 560.59,34.131 C560.59,32.076 558.924,30.41 556.869,30.41 M541,60.657 C535.114,60.657 530.342,55.887 530.342,50 C530.342,44.114 535.114,39.342 541,39.342 C546.887,39.342 551.658,44.114 551.658,50 C551.658,55.887 546.887,60.657 541,60.657 M541,33.886 C532.1,33.886 524.886,41.1 524.886,50 C524.886,58.899 532.1,66.113 541,66.113 C549.9,66.113 557.115,58.899 557.115,50 C557.115,41.1 549.9,33.886 541,33.886 M565.378,62.101 C565.244,65.022 564.756,66.606 564.346,67.663 C563.803,69.06 563.154,70.057 562.106,71.106 C561.058,72.155 560.06,72.803 558.662,73.347 C557.607,73.757 556.021,74.244 553.102,74.378 C549.944,74.521 548.997,74.552 541,74.552 C533.003,74.552 532.056,74.521 528.898,74.378 C525.979,74.244 524.393,73.757 523.338,73.347 C521.94,72.803 520.942,72.155 519.894,71.106 C518.846,70.057 518.197,69.06 517.654,67.663 C517.244,66.606 516.755,65.022 516.623,62.101 C516.479,58.943 516.448,57.996 516.448,50 C516.448,42.003 516.479,41.056 516.623,37.899 C516.755,34.978 517.244,33.391 517.654,32.338 C518.197,30.938 518.846,29.942 519.894,28.894 C520.942,27.846 521.94,27.196 523.338,26.654 C524.393,26.244 525.979,25.756 528.898,25.623 C532.057,25.479 533.004,25.448 541,25.448 C548.997,25.448 549.943,25.479 553.102,25.623 C556.021,25.756 557.607,26.244 558.662,26.654 C560.06,27.196 561.058,27.846 562.106,28.894 C563.154,29.942 563.803,30.938 564.346,32.338 C564.756,33.391 565.244,34.978 565.378,37.899 C565.522,41.056 565.552,42.003 565.552,50 C565.552,57.996 565.522,58.943 565.378,62.101 M570.82,37.631 C570.674,34.438 570.167,32.258 569.425,30.349 C568.659,28.377 567.633,26.702 565.965,25.035 C564.297,23.368 562.623,22.342 560.652,21.575 C558.743,20.834 556.562,20.326 553.369,20.18 C550.169,20.033 549.148,20 541,20 C532.853,20 531.831,20.033 528.631,20.18 C525.438,20.326 523.257,20.834 521.349,21.575 C519.376,22.342 517.703,23.368 516.035,25.035 C514.368,26.702 513.342,28.377 512.574,30.349 C511.834,32.258 511.326,34.438 511.181,37.631 C511.035,40.831 511,41.851 511,50 C511,58.147 511.035,59.17 511.181,62.369 C511.326,65.562 511.834,67.743 512.574,69.651 C513.342,71.625 514.368,73.296 516.035,74.965 C517.703,76.634 519.376,77.658 521.349,78.425 C523.257,79.167 525.438,79.673 528.631,79.82 C531.831,79.965 532.853,80.001 541,80.001 C549.148,80.001 550.169,79.965 553.369,79.82 C556.562,79.673 558.743,79.167 560.652,78.425 C562.623,77.658 564.297,76.634 565.965,74.965 C567.633,73.296 568.659,71.625 569.425,69.651 C570.167,67.743 570.674,65.562 570.82,62.369 C570.966,59.17 571,58.147 571,50 C571,41.851 570.966,40.831 570.82,37.631""></path></g></g></g></svg></div><div style=""padding-top: 8px;""> <div style="" color:#3897f0; font-family:Arial,sans-serif; font-size:14px; font-style:normal; font-weight:550; line-height:18px;"">View this post on Instagram</div></div><div style=""padding: 12.5% 0;""></div> <div style=""display: flex; flex-direction: row; margin-bottom: 14px; align-items: center;""><div> <div style=""background-color: #F4F4F4; border-radius: 50%; height: 12.5px; width: 12.5px; transform: translateX(0px) translateY(7px);""></div> <div style=""background-color: #F4F4F4; height: 12.5px; transform: rotate(-45deg) translateX(3px) translateY(1px); width: 12.5px; flex-grow: 0; margin-right: 14px; margin-left: 2px;""></div> <div style=""background-color: #F4F4F4; border-radius: 50%; height: 12.5px; width: 12.5px; transform: translateX(9px) translateY(-18px);""></div></div><div style=""margin-left: 8px;""> <div style="" background-color: #F4F4F4; border-radius: 50%; flex-grow: 0; height: 20px; width: 20px;""></div> <div style="" width: 0; height: 0; border-top: 2px solid transparent; border-left: 6px solid #f4f4f4; border-bottom: 2px solid transparent; transform: translateX(16px) translateY(-4px) rotate(30deg)""></div></div><div style=""margin-left: auto;""> <div style="" width: 0px; border-top: 8px solid #F4F4F4; border-right: 8px solid transparent; transform: translateY(16px);""></div> <div style="" background-color: #F4F4F4; flex-grow: 0; height: 12px; width: 16px; transform: translateY(-4px);""></div> <div style="" width: 0; height: 0; border-top: 8px solid #F4F4F4; border-left: 8px solid transparent; transform: translateY(-4px) translateX(8px);""></div></div></div> <div style=""display: flex; flex-direction: column; flex-grow: 1; justify-content: center; margin-bottom: 24px;""> <div style="" background-color: #F4F4F4; border-radius: 4px; flex-grow: 0; height: 14px; margin-bottom: 6px; width: 224px;""></div> <div style="" background-color: #F4F4F4; border-radius: 4px; flex-grow: 0; height: 14px; width: 144px;""></div></div></a><p style="" color:#c9c8cd; font-family:Arial,sans-serif; font-size:14px; line-height:17px; margin-bottom:0; margin-top:8px; overflow:hidden; padding:8px 0 7px; text-align:center; text-overflow:ellipsis; white-space:nowrap;""><a href=""https://www.instagram.com/p/DCSx5WyvuTZ/?utm_source=ig_embed&utm_campaign=loading"" style="" color:#c9c8cd; font-family:Arial,sans-serif; font-size:14px; font-style:normal; font-weight:normal; line-height:17px; text-decoration:none;"" target=""_blank"">A post shared by spencer jamie ? (@freakyfrog.nett)</a></p></div></blockquote>
<script async src=""//www.instagram.com/embed.js""></script>

Spencer's Facebook profile is https://www.facebook.com/spencer.kastl.

https://www.instagram.com/freakyfrog.nett/p/DCSx5WyvuTZ/

https://www.instagram.com/mattyg026/p/DCDPKPnPZDA/","Spencer James Kastl passed away in Saint Louis Park, Minnesota (USA) on 31 Oct 2024.

He was 22. #SayHisName #TransLivesMatter #TDoR",https://tdor.translivesmatter.info/reports/2024/10/31/spencer-james-kastl_saint-louis-park-minnesota-usa_512a1ae4
