Name,Age,Birthdate,Photo,Photo source,Date,TDoR list ref,Address,Locality,Town/City/Municipality,State/Province,Country,Latitude,Longitude,Category,Cause of death,Description,Tweet,Permalink
Dr Leighley Leli Darling,52,,2025_09_01_Dr-Leighley-Leli-Darling.jpg,https://pmn.co.nz/read/law-and-order/tragic-death-of-fijian-transgender-doctor-sparks-calls-for-justice-and-end-to-transphobia,1-Sep-2025,tgeu/tdor2025/1-Sep-2025/Dr Leighley Leli Darling,,Votualevu,Nadi,Ba,Fiji,-17.7749866,177.4354315,violence,murdered,"Dr Leighley was found dead wth signs of violence in her home after she failed to show up for work.

> An investigation into the death of a transgender doctor and social media personality from Fiji is now being treated as a possible murder, police have confirmed.
> 
> Police say Dr [deadname] Biumaitotoya, who was also known as Leighley Leli Darling, was found unresponsive in [her] home in Votualevu, Nadi, on Monday evening. An employee at Biumaitotoya's medical practice contacted the police after [she] did not show up for work that morning.
> 
> Biumaitotoya, a well-known member of the LGBTQI+ community in Fiji, had visible injuries when [she] was found. A post-mortem examination is being conducted to determine the cause of death, and efforts are ongoing to find [her] car.
> 
> Social media has been flooded with tributes for Biumaitotoya, and [her] death has sparked a lot of discussions online, most of which have been criticised by officials and human rights advocates.
> 
> Fiji's Prime Minister Sitiveni Rabuka also shared his condolences in a post on social media: ""I am deeply saddened by the untimely passing of the late Dr [deadname] Biumaitotoya, a well-known Nadi-based medical doctor and social media influencer.
> 
> ""When I was asked by the media this afternoon [Tuesday] about the circumstances surrounding [her] death, I stressed that it is unchristian to go into violent reactions against somebody who differs from you.
> 
> ""I believe all the other religions share the same values. You don’t go and offend or look down on someone who differs from you, whether in sexual orientation, physical condition or whatever reason, for that matter. To do so would be very unkind.
> 
> ""This tragic situation is just very sad. I recall attending a Human Rights Conference at Pacific Harbour with Dr [deadname]. While a lot of people were uncomfortable with [her], [she] made meaningful contributions to the discussions.""

A 32 year-old suspect was arrested and charged n connection with the murder.

https://pmn.co.nz/read/law-and-order/man-charged-with-murder-of-fijian-transgender-doctor

https://www.sentidog.com/2025/09/09/hombre-arrestado-en-el-asesinato-del-medico-trans/

https://www.fbcnews.com.fj/news/mother-remembers-late-son-dr-leli-loving-and-caring/

https://www.fijivillage.com/news/No-person-arrested-or-charged-in-relation-to-Leli-Darlings-death-x48r5f/

https://fijisun.com.fj/news/crime/police-probe-social-media-of-deceased-nadi-doctor

https://pmn.co.nz/read/law-and-order/tragic-death-of-fijian-transgender-doctor-sparks-calls-for-justice-and-end-to-transphobia

https://www.facebook.com/reel/1335575621603005","Dr Leighley Leli Darling was found dead in her home in  in the Votualevu area of Nadi, Ba (Fiji) after she failed to show up for work on 1 Sep 2025.

She was 52. #SayHerName #TransLifesMatter #TDoR",https://tdor.translivesmatter.info/reports/2025/09/01/dr-leighley-leli-darling_nadi-ba-fiji_b99a4022
Blake Sturm,25,18-Sep-1999,2025_09_02_Blake-Sturm.jpg,https://www.scenemag.co.uk/roanoke-mourns-the-loss-of-drag-king-blake-sturm-with-candlelight-vigils-and-tributes/,2-Sep-2025,,,,Roanoke,Virginia,USA,37.27175362,-79.94091145,suicide,suicide,"Blake died by suicide. He was a trans man and drag king known for seeing beauty in things others rejected and openly extending love to everything and everyone.

> Roanoke in Virginia is mourning the loss of Blake Sturm, a vibrant member of the LGBTQ+ community, whose body was discovered outside his home earlier this week. Blake, 25, had been reported missing on 30 August and was found deceased on Tuesday, 2 September. Police have stated that the death does not appear suspicious, though an investigation remains ongoing.
> 
> Blake was known for entertaining crowds with his drag performances and creating a space of acceptance. His obituary paints a portrait of a person who embraced life with colour and courage. He was a proud member of the LGBTQ+ community, a certified welder, and someone who found beauty in the overlooked and broken.
> 
> “Blake’s spark disappeared too soon,” his family wrote. “But the light he brought into the world will never be extinguished.”
> 
> Friends remembered him for his uplifting and bubbly personality.
> 
> “Someone you could always call, and he’s always there, and he’s always happy,” said one friend.
> 
> “There’s not a lot of drag kings in the area; he was fully trying to go full steam ahead in creating the organisation for drag kings here locally. So, I know that presence is going to be greatly missed,” added another.

https://www.scenemag.co.uk/roanoke-mourns-the-loss-of-drag-king-blake-sturm-with-candlelight-vigils-and-tributes/

https://www.wdbj7.com/2025/09/04/hes-always-there-hes-always-happy-how-friends-are-remembering-blake-sturm/

https://www.wsls.com/news/local/2025/09/06/candlelight-vigil-held-for-blake-strum-in-roanoke/

https://www.facebook.com/theawarefoundation/posts/update-it-is-with-great-sorrow-that-we-announce-the-passing-of-blake-sturm-pleas/1104115675159888/

https://bsky.app/profile/dchomos.com/post/3lylyujvab22c

https://www.threads.com/@diversitydream/post/DOeUfrKknC-

https://www.tharpfuneralhome.com/obituaries/blake-sturm","Blake Sturm died by suicide in Roanoke, Virginia (USA) on 2 Sep 2025.

He was 25. #SayHisName #TransLivesMatter #TDoR",https://tdor.translivesmatter.info/reports/2025/09/02/blake-sturm_roanoke-virginia-usa_63e636b9
Kakay Britto,26,,2025_09_04_Kakay-Britto.jpg,https://cm7brasil.com/noticias/policia/blogueira-trans-tem-casa-invadida-e-e-assassinada-pelo-cv-apos-postar-foto-com-traficante-rival-veja-video/,4-Sep-2025,tgeu/tdor2025/4-Sep-2025/Kakay Britto,Rua do Amparo,Lobato,Salvador,Bahia,Brazil,-12.91535997,-38.48272326,violence,shot,"Kakay was an influencer. She died after being shot by two armed men who broke into her home.

> Brazil – In the early hours of Thursday, the 4th, digital influencer [deadname] de Brito Gonzaga, 26, known as Kakay Britto, was brutally shot to death at her home on Rua do Amparo, in the Lobato neighborhood of Salvador's Ferroviário Suburb. A trans woman and a prominent figure on social media, where she amassed around 60,000 followers, Kakay was recognized for her comedy videos, dance routines, and travel stories.
> 
> According to the Bahia Civil Police, two armed men broke into the influencer's home and fired several shots before fleeing. Kakay was rescued by a cousin and taken to the Suburb Hospital, but succumbed to her injuries.
> 
> Hours before the crime, she published a story on Instagram lamenting the death of a young man identified as Neto, who was allegedly part of the Bonde do Maluco (BDM) faction and was murdered during a confrontation with the Military Police on Tuesday, September 2, in the area known as Corre ou Morre, also in Lobato.
> 
> In one of the videos, visibly emotional, Kakay wrote, ""I love you forever,"" and promised to return the next day to interact with her followers. The Department of Homicide and Personal Protection (DHPP) is investigating the case, and so far, the leading hypothesis is that the blogger was killed by members of the Comando Vermelho (CV) to pay tribute to Neto, who was a member of the rival faction.
> 
> Security camera footage from the area is being analyzed and may help police identify the suspects and clarify the case.

https://cm7brasil.com/noticias/policia/blogueira-trans-tem-casa-invadida-e-e-assassinada-pelo-cv-apos-postar-foto-com-traficante-rival-veja-video/","Kakay Britto died after being shot by two armed men who broke into her home in Salvador, Bahia (Brazil) on 4 Sep 2025.

She was 26, and an influencer. #SayHerName #TransLifesMatter #TDoR",https://tdor.translivesmatter.info/reports/2025/09/04/kakay-britto_salvador-bahia-brazil_45ecfc00
Sabir,,,2025_09_06_Sabir.jpg,https://www.facebook.com/permalink.php?story_fbid=pfbid02tg8kXKmiC3EHR2Mu2oJXQijTwA3mN4h3ppBdvDdu4vaK5bCeE3mxVZ4Vph7hzdqhl&id=100068113328107,6-Sep-2025,tgeu/tdor2025/6-Sep-2025/Sabir,,Faqir Abad Thana,Peshawar,Khyber Pakhtunkhwa,Pakistan,34.021731,71.5795856,violence,shot,"Sabir was shot by unidentified assailants.

> In Peshawar’s Faqirabad area, a transgender person was killed in firing by unidentified assailants.
> 
> According to initial reports, in the jurisdiction of Faqirabad Police Station, Sabir alias [deadname], a transgender person, was killed in a shooting in Afghan Colony. On receiving the information, DSP Umar Afridi and SHO Aqif Anjum reached the spot and recovered four 30-bore pistol shells. Police have launched an investigation to determine the motive and trace the suspects.

https://24newshd.tv/06-Sep-2025/eunuch-shot-dead-in-peshawar

https://www.facebook.com/permalink.php?story_fbid=pfbid02tg8kXKmiC3EHR2Mu2oJXQijTwA3mN4h3ppBdvDdu4vaK5bCeE3mxVZ4Vph7hzdqhl&id=100068113328107

https://www.youtube.com/watch?v=U0qOtt0GdHk

https://x.com/TNNEnglish/status/1964312901214195733","Sabir was shot by unidentified assailants in the Faqir Abad Thana area of Peshawar, Khyber Pakhtunkhwa (Pakistan) on 6 Sep 2025. #SayHerName #TransLivesMatter #TDoR",https://tdor.translivesmatter.info/reports/2025/09/06/sabir_peshawar-khyber-pakhtunkhwa-pakistan_4f325bad
Churris Arasme,,,2025_09_07_Churris.jpg,https://www.instagram.com/p/DOUpCPxkf1m/,7-Sep-2025,tgeu/tdor2025/30-Aug-2025/Churris,,San Félix de Caicara,Cedeño,Monagas,Venezuela,9.9569402,-63.6594314,violence,not reported,"Churris' body was found submerged in water near a beach resort. Her death is being investigated as a possible homicide.

> The Monagas state press reported that this Sunday, residents near a beach resort in Cedeño found the body of a transgender girl .
> 
> Although the body was submerged in water, the Scientific Police are investigating whether this is a murder against a member of the LGBTQ community.
> 
> The incident shocked the Guayatá sector, San Félix de Caicara parish, Cedeño municipality.
> 
> It was immediately known that the young woman was known as ""La Churry,"" but her legal name is [deadname] Arasme.

https://www.ntn24.com/noticias-actualidad/localizan-el-cuerpo-de-una-joven-trans-en-balneario-de-monagas-578883

https://www.facebook.com/mrcronica/posts/pfbid0qc862CTEP48UnVhEhVVJWTVXEZm9ha1vxZd8gfkoQPWJ1hbJefoTSmKjXU1FQEGvl

https://www.instagram.com/p/DOUpCPxkf1m/

https://x.com/NTN24ve/status/1965057864072151348","Churris' body was found submerged in water near a beach resort in San Félix de Caicara, Cedeño, Monagas (Venezuela) on 7 Sep 2025.

Her death is being investigated as a possible homicide. #SayHerName #TransLivesMatter #TDoR",https://tdor.translivesmatter.info/reports/2025/09/07/churris_arasme_cedeno-monagas-venezuela_c6d9f048
Amanda Falcão Rocha,33,,,,8-Sep-2025,tgeu/tdor2025/8-Sep-2025/Amanda Falcão Rocha,,Aterro do Bacanga,São Luís,Maranhão,Brazil,-2.554797069,-44.3006587,uncategorised,not reported,"Amanda passed away after being found unresponsive in a mangrove cultivating region. She was homeless, and the cause of her death is under investigatation.

> The body of a trans woman was found on Monday afternoon (8), in a mangrove region in Aterro do Bacanga, in São Luís. The victim was identified as Amanda Falcão Rocha, 33 years old.
> 
> According to reports, the victim was homeless. When located, she still showed vital signs. The Mobile Emergency Care Service (SAMU) was called and provided assistance, but later pronounced her dead.
> 
> Teams from the Military Police, Municipal Guard, Superintendence of Homicide and Personal Protection (SHPP) and the Legal Medical Institute (IML) were also called and were at the scene.
> 
> The body was taken to the IML, where it will undergo forensic examination. The SHPP will investigate the case, which should determine whether a crime was committed and identify possible perpetrators.","Amanda Falcão Rocha was found unresponsive in a mangrove cultivating region in São Luís, Maranhão (Brazil) on 8 Sep 2025.

She was 33, and homeless. #SayHerName #TransLivesMatter #TDoR",https://tdor.translivesmatter.info/reports/2025/09/08/amanda-falcao-rocha_sao-luis-maranhao-brazil_2824c2bc
Lillia Holland,19,,2025_09_09_Lillia-Holland.jpg,https://www.instagram.com/p/DOg-U4Skqdg/,9-Sep-2025,,,,Portland,Oregon,USA,45.58528962,-122.7645071,suicide,suicide,"Lillia died by suicide.

> The day before Charlie Kirk was killed, a 19 year old trans girl named Lillia Holland disappeared, after tweeting out her suicide note. 
> 
> Her phone and shoes were found on the St. Johns Bridge in Portland, where a 17 year old trans girl named Charlotte Fosgate had ended her life earlier this year. Charlotte's suicide was most widely known for being spread around as a transphobic right-wing meme. 
> 
> There is no update on whether Lillia has been found, alive or otherwise. The only information is from her Twitter and one of her friends. A hundred of so thousand people on Twitter know that she is missing. A handful of those people have mocked her suicide. Outside of Twitter, I can't find any information about her. There have been no news articles about her. No statements from politicians. No support to her loved ones or fundraisers for the Trevor project. No hashtags. Nothing. 
> 
> About 150k people saw her final post, while millions of people are viewing, liking, and reposting millions of posts about Charlie Kirk on every social media platform. He's trending everywhere and making breaking news. The President of the United States has sent out condolences. 
> 
> Why did his life matter more than Lillia's? Why is it that the same people telling us to be sad about his death and not talk bad about him were the people making memes about a 17 year old girl's suicide a few months ago? Why must trans deaths go unnoticed, or worse, celebrated and mocked, yet we are expected to mourn a man who wanted us dead? Who advocated against our human rights. Who is part of the movement that has made this country unsafe for us. Who made this world a much harder place for Charlotte and Lillia to live in. #charlottefosgate #lilliaholland #protecttransyouth #transrights #charliekirk

Source: email

Lillia's Twitter profile is https://x.com/TiredTakodachi.

https://www.instagram.com/p/DOeV-Z3gaDa/

https://www.instagram.com/p/DOg-U4Skqdg/

[CN: suicide note]
https://x.com/TiredTakodachi/status/1965300193198489778

https://x.com/TiredTakodachi/status/1965299777048080565","Lillia Holland died by suicide in Portland, Oregon (USA) on 9 Sep 2025,

She was 19. #SayHerName #TransLivesMatter #TDoR",https://tdor.translivesmatter.info/reports/2025/09/09/lillia-holland_portland-oregon-usa_3e7755a6
Madhu Sharma,60,,2025_09_10_Madhu-Sharma.jpg,https://www.bhaskarenglish.in/local/rajasthan/news/kinnar-guru-shot-dead-in-broad-daylight-in-neemrana-transgender-community-protests-demanding-swift-action-135886222.html,10-Sep-2025,tgeu/tdor2025/10-Sep-2025/Madhu Sharma,,Neemrana Industrial Area,Neemrana,Rajasthan,India,27.96833401,76.3827769,violence,murdered,"Madhu was shot dead in her car by unidentified assailants on a motorcycle. She was extremely active in social work and her murder has had a huge impact on the local community.

> Madhu Sharma, a 60-year-old transgender guru from Madhosinghpura, Neemrana, was shot dead while sitting in her car on Wednesday morning. The incident occurred in the Neemrana Industrial Area at 11:55 AM as she went to collect blessings. Her death sparked panic and outrage among the transgender community.
> 
> Madhu Sharma was sitting in her car near Mohaldia village with her team when a man on a bike fired at her. The bullet hit her chest directly. The biker fled immediately.
> 
> DSP Sachin Sharma said that the transgender persons in the car panicked after the shooting. They quickly took her to Sachkhand Hospital, but doctors declared her dead on arrival. Her body was kept in Neemrana CHC mortuary.
> 
> After the incident, a large number of people from the transgender community gathered outside the hospital, creating a commotion. Shahjahanpur and Neemrana police were deployed to control the situation.
> 
> Neemrana ASP Shalini Raj confirmed that the body was kept at the government hospital mortuary. CCTV footage showed a biker at the scene. Police are trying to identify him and have formed special teams to trace the accused. Authorities assured that the criminal would be caught soon.
>
> Madhu Sharma was active in social work. She installed water coolers using money received from blessings. She helped gaushalas (cow shelters), adopted orphan children, and supported the education of poor girls. Her death has left a huge impact on the local community.

https://www.bhaskarenglish.in/local/rajasthan/news/kinnar-guru-shot-dead-in-broad-daylight-in-neemrana-transgender-community-protests-demanding-swift-action-135886222.html

https://www.ptinews.com/story/national/transgender-shot-dead-in-rajasthans-neemrana/2903596","Madhu Sharma was shot dead in her car in Neemrana, Rajasthan (India) on 10 Sep 2025.

She was 60, was extremely active in social work and her murder has had a huge impact on the local community. #SayHerName #TransLivesMatter #TDoR",https://tdor.translivesmatter.info/reports/2025/09/10/madhu-sharma_neemrana-rajasthan-india_e3ab71b0
Maria del Mar Perdomo,,,2025_09_10_Maria-del-Mar-Perdomo.jpg,https://www.infobae.com/colombia/2025/09/11/hallan-muerta-a-la-disenadora-trans-maria-del-mar-perdomo-en-santa-marta/,10-Sep-2025,tgeu/tdor2025/10-Sep-2025/María del Mar Perdomo,,,Santa Marta,Magdalena,Colombia,11.23855,-74.19427,uncategorised,not reported,"Maria died suddenly in suspicious circumstances. Authorities are investigating if she was a victim of scopolamine poisoning, which has been seen in cases of robbery in the region.

> The death of María del Mar Perdomo, a renowned trans designer and advocate for inclusive fashion, has caused shock in Santa Marta and her hometown, Neiva.
>
> The circumstances of her death, marked by suspicion of scopolamine poisoning and the possibility of robbery, have prompted an exhaustive investigation by the authorities.
>
> The designer's discovery occurred in the context of an event seeking to highlight diversity and inclusion in fashion, causes to which Perdomo dedicated a good part of her career. According to preliminary reports from people close to her, the main hypothesis points to scopolamine poisoning that may have triggered a sudden heart attack.
>
> This line of investigation is relevant given the history of tourists affected by the same modus operandi in the region. However, authorities have emphasized that the exact cause of death can only be determined after a medical examiner's report.
>
> Along with the poisoning hypothesis, the Santa Marta Metropolitan Police have not ruled out the possibility of robbery. An investigator from the agency explained that they are reviewing security cameras at the hotel and surrounding areas, in addition to reconstructing the victim's final hours to determine whether third-party involvement was involved. The investigation remains open, and authorities have urged caution in light of the circulation of unconfirmed reports.

A travel advisory on scopolamine poisioning published by the U.S. Overseas Security Advisory Council (OSAC) in 2012 stated:

> ""One common and particularly dangerous method that criminals use to rob a victim is through the use of drugs. Scopolamine is most often administered in liquid or powder form in foods and beverages. The majority of these incidents occur in nightclubs and bars. It is recommended that to avoid becoming a victim of scopolamine, a person should never accept food or beverages offered by strangers or new acquaintances, nor leave food or beverages unattended in their presence. Victims of scopolamine or other drugs should seek immediate medical attention.""

https://www.eltiempo.com/colombia/otras-ciudades/el-misterio-rodea-la-muerte-de-reconocida-disenadora-maria-del-mar-perdomo-en-santa-marta-posible-intoxicacion-con-escopolamina-3489710

https://www.elinformador.com.co/index.php/judiciales/71-judiciales-local/339974-investigan-muerte-de-disenadora-trans-en-santa-marta-por-posible-caso-de-escopolamina

https://www.semana.com/nacion/articulo/murio-en-extranas-circunstancias-la-disenadora-trans-maria-del-mar-perdomo/202534/

https://www.infobae.com/colombia/2025/09/11/hallan-muerta-a-la-disenadora-trans-maria-del-mar-perdomo-en-santa-marta/

https://www.msn.com/es-co/noticias/other/famosa-dise%C3%B1adora-de-modas-apareci%C3%B3-muerta-en-hotel-de-santa-marta-causa-es-un-misterio/ar-AA1Mmx28

https://www.youtube.com/watch?v=Z7-beUrLhVU","Maria del Mar Perdomo died suddenty in suspicious circumstances in Santa Marta, Magdalena (Colombia) on 10 Sep 2025. #SayHerName #TransLivsMatter #TDoR",https://tdor.translivesmatter.info/reports/2025/09/10/maria-del-mar-perdomo_santa-marta-magdalena-colombia_55329f85
Any Sá,29,,,,11-Sep-2025,tgeu/tdor2025/11-Sep-2025/Any Sá,Rua Almeida Brandão,Itacaranha,Salvador,Bahia,Brazil,-12.88674731,-38.48643965,violence,shot,"Any died after being shot in the street.

> A 29-year-old trans woman was shot dead on Thursday afternoon, the 11th, on Rua Almeida Brandão, known as Escada, in the Itacaranha neighborhood, Subúrbio Ferroviário de Salvador.
> 
> The victim was identified as [deadname] Neri, who also used the social name Any Sá. She was shot multiple times but succumbed to her injuries and died at the scene. The perpetrator and motive remain unknown.
> 
> According to the Military Police, agents from the 14th CIPM responded to the incident and called the Technical Police Department (DPT) to carry out the investigation.
> 
> The Civil Police reported that it has issued expert and autopsy guides and is already carrying out investigations to identify those responsible for the crime

https://atarde.com.br/policia/mulher-trans-e-assassinada-em-via-movimentada-da-suburbana-1350563

https://todabahia.com.br/mulher-trans-e-morta-a-tiros-no-suburbio-ferroviario-de-salvador/

https://galegonoticias.com.br/noticia/13574/any-sa-mulher-trans-e-mortana-rua-almeida-brandao-regiao-de-itacaranha-proximo-a-chacara-de-talinho

https://record.r7.com/todos-os-videos/mulher-trans-e-assassinada-e-corpo-e-encontrado-proximo-a-obra-do-vlt-em-salvador-ba-11092025/

https://www.instagram.com/p/DOev-QAkcnv///

https://www.instagram.com/reel/DOeSwVxid_P/

https://www.youtube.com/watch?v=Yvh1jZ4ijOU","Any Sá was shot multiple times in the street in Salvador, Bahia (Brazil) on 11 Sep 2025.

She was 29. #SayHerName #TransLivesMatter #TDoR",https://tdor.translivesmatter.info/reports/2025/09/11/any-sa_salvador-bahia-brazil_8004a63f
"""La Monse""",,,,,11-Sep-2025,"tgeu/tdor2025/11-Sep-2025/""La Monse""",,,Actopan,Veracruz,Mexico,19.60455475,-96.4197478,violence,beaten,"The body of La Monse was found near a local road with signs of violence.

> The civil association Orgullo Xalapa AC spoke out today after the discovery of the lifeless body of a trans woman identified as “La Monse”, found this morning on the section that connects Palmas de Abajo with the town of La Mancha, both belonging to the municipality of Actopan, Veracruz.
> 
> In a statement, Orgullo Xalapa said that this is “our companion,” whose remains were found by neighbors “with obvious signs of violence.”
> 
> The body of “La Monse”, originally from the community of Tinajitas, was found between Palmas de Abajo and La Mancha.
> 
> Municipal Police, Public Security Secretariat (SSP), and Ministerial Police officers arrived at the scene and began the corresponding investigation.
> 
> Initially, her identity was unknown; it was later confirmed that she was a trans woman, reinforcing the need for this case to be investigated in accordance with all applicable protocols.

https://www.zocalo.com.mx/activistas-exigen-justicia-por-el-transfeminicidio-de-la-monse-en-veracruz/

https://www.milenio.com/estados/comunidad-lgbt-reclama-falta-informacion-crimen-monse

https://cambiodigitalnoticias.com/reclama-comunidad-lgbt-falta-de-informacion-sobre-crimen-de-la-monse-mujer-trans-de-actopan/

https://cambiodigitalnoticias.com/condena-comunidad-lgbt-crimen-de-mujer-trans-en-actopan/

https://www.notiver.com/sucesos/asesinan-a-la-monse/amp/

https://www.infobae.com/mexico/2025/09/12/hallan-sin-vida-a-la-monse-mujer-trans-en-actopan-veracruz-comunidad-lgbt-exige-justicia/

https://www.informaoriente.com.mx/seguridad/localizan-cadaver-de-mujer-trans-en-veracruz-presentaba-visibles-signos-de-violencia.htm

https://oem.com.mx/diariodexalapa/local/orgullo-xalapa-condena-muerte-de-la-monse-mujer-trans-localizada-en-actopan-y-exige-justicia-25698520

https://www.milenio.com/estados/hallan-cadaver-mujer-trans-actopan-veracruz

https://www.msn.com/es-mx/noticias/mexico/hallan-cad%C3%A1ver-de-mujer-trans-en-actopan-veracruz-autoridades-investigan/ar-AA1MnLuA

https://imagendelgolfo.mx/policiaca/Cuerpo-de-mujer-trans-es-hallado-en-zona-montanosa-de-Actopan-Veracruz-20250911-0054.html

https://golpepolitico.com/2025/09/11/localizan-sin-vida-a-la-monse-joven-trans-en-la-comunidad-palmas-de-abajo-actopan/

https://www.facebook.com/photo.php?fbid=1193593772813912&set=a.628853239287971&type=3","The body of La Monse was found with signs of violence near a local road near Actopan, Veracruz (Mexico) on 11 Sep 2025. #SayHerName #TransLivesMatter #TDoR",https://tdor.translivesmatter.info/reports/2025/09/11/la-monse_actopan-veracruz-mexico_d1f64f31
Grampola,41,12-Sep-1984,2025_09_12_Grampola.jpg,https://g1.globo.com/ma/maranhao/noticia/2025/09/13/suspeito-de-matar-grampola-e-identificado-em-sao-luis-feminicidio-e-descartado.ghtml,12-Sep-2025,tgeu/tdor2025/12-Sep-2025/Grampola,,Ribeira,São Luís,Maranhão,Brazil,-2.635797752,-44.25947262,violence,stabbed,"Grampola was an influencer known locally as ""The Queen of Audios"". She died in hospital after being stabbed on her birthday. 

> The Civil Police reported that they identified a suspect in the murder of the digital influencer known as Grampola, stabbed to death in the early hours of this Friday (12), in the Ribeira neighborhood, rural area of São Luís.
> 
> So far, no arrests have been made, and the investigation is being handled by the Homicide Division, which initially believes the crime may have been related to drug debts. Therefore, femicide was initially ruled out. However, police say they are continuing to interview family members to understand the true motive for the murder.
> 
> Grampola, whose [deadname] name was [deadname] Silva Belchior, was 41 years old and a trans woman. She became famous in São Luís for the humorous audios that circulated on social media, also known as the ""Queen of Audios"". The crime occurred on her birthday.
> 
> According to witnesses, the influencer was seen asking for help in a public street, with multiple stab wounds. She was taken to a hospital for treatment, but succumbed to her injuries.

<blockquote class=""instagram-media"" data-instgrm-captioned data-instgrm-permalink=""https://www.instagram.com/reel/CwGzAyAMTD7/?utm_source=ig_embed&amp;utm_campaign=loading"" data-instgrm-version=""14"" style="" background:#FFF; border:0; border-radius:3px; box-shadow:0 0 1px 0 rgba(0,0,0,0.5),0 1px 10px 0 rgba(0,0,0,0.15); margin: 1px; max-width:540px; min-width:326px; padding:0; width:99.375%; width:-webkit-calc(100% - 2px); width:calc(100% - 2px);""><div style=""padding:16px;""> <a href=""https://www.instagram.com/reel/CwGzAyAMTD7/?utm_source=ig_embed&amp;utm_campaign=loading"" style="" background:#FFFFFF; line-height:0; padding:0 0; text-align:center; text-decoration:none; width:100%;"" target=""_blank""> <div style="" display: flex; flex-direction: row; align-items: center;""> <div style=""background-color: #F4F4F4; border-radius: 50%; flex-grow: 0; height: 40px; margin-right: 14px; width: 40px;""></div> <div style=""display: flex; flex-direction: column; flex-grow: 1; justify-content: center;""> <div style="" background-color: #F4F4F4; border-radius: 4px; flex-grow: 0; height: 14px; margin-bottom: 6px; width: 100px;""></div> <div style="" background-color: #F4F4F4; border-radius: 4px; flex-grow: 0; height: 14px; width: 60px;""></div></div></div><div style=""padding: 19% 0;""></div> <div style=""display:block; height:50px; margin:0 auto 12px; width:50px;""><svg width=""50px"" height=""50px"" viewBox=""0 0 60 60"" version=""1.1"" xmlns=""https://www.w3.org/2000/svg"" xmlns:xlink=""https://www.w3.org/1999/xlink""><g stroke=""none"" stroke-width=""1"" fill=""none"" fill-rule=""evenodd""><g transform=""translate(-511.000000, -20.000000)"" fill=""#000000""><g><path d=""M556.869,30.41 C554.814,30.41 553.148,32.076 553.148,34.131 C553.148,36.186 554.814,37.852 556.869,37.852 C558.924,37.852 560.59,36.186 560.59,34.131 C560.59,32.076 558.924,30.41 556.869,30.41 M541,60.657 C535.114,60.657 530.342,55.887 530.342,50 C530.342,44.114 535.114,39.342 541,39.342 C546.887,39.342 551.658,44.114 551.658,50 C551.658,55.887 546.887,60.657 541,60.657 M541,33.886 C532.1,33.886 524.886,41.1 524.886,50 C524.886,58.899 532.1,66.113 541,66.113 C549.9,66.113 557.115,58.899 557.115,50 C557.115,41.1 549.9,33.886 541,33.886 M565.378,62.101 C565.244,65.022 564.756,66.606 564.346,67.663 C563.803,69.06 563.154,70.057 562.106,71.106 C561.058,72.155 560.06,72.803 558.662,73.347 C557.607,73.757 556.021,74.244 553.102,74.378 C549.944,74.521 548.997,74.552 541,74.552 C533.003,74.552 532.056,74.521 528.898,74.378 C525.979,74.244 524.393,73.757 523.338,73.347 C521.94,72.803 520.942,72.155 519.894,71.106 C518.846,70.057 518.197,69.06 517.654,67.663 C517.244,66.606 516.755,65.022 516.623,62.101 C516.479,58.943 516.448,57.996 516.448,50 C516.448,42.003 516.479,41.056 516.623,37.899 C516.755,34.978 517.244,33.391 517.654,32.338 C518.197,30.938 518.846,29.942 519.894,28.894 C520.942,27.846 521.94,27.196 523.338,26.654 C524.393,26.244 525.979,25.756 528.898,25.623 C532.057,25.479 533.004,25.448 541,25.448 C548.997,25.448 549.943,25.479 553.102,25.623 C556.021,25.756 557.607,26.244 558.662,26.654 C560.06,27.196 561.058,27.846 562.106,28.894 C563.154,29.942 563.803,30.938 564.346,32.338 C564.756,33.391 565.244,34.978 565.378,37.899 C565.522,41.056 565.552,42.003 565.552,50 C565.552,57.996 565.522,58.943 565.378,62.101 M570.82,37.631 C570.674,34.438 570.167,32.258 569.425,30.349 C568.659,28.377 567.633,26.702 565.965,25.035 C564.297,23.368 562.623,22.342 560.652,21.575 C558.743,20.834 556.562,20.326 553.369,20.18 C550.169,20.033 549.148,20 541,20 C532.853,20 531.831,20.033 528.631,20.18 C525.438,20.326 523.257,20.834 521.349,21.575 C519.376,22.342 517.703,23.368 516.035,25.035 C514.368,26.702 513.342,28.377 512.574,30.349 C511.834,32.258 511.326,34.438 511.181,37.631 C511.035,40.831 511,41.851 511,50 C511,58.147 511.035,59.17 511.181,62.369 C511.326,65.562 511.834,67.743 512.574,69.651 C513.342,71.625 514.368,73.296 516.035,74.965 C517.703,76.634 519.376,77.658 521.349,78.425 C523.257,79.167 525.438,79.673 528.631,79.82 C531.831,79.965 532.853,80.001 541,80.001 C549.148,80.001 550.169,79.965 553.369,79.82 C556.562,79.673 558.743,79.167 560.652,78.425 C562.623,77.658 564.297,76.634 565.965,74.965 C567.633,73.296 568.659,71.625 569.425,69.651 C570.167,67.743 570.674,65.562 570.82,62.369 C570.966,59.17 571,58.147 571,50 C571,41.851 570.966,40.831 570.82,37.631""></path></g></g></g></svg></div><div style=""padding-top: 8px;""> <div style="" color:#3897f0; font-family:Arial,sans-serif; font-size:14px; font-style:normal; font-weight:550; line-height:18px;"">View this post on Instagram</div></div><div style=""padding: 12.5% 0;""></div> <div style=""display: flex; flex-direction: row; margin-bottom: 14px; align-items: center;""><div> <div style=""background-color: #F4F4F4; border-radius: 50%; height: 12.5px; width: 12.5px; transform: translateX(0px) translateY(7px);""></div> <div style=""background-color: #F4F4F4; height: 12.5px; transform: rotate(-45deg) translateX(3px) translateY(1px); width: 12.5px; flex-grow: 0; margin-right: 14px; margin-left: 2px;""></div> <div style=""background-color: #F4F4F4; border-radius: 50%; height: 12.5px; width: 12.5px; transform: translateX(9px) translateY(-18px);""></div></div><div style=""margin-left: 8px;""> <div style="" background-color: #F4F4F4; border-radius: 50%; flex-grow: 0; height: 20px; width: 20px;""></div> <div style="" width: 0; height: 0; border-top: 2px solid transparent; border-left: 6px solid #f4f4f4; border-bottom: 2px solid transparent; transform: translateX(16px) translateY(-4px) rotate(30deg)""></div></div><div style=""margin-left: auto;""> <div style="" width: 0px; border-top: 8px solid #F4F4F4; border-right: 8px solid transparent; transform: translateY(16px);""></div> <div style="" background-color: #F4F4F4; flex-grow: 0; height: 12px; width: 16px; transform: translateY(-4px);""></div> <div style="" width: 0; height: 0; border-top: 8px solid #F4F4F4; border-left: 8px solid transparent; transform: translateY(-4px) translateX(8px);""></div></div></div> <div style=""display: flex; flex-direction: column; flex-grow: 1; justify-content: center; margin-bottom: 24px;""> <div style="" background-color: #F4F4F4; border-radius: 4px; flex-grow: 0; height: 14px; margin-bottom: 6px; width: 224px;""></div> <div style="" background-color: #F4F4F4; border-radius: 4px; flex-grow: 0; height: 14px; width: 144px;""></div></div></a><p style="" color:#c9c8cd; font-family:Arial,sans-serif; font-size:14px; line-height:17px; margin-bottom:0; margin-top:8px; overflow:hidden; padding:8px 0 7px; text-align:center; text-overflow:ellipsis; white-space:nowrap;""><a href=""https://www.instagram.com/reel/CwGzAyAMTD7/?utm_source=ig_embed&amp;utm_campaign=loading"" style="" color:#c9c8cd; font-family:Arial,sans-serif; font-size:14px; font-style:normal; font-weight:normal; line-height:17px; text-decoration:none;"" target=""_blank"">A post shared by Grampola Oficial (@grampolaoficial)</a></p></div></blockquote>
<script async src=""//www.instagram.com/embed.js""></script>

Grampola's Instagram profile is https://www.instagram.com/grampolaoficial.

https://www.guiagaysalvador.com.br/noticias/cidadania/influenciadora-trans-grampola-pode-ter-sido-morta-por-divida-de-drogas

https://g1.globo.com/ma/maranhao/noticia/2025/09/13/suspeito-de-matar-grampola-e-identificado-em-sao-luis-feminicidio-e-descartado.ghtml

https://g1.globo.com/ma/maranhao/noticia/2025/09/12/irreverente-e-engracada-quem-era-grampola-a-rainha-dos-audios-morta-no-dia-do-aniversario-em-sao-luis.ghtml

https://www.netoferreira.com.br/rainha-dos-audios-grampola-e-morta-no-dia-do-aniversario-em-sao-luis/

https://imirante.com/noticias/sao-luis/2025/09/12/quem-era-grampola-assassinada-no-dia-do-aniversario-em-sao-luis

https://g1.globo.com/ma/maranhao/noticia/2025/09/12/rainha-dos-audios-grampola-e-morta-no-dia-do-aniversario-em-sao-luis.ghtml

https://www.facebook.com/blogdoalpanirmesquita/posts/inaldo-henrique-silva-belchior-a-grampola-tinha-41-anos-e-era-uma-mulher-trans-e/1332800661546162/

https://www.instagram.com/reel/DOi03wFDXOj/

https://x.com/gaybrasil/status/1967320226137346173

https://globoplay.globo.com/v/13925081/","Grampola died in hospital in São Luís, Maranhão (Brazil) on 12 Sep 2025 - her birthday .

She was 41, and was an influencer known locally as ""The Queen of Audios"". #SayHerName #TransLivesMatter #TDoR",https://tdor.translivesmatter.info/reports/2025/09/12/grampola_sao-luis-maranhao-brazil_9027ed41
Raquelly Letícia,24,12-Sep-2001,2025_09_12_Raquelly-Leticia.jpg,https://www.facebook.com/photo.php?fbid=562787701435499&set=pb.100031128215654.-2207520000&type=3,12-Sep-2025,tgeu/tdor2025/12-Sep-2025/Raquelly Leticia,Rua Princesa Isabel,Santo Amaro,Recife,Pernambuco,Brazil,-8.05904094,-34.88064372,violence,stabbed,"Raquelly was murdered on her birthday.

> On the afternoon of last Friday (12), a trans woman was murdered in an adult film cinema, located on Rua Princesa Isabel, in the Santo Amaro neighborhood. The victim was identified as Raquelly Letícia, who was turning 24 on the date of the crime.
> 
> According to the Pernambuco Civil Police, she was found dead and suffering from stab wounds. ""Investigations are ongoing until the crime is solved,"" the police said in a statement sent to Diario. The crime is being investigated by the Capital Homicide Task Force.
> 
> The report found that Raquelly had been involved in a street fight in downtown Recife a few days ago and had been avoiding the area because of the confrontation. Yesterday, friends and family were expecting her for a surprise birthday party.

Raquelly's Facebook profile is https://www.facebook.com/raquelly.leticia.50/.

https://www.diariodepernambuco.com.br/vida-urbana/2025/09/11695868-protesto-deixa-transito-lento-no-entorno-do-parque-treze-de-maio-no-recife.html

https://www.terra.com.br/noticias/brasil/cidades/mulher-trans-e-assassinada-a-facadas-dentro-de-cinema-de-filmes-adultos-no-recife,a6bad39a56275315d4abc91bed4a7fbe52ii7b05.html

https://noticiasdosertao.com.br/blog/tragedia-em-recife-mulher-trans-e-assassinada-em-cinema-adulto-no-dia-do-proprio-aniversario/

https://www.diariodepernambuco.com.br/vida-urbana/2025/09/11695750-mulher-trans-e-encontrada-morta-em-cinema-de-filmes-adulto-no-dia-do-aniversario-no-recife.html

https://g1.globo.com/pe/pernambuco/noticia/2025/09/13/mulher-trans-e-assassinada-dentro-de-cinema-de-filmes-adultos-no-dia-do-aniversario.ghtml

https://www.facebook.com/portalbj1/photos/raquelly-leticia-mulher-trans-de-24-anos-foi-assassinada-a-facadas-dentro-de-um-/1400481761439089/

https://www.instagram.com/reel/DOntID2gB24/

https://x.com/g1pernambuco/status/1966895753302781958

https://www.youtube.com/watch?v=V2SXcrl4YJA","Raquelly Letícia was murdered in Recife, Pernambuco (Brazil) on 12 Sep 2025 - her birthday.

She was 24. #SayHerName #TransLivesMatter #TDoR",https://tdor.translivesmatter.info/reports/2025/09/12/raquelly-leticia_recife-pernambuco-brazil_c8769d97
Bruna da Conceição Souza,27,,2025_09_14_Bruna-da-Conceicao-Souza.jpg,https://g1.globo.com/mt/mato-grosso/noticia/2025/09/16/cinco-suspeitos-sao-presos-por-morte-de-mulher-trans-encontrada-com-maos-e-pes-amarrados-em-mt.ghtml,14-Sep-2025,tgeu/tdor2025/14-Sep-2025/Bruna da Conceição Souza,,,Campo Novo do Parecis,Mato Grosso,Brazil,-13.68119814,-57.92043825,violence,stabbed,"Bruna's body was found alongside the BR-235 highway several hours after being kidnapped from her home. Her partner - who was also kidnnapped - escaped.

> A 27-year-old woman, identified as Bruna Conceição Souza, was kidnapped and murdered in the early hours of Sunday (14), in Campo Novo do Parecis (386 km from Cuiabá). Her body was found hours later in a corn plantation, on the banks of BR-235, with her hands and feet tied.
> 
> According to preliminary information, Bruna was at home with her partner when, in the early hours of the morning, four armed men broke into the residence. The couple were held hostage and the target of an attempted murder. Bruna's partner managed to escape and call for help.
> 
> Meanwhile, Bruna was forced into a black vehicle used by the criminals and taken in an unknown direction. The Civil Police and Military Police immediately began a search, but were unable to locate the victim alive.
> 
> Hours later, a report indicated the presence of a body in a rural area. Police officers confirmed it was Bruna's at the scene. The Official Forensic and Technical Identification Unit (Politec) was called and cordoned off the scene for forensic investigations.

Five suspects were subsequently arrested in connection with Bruna's murder;  a sixth is on the run.

https://marretaurgente.com.br/corpo-de-mulher-trans-e-encontrado-em-milharal-com-pes-e-maos-amarrados-apos-sequestro-em-mt/

https://rdmonline.com.br/transexual-e-sequestrada-e-assassinada-e-corpo-foi-encontrado-amarrado-em-plantacao-de-mt/

https://marretaurgente.com.br/cinco-suspeitos-sao-presos-por-morte-de-mulher-trans-encontrada-com-maos-e-pes-amarrados-em-mt/

https://www.powermix.com.br/policia/jovem-trans-encontrada-em-milharal-pode-ter-sido-morta-por-divida-cinco-presos-em-mt/45643

https://g1.globo.com/mt/mato-grosso/noticia/2025/09/16/cinco-suspeitos-sao-presos-por-morte-de-mulher-trans-encontrada-com-maos-e-pes-amarrados-em-mt.ghtml

https://www.folhamax.com/amp/policia/jovem-trans-foi-assassinada-por-dever-drogas-em-mt-revela-pc/512236

https://primeirahora.com.br/corpo-de-mulher-trans-e-encontrado-em-milharal-com-pes-e-maos-amarrados-apos-sequestro-em-mt/

https://www.reportermt.com/policia/trans-encontrada-em-milharal-pode-ter-sido-morta-por-vinganca-aponta-investigacao/225331

https://www.folhamax.com/policia/jovem-trans-foi-assassinada-por-dever-drogas-em-mt-revela-pc/512236

https://rdmonline.com.br/corpo-de-transexual-sequestrada-e-encontrado-em-plantacao-em-campo-novo-do-parecis/

https://marretaurgente.com.br/corpo-de-mulher-trans-e-encontrado-em-milharal-com-pes-e-maos-amarrados-apos-sequestro-em-mt/

https://www.vgnews.com.br/noticia/261/transexual-e-sequestrada-dentro-de-casa-e-morta-em-campo-novo-do-parecis

https://jornalcidademt.com.br/mulher-trans-e-encontrada-morta-em-plantacao-de-milho/

https://g1.globo.com/mt/mato-grosso/noticia/2025/09/15/corpo-de-mulher-trans-e-encontrado-em-milharal-com-pes-e-maos-amarrados-apos-sequestro-em-mt.ghtml

https://mtdefato.com.br/2025/09/15/membros-de-faccao-matam-jovem-transexual-apos-sequestro/

https://www.midianews.com.br/conteudo.php?sid=25&cid=503339

https://perrenguematogrosso.com/transexual-e-sequestrada-e-encontrada-morta-em-campo-novo-do-parecis-veja-video/

https://www.rdnews.com.br/policia/mulher-trans-e-sequestrada-e-encontrada-morta-em-plantacao-de-milho-em-mt/217506

https://www.folhadoestado.com.br/policial/mulher-transexual-e-sequestrada-e-assassinada-corpo-foi-encontrado-em-milharal/627126

https://www.hnt.com.br/policia/mulher-trans-e-executada-a-facadas-em-campo-novo-do-parecis/508774

https://www.folhadoestado.com.br/policial/mulher-transexual-e-sequestrada-e-assassinada-corpo-foi-encontrado-em-milharal/627126

https://www.rdnews.com.br/policia/mulher-trans-e-sequestrada-e-encontrada-morta-em-plantacao-de-milho-em-mt/217506

https://www.folhamax.com/policia/apos-sequestro-transexual-e-morta-e-desovada-com-maos-amarradas/512062

https://esportesenoticias.com.br/policia-investiga-homicidio-de-transexual-encontrada-as-margens-da-br-235-com-as-maos-e-pes-amarrados/

https://esportesenoticias.com.br/policia-investiga-homicidio-de-transexual-encontrada-as-margens-da-br-235-com-as-maos-e-pes-amarrados/

https://www.midiajur.com.br/geral/homens-armados-rendem-casal-sequestram-e-executam-mulher-trans/73084

https://www.estadaomatogrosso.com.br/policia/transexual-e-sequestrada-assassinada-e-tem-corpo-desovado-em-milharal/123067

https://odocumento.com.br/transexual-e-sequestrada-em-casa-e-encontrada-morta-em-lavoura-de-milho/

https://www.gazetadigital.com.br/editorias/policia/transexual-e-sequestrada-e-morta-em-mt-corpo-estava-em-plantacao/822104

https://www.midianews.com.br/policia/mulher-trans-e-encontrada-morta-em-plantacao-de-milho/503339

https://www.olhardireto.com.br/noticias/exibir.asp?id=561597&noticia=transexual-e-encontrada-morta-com-maos-e-pes-amarrados-em-plantacao-de-milho

https://www.leiagora.com.br/noticia/177102/mulher-trans-e-sequestrada-e-assassinada-as-margens-de-rodovia-no-interior

https://www.cliquef5.com.br/policia/mulher-trans-e-executada-a-facadas-em-campo-novo-do-parecis/401113

https://www.vozmt.com.br/policial/mulher-trans-e-sequestrada-e-assassinada/

https://www.reportermt.com/policia/trans-e-sequestrada-e-encontrada-morta-em-milharal/225281

https://www.facebook.com/permalink.php?story_fbid=pfbid029nst4gSV8XcUNYQCu32Y4rDXPPur9SyvYbHvN75hapCV9zYAP9U962dFoeSZBa85l&id=61575325063239

https://www.instagram.com/reel/DOmMez7EUkD/

https://x.com/Midia_News/status/1967692212235551222","The body of Bruna da Conceição Souza was found dumped in Campo Novo do Parecis, Mato Grosso (Brazil) on 14 Sep 2025.

She was 27, and several hours earlier had been kidnapped from her home. #SayHerName #TransLivesMatter #TDoR",https://tdor.translivesmatter.info/reports/2025/09/14/bruna-da-conceicao-souza_campo-novo-do-parecis-mato-grosso-brazil_7a7eea9d
Jessica Olive Cash,,,2025_09_15_Jessica-Olive-Cash.jpg,https://www.facebook.com/photo.php?fbid=1385347665866029&set=pb.100031724256220.-2207520000&type=3,15-Sep-2025,,,,Coventry,West Midlands,United Kingdom,52.4137676,-1.5973189,suicide,possible suicide,"Jessica passed away around 15th September. Her birth family  misgendered and deadnamed her throughout her funeral. 

> My friend Jessica Olive Cash died in Coventry UK around 15th September 2025. Family have concealed how she died. Shed made several attempts on her life over the years and suffered huge abuse from family and strangers for being trans. Family misgendered and deadnamed her throughout her funeral. 
>
> Much loved and deeply missed. 

Jessica was co-host of the True Crime podcast site [Version of Events: True Crime Deep Dives](https://versionofevents.co.uk/).

<blockquote class=""instagram-media"" data-instgrm-captioned data-instgrm-permalink=""https://www.instagram.com/p/DO7HVEOjgaQ/?utm_source=ig_embed&amp;utm_campaign=loading"" data-instgrm-version=""14"" style="" background:#FFF; border:0; border-radius:3px; box-shadow:0 0 1px 0 rgba(0,0,0,0.5),0 1px 10px 0 rgba(0,0,0,0.15); margin: 1px; max-width:540px; min-width:326px; padding:0; width:99.375%; width:-webkit-calc(100% - 2px); width:calc(100% - 2px);""><div style=""padding:16px;""> <a href=""https://www.instagram.com/p/DO7HVEOjgaQ/?utm_source=ig_embed&amp;utm_campaign=loading"" style="" background:#FFFFFF; line-height:0; padding:0 0; text-align:center; text-decoration:none; width:100%;"" target=""_blank""> <div style="" display: flex; flex-direction: row; align-items: center;""> <div style=""background-color: #F4F4F4; border-radius: 50%; flex-grow: 0; height: 40px; margin-right: 14px; width: 40px;""></div> <div style=""display: flex; flex-direction: column; flex-grow: 1; justify-content: center;""> <div style="" background-color: #F4F4F4; border-radius: 4px; flex-grow: 0; height: 14px; margin-bottom: 6px; width: 100px;""></div> <div style="" background-color: #F4F4F4; border-radius: 4px; flex-grow: 0; height: 14px; width: 60px;""></div></div></div><div style=""padding: 19% 0;""></div> <div style=""display:block; height:50px; margin:0 auto 12px; width:50px;""><svg width=""50px"" height=""50px"" viewBox=""0 0 60 60"" version=""1.1"" xmlns=""https://www.w3.org/2000/svg"" xmlns:xlink=""https://www.w3.org/1999/xlink""><g stroke=""none"" stroke-width=""1"" fill=""none"" fill-rule=""evenodd""><g transform=""translate(-511.000000, -20.000000)"" fill=""#000000""><g><path d=""M556.869,30.41 C554.814,30.41 553.148,32.076 553.148,34.131 C553.148,36.186 554.814,37.852 556.869,37.852 C558.924,37.852 560.59,36.186 560.59,34.131 C560.59,32.076 558.924,30.41 556.869,30.41 M541,60.657 C535.114,60.657 530.342,55.887 530.342,50 C530.342,44.114 535.114,39.342 541,39.342 C546.887,39.342 551.658,44.114 551.658,50 C551.658,55.887 546.887,60.657 541,60.657 M541,33.886 C532.1,33.886 524.886,41.1 524.886,50 C524.886,58.899 532.1,66.113 541,66.113 C549.9,66.113 557.115,58.899 557.115,50 C557.115,41.1 549.9,33.886 541,33.886 M565.378,62.101 C565.244,65.022 564.756,66.606 564.346,67.663 C563.803,69.06 563.154,70.057 562.106,71.106 C561.058,72.155 560.06,72.803 558.662,73.347 C557.607,73.757 556.021,74.244 553.102,74.378 C549.944,74.521 548.997,74.552 541,74.552 C533.003,74.552 532.056,74.521 528.898,74.378 C525.979,74.244 524.393,73.757 523.338,73.347 C521.94,72.803 520.942,72.155 519.894,71.106 C518.846,70.057 518.197,69.06 517.654,67.663 C517.244,66.606 516.755,65.022 516.623,62.101 C516.479,58.943 516.448,57.996 516.448,50 C516.448,42.003 516.479,41.056 516.623,37.899 C516.755,34.978 517.244,33.391 517.654,32.338 C518.197,30.938 518.846,29.942 519.894,28.894 C520.942,27.846 521.94,27.196 523.338,26.654 C524.393,26.244 525.979,25.756 528.898,25.623 C532.057,25.479 533.004,25.448 541,25.448 C548.997,25.448 549.943,25.479 553.102,25.623 C556.021,25.756 557.607,26.244 558.662,26.654 C560.06,27.196 561.058,27.846 562.106,28.894 C563.154,29.942 563.803,30.938 564.346,32.338 C564.756,33.391 565.244,34.978 565.378,37.899 C565.522,41.056 565.552,42.003 565.552,50 C565.552,57.996 565.522,58.943 565.378,62.101 M570.82,37.631 C570.674,34.438 570.167,32.258 569.425,30.349 C568.659,28.377 567.633,26.702 565.965,25.035 C564.297,23.368 562.623,22.342 560.652,21.575 C558.743,20.834 556.562,20.326 553.369,20.18 C550.169,20.033 549.148,20 541,20 C532.853,20 531.831,20.033 528.631,20.18 C525.438,20.326 523.257,20.834 521.349,21.575 C519.376,22.342 517.703,23.368 516.035,25.035 C514.368,26.702 513.342,28.377 512.574,30.349 C511.834,32.258 511.326,34.438 511.181,37.631 C511.035,40.831 511,41.851 511,50 C511,58.147 511.035,59.17 511.181,62.369 C511.326,65.562 511.834,67.743 512.574,69.651 C513.342,71.625 514.368,73.296 516.035,74.965 C517.703,76.634 519.376,77.658 521.349,78.425 C523.257,79.167 525.438,79.673 528.631,79.82 C531.831,79.965 532.853,80.001 541,80.001 C549.148,80.001 550.169,79.965 553.369,79.82 C556.562,79.673 558.743,79.167 560.652,78.425 C562.623,77.658 564.297,76.634 565.965,74.965 C567.633,73.296 568.659,71.625 569.425,69.651 C570.167,67.743 570.674,65.562 570.82,62.369 C570.966,59.17 571,58.147 571,50 C571,41.851 570.966,40.831 570.82,37.631""></path></g></g></g></svg></div><div style=""padding-top: 8px;""> <div style="" color:#3897f0; font-family:Arial,sans-serif; font-size:14px; font-style:normal; font-weight:550; line-height:18px;"">View this post on Instagram</div></div><div style=""padding: 12.5% 0;""></div> <div style=""display: flex; flex-direction: row; margin-bottom: 14px; align-items: center;""><div> <div style=""background-color: #F4F4F4; border-radius: 50%; height: 12.5px; width: 12.5px; transform: translateX(0px) translateY(7px);""></div> <div style=""background-color: #F4F4F4; height: 12.5px; transform: rotate(-45deg) translateX(3px) translateY(1px); width: 12.5px; flex-grow: 0; margin-right: 14px; margin-left: 2px;""></div> <div style=""background-color: #F4F4F4; border-radius: 50%; height: 12.5px; width: 12.5px; transform: translateX(9px) translateY(-18px);""></div></div><div style=""margin-left: 8px;""> <div style="" background-color: #F4F4F4; border-radius: 50%; flex-grow: 0; height: 20px; width: 20px;""></div> <div style="" width: 0; height: 0; border-top: 2px solid transparent; border-left: 6px solid #f4f4f4; border-bottom: 2px solid transparent; transform: translateX(16px) translateY(-4px) rotate(30deg)""></div></div><div style=""margin-left: auto;""> <div style="" width: 0px; border-top: 8px solid #F4F4F4; border-right: 8px solid transparent; transform: translateY(16px);""></div> <div style="" background-color: #F4F4F4; flex-grow: 0; height: 12px; width: 16px; transform: translateY(-4px);""></div> <div style="" width: 0; height: 0; border-top: 8px solid #F4F4F4; border-left: 8px solid transparent; transform: translateY(-4px) translateX(8px);""></div></div></div> <div style=""display: flex; flex-direction: column; flex-grow: 1; justify-content: center; margin-bottom: 24px;""> <div style="" background-color: #F4F4F4; border-radius: 4px; flex-grow: 0; height: 14px; margin-bottom: 6px; width: 224px;""></div> <div style="" background-color: #F4F4F4; border-radius: 4px; flex-grow: 0; height: 14px; width: 144px;""></div></div></a><p style="" color:#c9c8cd; font-family:Arial,sans-serif; font-size:14px; line-height:17px; margin-bottom:0; margin-top:8px; overflow:hidden; padding:8px 0 7px; text-align:center; text-overflow:ellipsis; white-space:nowrap;""><a href=""https://www.instagram.com/p/DO7HVEOjgaQ/?utm_source=ig_embed&amp;utm_campaign=loading"" style="" color:#c9c8cd; font-family:Arial,sans-serif; font-size:14px; font-style:normal; font-weight:normal; line-height:17px; text-decoration:none;"" target=""_blank"">A post shared by Allarie Janus (@allarie.janus)</a></p></div></blockquote>
<script async src=""//www.instagram.com/embed.js""></script>

Source: email","Jessica Olive Cash  passed away in Coventry, West Midlands (United Kingdom) around 15 Sep 2025.

Her birth family  misgendered and deadnamed her throughout her funeral. #SayHerName #TransLivesMatter #TDoR",https://tdor.translivesmatter.info/reports/2025/09/15/jessica-olive-cash_coventry-west-midlands-united-kingdom_c6b735d6
Natasha Alvarenga Ferreira,44,,,,15-Sep-2025,tgeu/tdor2025/15-Sep-2025/Natasha Alvarenga Ferreira,,Cidade Nova,Igarapé,Minas Gerais,Brazil,-2.6202053,-44.5068861,violence,burned alive,"Natasha's body was found under a bridge after she was murdered by her partner.

> A 44-year-old trans woman died after being burned alive in the early hours of Tuesday (16/9), in Igarapé, in the Metropolitan Region of Belo Horizonte (RMBH). The suspect of the crime, 35 years old, was arrested. Both were homeless.
> 
> According to information from the Minas Gerais Military Police (PMMG), officers were called to a report of a body found under a footbridge on the side of BR-381. The officers located the body, which was charred and dismembered.
> 
> Using security camera footage, police found the suspect, wearing the same clothes as at the time of the murder, as shown on camera footage. 
> 
> The suspect told police that [the suspect] and the woman had gotten into a fight and exchanged punches. At one point, [the suspect] hit her in the head and, while she was still alive, set her body on fire.

https://www.metropoles.com/distrito-federal/na-mira/drogas-e-ciume-mulher-trans-morre-ao-ser-queimada-viva-video

https://www.tribunadosertao.com.br/geral/2025/09/19/791719-mulher-trans-e-morta-queimada-em-igarape-apos-discussao-por-drogas-e-ciumes

https://www.em.com.br/gerais/2025/09/7251256-mulher-trans-e-presa-por-matar-e-queimar-o-corpo-da-companheira.html

https://pernambuconoticias.com.br/mulher-trans-e-queimada-viva-enquanto-dormia-e-morre-em-crime-brutal/

https://realpublicacao.com/2025/09/17/mulher-trans-e-morta-apos-ser-agredida-e-queimada-viva-em-igarape-suspeita-foi-presa/

https://g1.globo.com/mg/minas-gerais/mg1/video/esta-preso-o-homem-suspeito-de-matar-e-queimar-o-corpo-de-uma-mulher-trans-13936517.ghtml

https://plantaosantamariense.com.br/noticia/48753/mulher-trans-morre-queimada-por-companheira-em-igarape

https://www.itatiaia.com.br/cidades/mulher-trans-e-agredida-e-queimada-viva-na-grande-bh-autora-foi-presa

https://www.otempo.com.br/super-noticia/crimes/2025/9/16/mulher-trans-morre-apos-ser-queimada-viva-na-grande-bh","The burnt body of Natasha Alvarenga Ferreira was found under a bridge in Igarapé, Minas Gerais (Brazil) on 15 Sep 2025.

She was 44, and homeless. #SayHerName #TransLivesMatter #TDoR",https://tdor.translivesmatter.info/reports/2025/09/15/natasha-alvarenga-ferreira_igarape-minas-gerais-brazil_cb367a9f
Rebeca,,,2025_09_15_Rebeca.jpg,https://www.instagram.com/p/DOhdFRvD9yl/,15-Sep-2025,tgeu/tdor2025/15-Sep-2025/Name Unknown,,Nova Tiúma,São Lourenço da Mata,Pernambuco,Brazil,-8.0039371,-35.082839,violence,beaten,"Rebeca and her cisgender friend Bruna both died in hospital after being tied up and beaten.

Three municipal employees were subsequently arrested in connection with their murders.

> A transgender woman and a friend were found tied up and showing signs of aggression in a wooded area in São Lourenço da Mata, in the Greater Recife area of ​​Pernambuco. This information is from Metropoles.
>
> The victims were located on Friday (12) and taken to the Emergency Care Unit (UPA) in the region, but did not survive their injuries.
>
> Both had several bruises and signs of violence.
>
> The Pernambuco Civil Police are investigating the case as a double homicide. Officers are working to identify those responsible and clarify the motive for the crime.

Three men and a woman were subsequenntly arrested in connection with the murders.

https://www.cbnrecife.com/artigo/servidores-publicos-sao-presos-por-matar-duas-mulheres-a-pauladas-em-sao-lourenco-da-mata

https://tribunaonline.com.br/pernambuco/policia/servidores-de-sao-lourenco-da-mata-sao-presos-por-suspeita-de-matar-duas-mulheres-279278

https://baccinoticias.com.br/melhores-amigas-sao-amarradas-e-espancadas-ate-a-morte-em-matagal/

https://www.96fm.com.br/post/mulher-trans-e-amiga-morrem-apos-serem-brutalmente-espancadas

https://www.instagram.com/p/DOk9AtHjkZp/","Rebeca and her cisgender friend Bruna both died in hospital after being tied up and beaten in São Lourenço da Mata, Pernambuco (Brazil) on 15 Sep 2025.

Rebeca was 25. #SayHerName #TransLivesMatter #TDoR",https://tdor.translivesmatter.info/reports/2025/09/15/name-unknown_recife-pernambuco-brazil_18f2ea5d
Valeria,,,,,16-Sep-2025,tgeu/tdor2025/16-Sep-2025/Valeria,,Nuevo Bachigualato,Culiacán,Sinaloa,Mexico,24.77318571,-107.4768341,violence,shot,"Valeria died in hospital after being shot outside her home by two armed assailants riding a motorcycle.

> CULIACÁN. A trans woman was murdered on the morning of Tuesday, September 16, after being shot near her home in the Nuevo Bachigualato neighborhood. The victim died while receiving medical attention at a city hospital.
> 
> According to preliminary reports, the attack occurred shortly after 9:00 a.m., when two armed men on a motorcycle arrived at the victim's home and shot her at point-blank range.
> 
> The woman, known as Valeria, suffered gunshot wounds to the abdomen and hand. She was taken by herself to a nearby hospital, where she died from her injuries.
> 
> Officers from the Secretariat of Security and Citizen Protection (SSPC) went to the hospital to confirm the death and gather information. Meanwhile, Municipal Police and SSPC personnel are cordoning off the home where the attack occurred, while forensic experts from the State Attorney General's Office (FGE) conduct the necessary investigations.

https://www.noroeste.com.mx/amp/seguridad/mujer-trans-muere-tras-ataque-a-balazos-en-la-colonia-nuevo-bachigualato-culiacan-OB16064280

https://www.noroeste.com.mx/seguridad/mujer-trans-muere-tras-ataque-a-balazos-en-la-colonia-nuevo-bachigualato-culiacan-NC16053097

https://www.luznoticias.mx/2025-09-16/policiaca/muere-joven-trans-despues-de-ser-atacado-a-balazos-en-culiacan/259901","Valeria died in hospital in Culiacán, Sinaloa (Mexico) on 16 Sep 2025 after being shot outside her home by two armed assilants riding a motorcycle. #SayHerName #TransLivesMatter #TDoR",https://tdor.translivesmatter.info/reports/2025/09/16/valeria_culiacan-sinaloa-mexico_619ea049
Shantal,,,2025_09_17_Shantal.png,https://x.com/Caribeafirmativ/status/1968704533929836849,17-Sep-2025,tgeu/tdor2025/17-Sep-2025/Shantal,,Rebolo,Barranquilla,Atlántico,Colombia,10.9668508,-74.7798426,uncategorised,not reported,"Shantal reportedly died in intensive care several days after being beaten in the street. However, an autopsy described her death as being due to natural causes.

*[Editor's Note: Because of the discrepencies between the two reports, Shantal's death is recorded here as ""not reported"", although in reality two possible causes of death were reported - one through violence, and one by natural causes.]*

> On September 19, Caribe Afirmativo, an NGO that promotes respect for and recognition of the rights of LGBTQ+ people in the Colombian Caribbean, denounced the violent death of a trans woman, identified as Shantal.
> 
> In a statement, the organization said the trans woman, who was the popular queen of the Rebolo Gay Carnival and also a cultural leader, was the victim of a violent attack, for which she remained in intensive care for several days .
> 
> However, EL HERALDO learned of Shantal's death certificate, which certifies that her death was due to natural causes.
> 
> According to the general, authorities learned of this case after reading the statement issued by Caribe Afirmativo, so they began investigating.
> 
> ""The information we have is that the homeless woman, who was also a trans woman, was admitted to the health center for respiratory problems. There, they detected that she had tuberculosis, and that was the cause of death. She also apparently had a second HIV diagnosis,"" explained the MEBAR commander, noting that this information was shared by the doctor with the human rights official.
> 
> He noted that the institution was not aware of the case earlier because it was not a violent death, but a natural one: ""She did have some bruises on her arms, according to what they told me, but according to what the doctor said, they were bruises from some time ago, not recent. The cause of death was tuberculosis, a respiratory infection, which is why the body was not taken to the Forensic Medicine Department because the death certificate was listed as natural,"" he explained.

![](2025_09_17_Shantal2.jpg)

https://www.elheraldo.co/judicial/2025/09/20/caso-de-la-exreina-popular-de-rebolo-del-carnaval-gay-muerte-por-causas-naturales-segun-acta-de-defuncion/

https://caracol.com.co/2025/09/20/por-que-agredieron-a-shantal-mujer-trans-perdio-la-vida-tras-varios-dias-en-cuidados-intensivos/

https://www.elheraldo.co/judicial/2025/09/19/caribe-afirmativo-confirma-muerte-violenta-de-exreina-popular-de-rebolo-del-carnaval-gay/

https://www.publimetro.co/barranquilla/2025/09/19/conmocion-por-la-muerte-violenta-de-shantal-reina-popular-trans-en-via-publica/

https://www.laopinion.co/sucesos/chantal-la-mujer-trans-asesinada-tras-sufrir-una-brutal-golpiza-en-barranquilla

https://x.com/Caribeafirmativ/status/1968704533929836849","Shantal died in intensive care in Barranquilla, Atlántico (Colombia) on 17 Sep 2025. #SayHerName #TransLivesMatter #TDoR",https://tdor.translivesmatter.info/reports/2025/09/17/shantal_barranquilla-atlantico-colombia_428e7e62
Blaze Aleczander Balle-Mason,17,29-Jun-2008,,,18-Sep-2025,tgeu/tdor2025/18-Sep-2025/Blaze Aleczander Balle-Mason,"200 South Havana Street, near East Alameda Avenue",,Aurora,Colorado,USA,39.71115823,-104.8659157,suicide,possible suicide,"Blaze died after being shot by police in what appears to have been a ""suicide by cop"" incident.

> In a series of tragic events this past month, Aurora has witnessed two fatal shootings involving local police, igniting tensions and raising questions about law enforcement's use of deadly force. In August, 37-year-old Rajon Belt-Stubblefield was fatally shot by Aurora police, a moment now scrutinized by the community and civil rights activists.
> 
> Earlier this month, another fatal incident occurred when a 17-year-old, identified as Blaze Aleczander Balle-Mason, was shot by police at a Conoco gas station. Reports indicate Balle-Mason called 911 from the gas station to claim he was armed and planning violence against the establishment and responding officers. Despite the alert that the teen wanted to shoot officers, the police discovered posthumously that the teen was unarmed. CBS Colorado's coverage details how police responded with a less-lethal launcher before ultimately an officer discharged a firearm, as Balle-Mason advanced on them, ignoring commands to show his hands.
> 
> Aurora Police Chief Todd Chamberlain released both 911 calls and body-camera footage, stating his officers had reason to believe they were dealing with an active shooter situation and not a mental health crisis, as explained in a nearly hour-long conference covered by CBS Colorado. The dissemination of these materials appears to be part of the department's effort to provide transparency over their officers' actions in the moment.
> 
> Investigators continue to delve into both incidents, which remain under scrutiny by civil rights activists and local citizens demanding thorough accountability. While the Denver7 report indicates that Aurora police are trained for suicide-by-cop scenarios, many question if the appropriate protocols were followed in these distressing encounters. As both events are subject to investigation by the 18th Judicial District Critical Incident Response Team, the community awaits conclusions that may shed light on the tragic loss of life and the contentious decisions made in the line of duty.

https://sentinelcolorado.com/metro/aurora-police-chief-said-boy-17-shot-by-police-was-transgender-tragic/

https://hoodline.com/2025/09/aurora-community-demands-accountability-after-two-fatal-police-shootings-raise-concerns-over-use-of-force/

https://www.denver7.com/news/local-news/authorities-id-teen-shot-killed-during-encounter-with-aurora-police

https://www.denver7.com/news/front-range/aurora/aurora-pd-releases-911-call-bodycam-video-from-police-shooting-that-killed-17-year-old

https://www.denver7.com/news/front-range/aurora/one-person-taken-to-hospital-following-police-shooting-in-aurora

https://en.wikipedia.org/wiki/List_of_killings_by_law_enforcement_officers_in_the_United_States,_September_2025

https://files.arapahoeco.gov/Coroner/Press%20Releases/2025/09-15-2025%2025-03266%20Balle-Mason.pdf?t=202509191652270&t=202509191652270

https://www.instagram.com/reel/DQa0XLvDsJl/","Blaze Aleczander Balle-Mason died after being shot by police in what appears to have been a ""suicide by cop"" incident in Aurora, Colorado (USA) on 18 Sep 2025.

He was 17. #SayHisName #TransLivesMatter #TDoR",https://tdor.translivesmatter.info/reports/2025/09/18/blaze-aleczander-balle-mason_aurora-colorado-usa_b5a33685
Mia Raselli,40,,2025_09_18_Mia-Raselli.jpg,https://www.instagram.com/miaestop/,18-Sep-2025,,Via Marco Perennio,,Arezzo ,Tuscany,Italy,43.46932044,11.87149834,medical,overdose,"Mia passed away in her garage. Media reports of her death misgendered her.

> Hi, unfortunately our friend Mia died for an overdose in Arezzo on 18th sept. 2025. The papers said something like ""man 40 yo died in a garage"". She joined our association participating to the last ""Toscana Pride"" we had in Prato, Italy, and other events in our city. 

Mia was originally from Alessandria and was exceptionally vulnerable. She had started coming to events held by the community group Chimera Arcobaleno Arcigay Arezzo in June, and participated in the most recent Toscana Pride in Prato. They were trying to help her get on her feet, but she passed away before that could happen.

Mia's Instagram and Facebook profiles are https://www.instagram.com/miaestop and https://www.facebook.com/profile.php?id=61579233381470.

Source: email

https://corrierediarezzo.it/news/arezzo/389338/la-droga-torna-a-uccidere-stroncato-a-40-anni-da-overdose-in-garage.html

https://www.arezzonotizie.it/cronaca/trovato-morto-garage-sospetta-overdose.html

https://www2.saturnonotizie.it/news/read/202547/cronaca-arezzo.html

https://www.facebook.com/ArezzoNotizie/posts/40enne-morto-per-overdose-httpscitynewsj6kth/1467907221599660/","Mia Raselli passed away in her garage in Arezzo, Tuscany (Italy) on 18 Sep 2025. Media reports of her death misgendered her.

She was 40. #SayHerName #TransLIvesMatter #TDoR",https://tdor.translivesmatter.info/reports/2025/09/18/mia-raselli_arezzo-tuscany-italy_7b5346d7
Nacho,,,2025_09_19_Nacho.jpg,https://x.com/Caribeafirmativ/status/1969572113339089146,19-Sep-2025,tgeu/tdor2025/19-Sep-2025/Nacho,Las Flores CAI,,Palmira,Valle del Cauca,Colombia,3.53944,-76.30361,violence,not reported,"Nacho died while being held at a police station. His death is alleged to have been a murder.

> Nacho, a trans man, was found dead under strange circumstances while being held at the Las Flores CAÍ (Palmira, Valle).
>
> ⚠️ This is an alleged murder, which occurred while Nacho was in the custody of the police, @PoliciaColombia, which makes the State responsible for their protection and for immediately investigating the case. 
>
> This is the third murder of a trans man in 2025, an unprecedented figure that reveals a pattern of violence against transmasculinities.

<blockquote class=""instagram-media"" data-instgrm-captioned data-instgrm-permalink=""https://www.instagram.com/p/DOy4EpUjnzk/?utm_source=ig_embed&amp;utm_campaign=loading"" data-instgrm-version=""14"" style="" background:#FFF; border:0; border-radius:3px; box-shadow:0 0 1px 0 rgba(0,0,0,0.5),0 1px 10px 0 rgba(0,0,0,0.15); margin: 1px; max-width:540px; min-width:326px; padding:0; width:99.375%; width:-webkit-calc(100% - 2px); width:calc(100% - 2px);""><div style=""padding:16px;""> <a href=""https://www.instagram.com/p/DOy4EpUjnzk/?utm_source=ig_embed&amp;utm_campaign=loading"" style="" background:#FFFFFF; line-height:0; padding:0 0; text-align:center; text-decoration:none; width:100%;"" target=""_blank""> <div style="" display: flex; flex-direction: row; align-items: center;""> <div style=""background-color: #F4F4F4; border-radius: 50%; flex-grow: 0; height: 40px; margin-right: 14px; width: 40px;""></div> <div style=""display: flex; flex-direction: column; flex-grow: 1; justify-content: center;""> <div style="" background-color: #F4F4F4; border-radius: 4px; flex-grow: 0; height: 14px; margin-bottom: 6px; width: 100px;""></div> <div style="" background-color: #F4F4F4; border-radius: 4px; flex-grow: 0; height: 14px; width: 60px;""></div></div></div><div style=""padding: 19% 0;""></div> <div style=""display:block; height:50px; margin:0 auto 12px; width:50px;""><svg width=""50px"" height=""50px"" viewBox=""0 0 60 60"" version=""1.1"" xmlns=""https://www.w3.org/2000/svg"" xmlns:xlink=""https://www.w3.org/1999/xlink""><g stroke=""none"" stroke-width=""1"" fill=""none"" fill-rule=""evenodd""><g transform=""translate(-511.000000, -20.000000)"" fill=""#000000""><g><path d=""M556.869,30.41 C554.814,30.41 553.148,32.076 553.148,34.131 C553.148,36.186 554.814,37.852 556.869,37.852 C558.924,37.852 560.59,36.186 560.59,34.131 C560.59,32.076 558.924,30.41 556.869,30.41 M541,60.657 C535.114,60.657 530.342,55.887 530.342,50 C530.342,44.114 535.114,39.342 541,39.342 C546.887,39.342 551.658,44.114 551.658,50 C551.658,55.887 546.887,60.657 541,60.657 M541,33.886 C532.1,33.886 524.886,41.1 524.886,50 C524.886,58.899 532.1,66.113 541,66.113 C549.9,66.113 557.115,58.899 557.115,50 C557.115,41.1 549.9,33.886 541,33.886 M565.378,62.101 C565.244,65.022 564.756,66.606 564.346,67.663 C563.803,69.06 563.154,70.057 562.106,71.106 C561.058,72.155 560.06,72.803 558.662,73.347 C557.607,73.757 556.021,74.244 553.102,74.378 C549.944,74.521 548.997,74.552 541,74.552 C533.003,74.552 532.056,74.521 528.898,74.378 C525.979,74.244 524.393,73.757 523.338,73.347 C521.94,72.803 520.942,72.155 519.894,71.106 C518.846,70.057 518.197,69.06 517.654,67.663 C517.244,66.606 516.755,65.022 516.623,62.101 C516.479,58.943 516.448,57.996 516.448,50 C516.448,42.003 516.479,41.056 516.623,37.899 C516.755,34.978 517.244,33.391 517.654,32.338 C518.197,30.938 518.846,29.942 519.894,28.894 C520.942,27.846 521.94,27.196 523.338,26.654 C524.393,26.244 525.979,25.756 528.898,25.623 C532.057,25.479 533.004,25.448 541,25.448 C548.997,25.448 549.943,25.479 553.102,25.623 C556.021,25.756 557.607,26.244 558.662,26.654 C560.06,27.196 561.058,27.846 562.106,28.894 C563.154,29.942 563.803,30.938 564.346,32.338 C564.756,33.391 565.244,34.978 565.378,37.899 C565.522,41.056 565.552,42.003 565.552,50 C565.552,57.996 565.522,58.943 565.378,62.101 M570.82,37.631 C570.674,34.438 570.167,32.258 569.425,30.349 C568.659,28.377 567.633,26.702 565.965,25.035 C564.297,23.368 562.623,22.342 560.652,21.575 C558.743,20.834 556.562,20.326 553.369,20.18 C550.169,20.033 549.148,20 541,20 C532.853,20 531.831,20.033 528.631,20.18 C525.438,20.326 523.257,20.834 521.349,21.575 C519.376,22.342 517.703,23.368 516.035,25.035 C514.368,26.702 513.342,28.377 512.574,30.349 C511.834,32.258 511.326,34.438 511.181,37.631 C511.035,40.831 511,41.851 511,50 C511,58.147 511.035,59.17 511.181,62.369 C511.326,65.562 511.834,67.743 512.574,69.651 C513.342,71.625 514.368,73.296 516.035,74.965 C517.703,76.634 519.376,77.658 521.349,78.425 C523.257,79.167 525.438,79.673 528.631,79.82 C531.831,79.965 532.853,80.001 541,80.001 C549.148,80.001 550.169,79.965 553.369,79.82 C556.562,79.673 558.743,79.167 560.652,78.425 C562.623,77.658 564.297,76.634 565.965,74.965 C567.633,73.296 568.659,71.625 569.425,69.651 C570.167,67.743 570.674,65.562 570.82,62.369 C570.966,59.17 571,58.147 571,50 C571,41.851 570.966,40.831 570.82,37.631""></path></g></g></g></svg></div><div style=""padding-top: 8px;""> <div style="" color:#3897f0; font-family:Arial,sans-serif; font-size:14px; font-style:normal; font-weight:550; line-height:18px;"">View this post on Instagram</div></div><div style=""padding: 12.5% 0;""></div> <div style=""display: flex; flex-direction: row; margin-bottom: 14px; align-items: center;""><div> <div style=""background-color: #F4F4F4; border-radius: 50%; height: 12.5px; width: 12.5px; transform: translateX(0px) translateY(7px);""></div> <div style=""background-color: #F4F4F4; height: 12.5px; transform: rotate(-45deg) translateX(3px) translateY(1px); width: 12.5px; flex-grow: 0; margin-right: 14px; margin-left: 2px;""></div> <div style=""background-color: #F4F4F4; border-radius: 50%; height: 12.5px; width: 12.5px; transform: translateX(9px) translateY(-18px);""></div></div><div style=""margin-left: 8px;""> <div style="" background-color: #F4F4F4; border-radius: 50%; flex-grow: 0; height: 20px; width: 20px;""></div> <div style="" width: 0; height: 0; border-top: 2px solid transparent; border-left: 6px solid #f4f4f4; border-bottom: 2px solid transparent; transform: translateX(16px) translateY(-4px) rotate(30deg)""></div></div><div style=""margin-left: auto;""> <div style="" width: 0px; border-top: 8px solid #F4F4F4; border-right: 8px solid transparent; transform: translateY(16px);""></div> <div style="" background-color: #F4F4F4; flex-grow: 0; height: 12px; width: 16px; transform: translateY(-4px);""></div> <div style="" width: 0; height: 0; border-top: 8px solid #F4F4F4; border-left: 8px solid transparent; transform: translateY(-4px) translateX(8px);""></div></div></div> <div style=""display: flex; flex-direction: column; flex-grow: 1; justify-content: center; margin-bottom: 24px;""> <div style="" background-color: #F4F4F4; border-radius: 4px; flex-grow: 0; height: 14px; margin-bottom: 6px; width: 224px;""></div> <div style="" background-color: #F4F4F4; border-radius: 4px; flex-grow: 0; height: 14px; width: 144px;""></div></div></a><p style="" color:#c9c8cd; font-family:Arial,sans-serif; font-size:14px; line-height:17px; margin-bottom:0; margin-top:8px; overflow:hidden; padding:8px 0 7px; text-align:center; text-overflow:ellipsis; white-space:nowrap;""><a href=""https://www.instagram.com/p/DOy4EpUjnzk/?utm_source=ig_embed&amp;utm_campaign=loading"" style="" color:#c9c8cd; font-family:Arial,sans-serif; font-size:14px; font-style:normal; font-weight:normal; line-height:17px; text-decoration:none;"" target=""_blank"">A post shared by Revoltura Trans 🏳️‍⚧️ 🎙 (@revolturatrans)</a></p></div></blockquote>
<script async src=""//www.instagram.com/embed.js""></script>

https://www.instagram.com/p/DOy4EpUjnzk/ 

https://x.com/Caribeafirmativ/status/1969572113339089146","Nacho died while being held at a police station in Palmira, Valle del Cauca (Colombia) on 19 Sep 2025. His death is alleged to have been a murder. #SayHisName #TransLivesMatter #TDoR",https://tdor.translivesmatter.info/reports/2025/09/19/nacho_palmira-valle-del-cauca-colombia_cb183302
Rayane Pimenta da Silva,39,,2025_09_20_Rayane-Pimenta-da-Silva.jpg,https://ric.com.br/seguranca/assassinatos/morte-de-mulher-trans-em-bar-de-curitiba-comove-comunidade-deus-te-receba/,20-Sep-2025,tgeu/tdor2025/20-Sep-2025/Rayane Pimenta da Silva,Rua Leony Medeiros Guimarãe,Vila Sabará,Curitiba,Paraná,Brazil,-25.49912719,-49.3491006,violence,shot,"Rayanne was killed by two men on a motorcycle after she left a bar to head home early in the evening. The attack appears to have been a targeted execution.

> A trans woman was executed with at least five shots to the head, on Saturday night (20), on Rua Leony Medeiros Guimarães, in Vila Sabará, in the Industrial City of Curitiba (CIC). The crime took place around 8:30 pm.
> 
> According to witnesses, Rayane was at a bar with friends when she decided to go home to get a sweater because she was cold. On the way, when she reached the street corner, she was surprised by two men on a motorcycle .
> 
> The criminals called her name, and upon realizing they were armed, the victim tried to run. However, she was caught and shot dead. This information comes from Ric RECORD reporter Kainan Lucas.
> 
> Rescuers were at the scene to provide assistance to the woman identified as Rayane, but she did not survive.
> 
> Local residents reported that Rayane was known in the neighborhood and had no ongoing disputes. The motive and perpetrator of the crime remain unknown.
> 
> After the murder, the criminals fled. The case is being investigated by the Civil Police.

https://goio.news/noticias/2048/47842/mulher-trans-e-morta-a-tiros-em-bar-e-comove-amigos-no-parana

https://ric.com.br/seguranca/assassinatos/morte-de-mulher-trans-em-bar-de-curitiba-comove-comunidade-deus-te-receba/

https://cgn.inf.br/noticia/1939722/mulher-trans-e-morta-com-cinco-tiros-na-cabeca-na-cic-policia-investiga/

https://www.band.com.br/band-parana/noticias/mulher-trans-e-executada-a-tiros-na-cic-em-curitiba-202509221616

https://folhadecuritiba.com.br/mulher-trans-e-morta-em-ataque-na-cic/

https://www.bandab.com.br/seguranca/mulher-trans-executada-tiros-cic/

https://folhadecuritiba.com.br/mulher-trans-e-morta-em-ataque-na-cic/

https://massa.com.br/seguranca/mulher-trans-morta-em-curitiba/

https://plantao190.com.br/mulher-trans-e-executada-com-disparos-na-cabeca-na-cic/

https://www.facebook.com/NativaFMSantaLucia/photos/mulher-trans-%C3%A9-morta-com-cinco-tiros-na-cabe%C3%A7a-na-cic-pol%C3%ADcia-investigarayane-pi/1365577105569255/","Rayane Pimenta da Silva was killed by two men on a motorcycle after she left a bar in Curitiba, Paraná (Brazil) to head home in the early evening of 20 Sep 2025.

She was 39. #SayHerName #TransLivesMatter #TDoR",https://tdor.translivesmatter.info/reports/2025/09/20/rayane-pimenta-da-silva_curitiba-parana-brazil_414fa75a
Ainee,20,,,,21-Sep-2025,tgeu/tdor2025/21-Sep-2025/Ainee,,Memon Goth,Karachi,Sindh,Pakistan,24.9206752,67.2413805,violence,shot,"Ainee was one of three trans women - the others being [Asma](https://tdor.translivesmatter.info/reports/2025/09/21/asma_karachi-sindh-pakistan_0883577e) and [Samina](https://tdor.translivesmatter.info/reports/2025/09/21/samina_karachi-sindh-pakistan_50ce2cd5) - shot dead in the street by the same unidentified assailants.

> Three transgender persons were brutally shot dead in the Memon Goth area along the Super Highway in Karachi on Saturday.
> 
> According to preliminary police reports, unidentified assailants opened fire on the victims, striking them in the head, chest, and arms. All three died on the spot.
> 
> The victims were identified as Ainee, Asma, and Samina, who were residents of Bilawal and Safoora Goths of Karachi.
> 
> A heavy police contingent arrived at the scene after the incident. Authorities said the victims were found without any identification documents, making immediate identification difficult.
> 
> Initial investigation suggests the victims may have been standing by the roadside, possibly waiting for a ride, when they were attacked.
>
> “We are looking into the matter from all angles,” said the Station House Officer (SHO) of Memon Goth. “The crime scene is located in a deserted area. Two 9mm bullet casings have been recovered from the site,” he added. The bodies have been shifted to a nearby hospital for post-mortem examination.
> 
> Sindh Chief Minister Syed Murad Ali Shah has taken serious notice of the incident and directed the Inspector General of Police to ensure the immediate arrest of those responsible.
> 
> “This is an extremely oppressed community that deserves dignity and respect from all of us,” said the chief minister. “The state will not tolerate the murder of any innocent or vulnerable citizen.”
> 
> He also demanded a detailed report on the incident and reiterated that the perpetrators must be brought to justice without delay.

A month after the murder three suspects, named as Sikandar Jamali, Sohail, and Sikandar Ali Lashari, confessed to the crime.

They claimed that they were under the influence of drugs at the time of the attack and had opened fire while intoxicated.

https://tribune.com.pk/story/2573520/three-arrested-for-triple-murder-of-transgender-persons

https://www.lgbtqnation.com/2025/09/three-transgender-women-shot-dumped-by-the-side-of-a-road-in-karachi/

https://tribune.com.pk/story/2568114/bullet-riddled-bodies-of-three-transgender-persons-found-in-karachis-memon-goth

https://www.dawn.com/news/1943670

https://www.arabnews.com/node/2616160/pakistan

https://www.bbc.com/news/articles/c0lkkx3e1j9o

https://www.gazetaexpress.com/en/Bodies-of-three-transgender-people-found-shot-to-death-in-Pakistan/

https://minutemirror.com.pk/three-transgender-persons-shot-dead-in-karachis-memon-goth-439823/

https://tribune.com.pk/story/2568114/bullet-riddled-bodies-of-three-transgender-persons-found-in-karachis-memon-goth

https://www.thenews.com.pk/latest/1345372-probe-launched-after-three-transgender-persons-shot-dead-in-karachi

https://www.tribuneindia.com/news/world/pakistan-three-transgender-persons-found-shot-dead-in-karachis-memon-goth/

https://tribune.com.pk/story/2568539/violence-against-trans-persons-1

https://www.abc.es/internacional/protesta-karachi-asesinato-personas-trans-20250925010609-vi_amp.html

https://www.ucanews.com/amp/triple-transgender-killing-sparks-fear-outrage-in-pakistan/110375

https://morningstaronline.co.uk/article/three-transgender-women-killed-gunmen-pakistan

https://tribune.com.pk/story/2568390/murder-case-of-three-trans-persons-registered

https://gayexpress.co.nz/2025/09/bullet-riddled-bodies-of-trans-women-discovered-in-pakistans-largest-city/

https://gcn.ie/pakistani-trans-women-killed/

https://gomag.com/article/three-transgender-women-shot-dead-left-on-roadside-outside-pakistans-largest-city/

https://thenightly.com.au/world/protests-after-shooting-kills-three-transgender-women-in-pakistans-largest-city-c-20108729

https://tvmnews.mt/en/news/three-transgender-persons-found-murdered-on-pakistani-street/

https://bangladeshpost.net/posts/3-transgender-women-shot-dead-in-karachi-161030

https://ca.news.yahoo.com/outrage-pakistan-three-transgender-women-101656696.html

https://tribune.com.pk/story/2568188/three-trans-persons-shot-dead

https://asianews.network/bodies-of-3-transgender-individuals-found-in-pakistans-karachi-rescue-service/

https://www.dawn.com/news/1943729/three-trans-persons-found-shot-dead-on-city-outskirts

https://www.dawn.com/news/1943729

https://news.webindia123.com/news/Articles/Asia/20250922/4364003.html

https://www.bignewsnetwork.com/news/278592052/pakistan-three-transgender-persons-found-shot-dead-in-karachi-memon-goth

https://winnipegsun.com/pmn/shooting-kills-3-transgender-women-in-pakistans-largest-city

https://www.timesunion.com/news/world/article/shooting-kills-3-transgender-women-in-pakistan-s-21060686.php

https://abcnews.go.com/International/wireStory/shooting-kills-3-transgender-women-pakistans-largest-city-125807780

https://www.scenemag.co.uk/three-trans-women-brutally-killed-in-pakistan/

https://www.dawn.com/news/1943908/unidentified-suspects-booked-for-murder-of-three-transgender-people-in-karachi

https://k24.digital/crimescandals/3-transgender-women-shot-dead

https://news.ssbcrack.com/three-transgender-women-murdered-in-karachi-sparking-outrage-and-protests/

https://www.wionews.com/world/public-fury-in-pakistan-after-three-transgender-women-shot-dead-and-left-on-roadside-in-karachi-1758545772072

https://www.dw.com/en/pakistan-3-transgender-women-shot-dead-in-karachi/a-74093957

https://www.newsbreak.com/the-independent-517119/4248534789120-outrage-in-pakistan-after-three-transgender-women-killed-and-left-on-roadside

https://www.outlookindia.com/international/three-transgender-women-shot-dead-in-karachi-police-launch-investigation

https://www.thepinknews.com/2025/09/22/trans-pakistan-karachi-hate-crime/

https://www.dailyindependent.com.pk/2025/09/22/karachi-shooting-three-transgender-persons-killed-in-memon-goth-cm-sindh-orders-arrests/

https://unb.com.bd/category/World/3-transgender-women-shot-dead-in-karachi/168933

https://www.cbc.ca/lite/story/1.7640173

https://www.out.tv/en_UK/news/three-transgender-women-killed-in-pakistan

https://cedarnews.net/newstasks/breakingnews/gunmen-shot-and-killed-three-transgender-women-on-the-outskirts-of-karachi-pakistan/878909/

https://www.thecanadianpressnews.ca/world/shooting-kills-3-transgender-women-in-pakistans-largest-city/article_eff94bc9-9533-5ab8-b6ab-6ce7e4066203.html

https://www.transvitae.com/transgender-community-in-fear-after-triple-murder-in-karachi/

https://www.dawn.com/news/1943670/bodies-of-3-transgender-individuals-found-in-karachis-memon-goth-rescue-service

https://thetribuneinternational.com/2025/09/21/transgender-community-under-fire-as-triple-murder-rocks-karachi/

https://english.aaj.tv/news/330435697/three-transgender-persons-shot-dead-in-karachis-memon-goth

https://www.bbc.co.uk/news/articles/c0lkkx3e1j9o

https://www.arabnews.com/node/2616160/pakistan

https://www.facebook.com/pakrays.media/posts/pfbid02i1MeWmgHV5Hnt4HMsDtQDbqEmP2Y2rdDyi363LfAEhDRkScY61V4vJwB2pYUAP1Sl

https://www.facebook.com/permalink.php?story_fbid=pfbid0WT2UL21naqSDnwBxo3QAWLXWgkBH8Mjz1EJxTv8xjugPJaiZc2WJN4PyMstYigfgl&id=61569582942753

https://bsky.app/profile/worldnewsstudio.bsky.social/post/3lzdrnel3hj2p

https://www.youtube.com/watch?v=-A9AgXl--p0

https://www.youtube.com/watch?v=0JDnryOTfa8

https://www.youtube.com/watch?v=G7kYqXUleqI

https://www.youtube.com/watch?v=8zMMVaIcOA8

https://www.youtube.com/watch?v=97XZlmdVkxQ

https://www.youtube.com/watch?v=49lwWoFYiyE

https://www.youtube.com/watch?v=GYTY080SZTs

https://www.youtube.com/watch?v=49lwWoFYiyE

https://www.youtube.com/watch?v=UWxU-wkQccE

https://www.youtube.com/watch?v=VvCaMfZx-88

https://www.youtube.com/watch?v=UOPsuK6QGqw

https://www.youtube.com/watch?v=8FKkUteDF38

https://www.youtube.com/watch?v=xla57sxu2uo","Ainee was one of three #trans women shot dead in the street by unidentified assailants in Karachi, Sindh (Pakistan) on 21 Sep 2025. #SayHerName #TransLivesMatter #TDoR",https://tdor.translivesmatter.info/reports/2025/09/21/ainee_karachi-sindh-pakistan_51834e09
Asma,,,,,21-Sep-2025,tgeu/tdor2025/21-Sep-2025/Asma,,Memon Goth,Karachi,Sindh,Pakistan,24.9206752,67.2413805,violence,shot,"Asma was one of three trans women - the others being [Ainee](https://tdor.translivesmatter.info/reports/2025/09/21/ainee_karachi-sindh-pakistan_51834e09) and [Samina](https://tdor.translivesmatter.info/reports/2025/09/21/samina_karachi-sindh-pakistan_50ce2cd5) - shot dead in the street by the same unidentified assailants.

> Three transgender persons were brutally shot dead in the Memon Goth area along the Super Highway in Karachi on Saturday.
> 
> According to preliminary police reports, unidentified assailants opened fire on the victims, striking them in the head, chest, and arms. All three died on the spot.
> 
> The victims were identified as Ainee, Asma, and Samina, who were residents of Bilawal and Safoora Goths of Karachi.
> 
> A heavy police contingent arrived at the scene after the incident. Authorities said the victims were found without any identification documents, making immediate identification difficult.
> 
> Initial investigation suggests the victims may have been standing by the roadside, possibly waiting for a ride, when they were attacked.
>
> “We are looking into the matter from all angles,” said the Station House Officer (SHO) of Memon Goth. “The crime scene is located in a deserted area. Two 9mm bullet casings have been recovered from the site,” he added. The bodies have been shifted to a nearby hospital for post-mortem examination.
> 
> Sindh Chief Minister Syed Murad Ali Shah has taken serious notice of the incident and directed the Inspector General of Police to ensure the immediate arrest of those responsible.
> 
> “This is an extremely oppressed community that deserves dignity and respect from all of us,” said the chief minister. “The state will not tolerate the murder of any innocent or vulnerable citizen.”
> 
> He also demanded a detailed report on the incident and reiterated that the perpetrators must be brought to justice without delay.

A month after the murder three suspects, named as Sikandar Jamali, Sohail, and Sikandar Ali Lashari, confessed to the crime.

They claimed that they were under the influence of drugs at the time of the attack and had opened fire while intoxicated.

https://tribune.com.pk/story/2573520/three-arrested-for-triple-murder-of-transgender-persons

https://www.lgbtqnation.com/2025/09/three-transgender-women-shot-dumped-by-the-side-of-a-road-in-karachi/

https://tribune.com.pk/story/2568114/bullet-riddled-bodies-of-three-transgender-persons-found-in-karachis-memon-goth

https://www.dawn.com/news/1943670

https://www.arabnews.com/node/2616160/pakistan

https://www.bbc.com/news/articles/c0lkkx3e1j9o

https://www.gazetaexpress.com/en/Bodies-of-three-transgender-people-found-shot-to-death-in-Pakistan/

https://minutemirror.com.pk/three-transgender-persons-shot-dead-in-karachis-memon-goth-439823/

https://tribune.com.pk/story/2568114/bullet-riddled-bodies-of-three-transgender-persons-found-in-karachis-memon-goth

https://www.thenews.com.pk/latest/1345372-probe-launched-after-three-transgender-persons-shot-dead-in-karachi

https://www.tribuneindia.com/news/world/pakistan-three-transgender-persons-found-shot-dead-in-karachis-memon-goth/

https://tribune.com.pk/story/2568539/violence-against-trans-persons-1

https://www.abc.es/internacional/protesta-karachi-asesinato-personas-trans-20250925010609-vi_amp.html

https://www.ucanews.com/amp/triple-transgender-killing-sparks-fear-outrage-in-pakistan/110375

https://morningstaronline.co.uk/article/three-transgender-women-killed-gunmen-pakistan

https://tribune.com.pk/story/2568390/murder-case-of-three-trans-persons-registered

https://gayexpress.co.nz/2025/09/bullet-riddled-bodies-of-trans-women-discovered-in-pakistans-largest-city/

https://gcn.ie/pakistani-trans-women-killed/

https://gomag.com/article/three-transgender-women-shot-dead-left-on-roadside-outside-pakistans-largest-city/

https://thenightly.com.au/world/protests-after-shooting-kills-three-transgender-women-in-pakistans-largest-city-c-20108729

https://tvmnews.mt/en/news/three-transgender-persons-found-murdered-on-pakistani-street/

https://bangladeshpost.net/posts/3-transgender-women-shot-dead-in-karachi-161030

https://ca.news.yahoo.com/outrage-pakistan-three-transgender-women-101656696.html

https://tribune.com.pk/story/2568188/three-trans-persons-shot-dead

https://asianews.network/bodies-of-3-transgender-individuals-found-in-pakistans-karachi-rescue-service/

https://www.dawn.com/news/1943729/three-trans-persons-found-shot-dead-on-city-outskirts

https://www.dawn.com/news/1943729

https://news.webindia123.com/news/Articles/Asia/20250922/4364003.html

https://www.bignewsnetwork.com/news/278592052/pakistan-three-transgender-persons-found-shot-dead-in-karachi-memon-goth

https://winnipegsun.com/pmn/shooting-kills-3-transgender-women-in-pakistans-largest-city

https://www.timesunion.com/news/world/article/shooting-kills-3-transgender-women-in-pakistan-s-21060686.php

https://abcnews.go.com/International/wireStory/shooting-kills-3-transgender-women-pakistans-largest-city-125807780

https://www.scenemag.co.uk/three-trans-women-brutally-killed-in-pakistan/

https://www.dawn.com/news/1943908/unidentified-suspects-booked-for-murder-of-three-transgender-people-in-karachi

https://k24.digital/crimescandals/3-transgender-women-shot-dead

https://news.ssbcrack.com/three-transgender-women-murdered-in-karachi-sparking-outrage-and-protests/

https://www.wionews.com/world/public-fury-in-pakistan-after-three-transgender-women-shot-dead-and-left-on-roadside-in-karachi-1758545772072

https://www.dw.com/en/pakistan-3-transgender-women-shot-dead-in-karachi/a-74093957

https://www.newsbreak.com/the-independent-517119/4248534789120-outrage-in-pakistan-after-three-transgender-women-killed-and-left-on-roadside

https://www.outlookindia.com/international/three-transgender-women-shot-dead-in-karachi-police-launch-investigation

https://www.thepinknews.com/2025/09/22/trans-pakistan-karachi-hate-crime/

https://www.dailyindependent.com.pk/2025/09/22/karachi-shooting-three-transgender-persons-killed-in-memon-goth-cm-sindh-orders-arrests/

https://unb.com.bd/category/World/3-transgender-women-shot-dead-in-karachi/168933

https://www.cbc.ca/lite/story/1.7640173

https://www.out.tv/en_UK/news/three-transgender-women-killed-in-pakistan

https://cedarnews.net/newstasks/breakingnews/gunmen-shot-and-killed-three-transgender-women-on-the-outskirts-of-karachi-pakistan/878909/

https://www.thecanadianpressnews.ca/world/shooting-kills-3-transgender-women-in-pakistans-largest-city/article_eff94bc9-9533-5ab8-b6ab-6ce7e4066203.html

https://www.transvitae.com/transgender-community-in-fear-after-triple-murder-in-karachi/

https://www.dawn.com/news/1943670/bodies-of-3-transgender-individuals-found-in-karachis-memon-goth-rescue-service

https://thetribuneinternational.com/2025/09/21/transgender-community-under-fire-as-triple-murder-rocks-karachi/

https://english.aaj.tv/news/330435697/three-transgender-persons-shot-dead-in-karachis-memon-goth

https://www.bbc.co.uk/news/articles/c0lkkx3e1j9o

https://www.arabnews.com/node/2616160/pakistan

https://www.facebook.com/pakrays.media/posts/pfbid02i1MeWmgHV5Hnt4HMsDtQDbqEmP2Y2rdDyi363LfAEhDRkScY61V4vJwB2pYUAP1Sl

https://www.facebook.com/permalink.php?story_fbid=pfbid0WT2UL21naqSDnwBxo3QAWLXWgkBH8Mjz1EJxTv8xjugPJaiZc2WJN4PyMstYigfgl&id=61569582942753

https://bsky.app/profile/worldnewsstudio.bsky.social/post/3lzdrnel3hj2p

https://www.youtube.com/watch?v=-A9AgXl--p0

https://www.youtube.com/watch?v=0JDnryOTfa8

https://www.youtube.com/watch?v=G7kYqXUleqI

https://www.youtube.com/watch?v=8zMMVaIcOA8

https://www.youtube.com/watch?v=97XZlmdVkxQ

https://www.youtube.com/watch?v=49lwWoFYiyE

https://www.youtube.com/watch?v=GYTY080SZTs

https://www.youtube.com/watch?v=49lwWoFYiyE

https://www.youtube.com/watch?v=UWxU-wkQccE

https://www.youtube.com/watch?v=VvCaMfZx-88

https://www.youtube.com/watch?v=UOPsuK6QGqw

https://www.youtube.com/watch?v=8FKkUteDF38

https://www.youtube.com/watch?v=xla57sxu2uo","Asma was one of three #trans women shot dead in the street by unidentified assailants in Karachi, Sindh (Pakistan) on 21 Sep 2025. #SayHerName #TransLivesMatter #TDoR",https://tdor.translivesmatter.info/reports/2025/09/21/asma_karachi-sindh-pakistan_0883577e
Carol,,,2025_09_21_Carol.jpg,https://www.instagram.com/p/DO9IdF4j7r2/,21-Sep-2025,tgeu/tdor2025/21-Sep-2025/Carol,,São Paulo do Araguari,Cutias,Amapá,Brazil,0.969718812,-50.79950155,violence,not reported,"Carol's body was found about four days after going missing. Her case is suspected to have been a homicide.

> This Sunday morning (21), the body of Carol, also known as [possible deadname], was found in an advanced state of decomposition in the community of São Paulo do Araguari, about 3 am from the municipality of Cutias. 
> 
> According to reports, Carol was invited to cook in the community for a group of workers building a fence near the river. Carol disappeared on the second day of her stay in the community, but her disappearance was only reported four days after her disappearance. There are reports that there was a video circulating in the community where the workers claimed that Carol went into a fit wanting to enter the river, but she did not know how to swim. 
> 
> In the video, she was allegedly tied up by the workers who said she was having a ""fit"". She has no history of mental illness and did not know how to swim. 
> 
> The case took a turn when the police were called and were unsuccessful in their search. Only when the fire department was called to conduct a thorough sweep this Sunday morning, after four days of searching, Carol's body was found. As she was affectionately known in the municipality of CUTIAS, she was loved and well-regarded by the population, kind, and always very cheerful. 
> 
> Carol leaves family and friends in search of justice . 

Is this a life lost in yet another crime against an LGBTQIAPN+ person? The police are investigating, but so far there are no suspects. 

https://www.instagram.com/p/DO9IdF4j7r2/

https://x.com/alynekaiser/status/1969961085206958243","Carol's body was found in Cutias, Amapá (Brazil) on 21 Sep 2025, about four days after going missing. #SayHerName #TransLivesMatter #TDoR",https://tdor.translivesmatter.info/reports/2025/09/21/carol_cutias-amapa-brazil_ca9220b7
Samina,28,,,,21-Sep-2025,tgeu/tdor2025/21-Sep-2025/Samina,,Memon Goth,Karachi,Sindh,Pakistan,24.9206752,67.2413805,violence,shot,"Samina was one of three trans women - the others being [Ainee](https://tdor.translivesmatter.info/reports/2025/09/21/ainee_karachi-sindh-pakistan_51834e09) and [Asma](https://tdor.translivesmatter.info/reports/2025/09/21/asma_karachi-sindh-pakistan_0883577e) - shot dead in the street by the same unidentified assailants.

> Three transgender persons were brutally shot dead in the Memon Goth area along the Super Highway in Karachi on Saturday.
> 
> According to preliminary police reports, unidentified assailants opened fire on the victims, striking them in the head, chest, and arms. All three died on the spot.
> 
> The victims were identified as Ainee, Asma, and Samina, who were residents of Bilawal and Safoora Goths of Karachi.
> 
> A heavy police contingent arrived at the scene after the incident. Authorities said the victims were found without any identification documents, making immediate identification difficult.
> 
> Initial investigation suggests the victims may have been standing by the roadside, possibly waiting for a ride, when they were attacked.
>
> “We are looking into the matter from all angles,” said the Station House Officer (SHO) of Memon Goth. “The crime scene is located in a deserted area. Two 9mm bullet casings have been recovered from the site,” he added. The bodies have been shifted to a nearby hospital for post-mortem examination.
> 
> Sindh Chief Minister Syed Murad Ali Shah has taken serious notice of the incident and directed the Inspector General of Police to ensure the immediate arrest of those responsible.
> 
> “This is an extremely oppressed community that deserves dignity and respect from all of us,” said the chief minister. “The state will not tolerate the murder of any innocent or vulnerable citizen.”
> 
> He also demanded a detailed report on the incident and reiterated that the perpetrators must be brought to justice without delay.

A month after the murder three suspects, named as Sikandar Jamali, Sohail, and Sikandar Ali Lashari, confessed to the crime.

They claimed that they were under the influence of drugs at the time of the attack and had opened fire while intoxicated.

https://tribune.com.pk/story/2573520/three-arrested-for-triple-murder-of-transgender-persons

https://www.lgbtqnation.com/2025/09/three-transgender-women-shot-dumped-by-the-side-of-a-road-in-karachi/

https://tribune.com.pk/story/2568114/bullet-riddled-bodies-of-three-transgender-persons-found-in-karachis-memon-goth

https://www.dawn.com/news/1943670

https://www.arabnews.com/node/2616160/pakistan

https://www.bbc.com/news/articles/c0lkkx3e1j9o

https://www.gazetaexpress.com/en/Bodies-of-three-transgender-people-found-shot-to-death-in-Pakistan/

https://minutemirror.com.pk/three-transgender-persons-shot-dead-in-karachis-memon-goth-439823/

https://tribune.com.pk/story/2568114/bullet-riddled-bodies-of-three-transgender-persons-found-in-karachis-memon-goth

https://www.thenews.com.pk/latest/1345372-probe-launched-after-three-transgender-persons-shot-dead-in-karachi

https://www.tribuneindia.com/news/world/pakistan-three-transgender-persons-found-shot-dead-in-karachis-memon-goth/

https://tribune.com.pk/story/2568539/violence-against-trans-persons-1

https://www.abc.es/internacional/protesta-karachi-asesinato-personas-trans-20250925010609-vi_amp.html

https://www.ucanews.com/amp/triple-transgender-killing-sparks-fear-outrage-in-pakistan/110375

https://morningstaronline.co.uk/article/three-transgender-women-killed-gunmen-pakistan

https://tribune.com.pk/story/2568390/murder-case-of-three-trans-persons-registered

https://gayexpress.co.nz/2025/09/bullet-riddled-bodies-of-trans-women-discovered-in-pakistans-largest-city/

https://gcn.ie/pakistani-trans-women-killed/

https://gomag.com/article/three-transgender-women-shot-dead-left-on-roadside-outside-pakistans-largest-city/

https://thenightly.com.au/world/protests-after-shooting-kills-three-transgender-women-in-pakistans-largest-city-c-20108729

https://tvmnews.mt/en/news/three-transgender-persons-found-murdered-on-pakistani-street/

https://bangladeshpost.net/posts/3-transgender-women-shot-dead-in-karachi-161030

https://ca.news.yahoo.com/outrage-pakistan-three-transgender-women-101656696.html

https://tribune.com.pk/story/2568188/three-trans-persons-shot-dead

https://asianews.network/bodies-of-3-transgender-individuals-found-in-pakistans-karachi-rescue-service/

https://www.dawn.com/news/1943729/three-trans-persons-found-shot-dead-on-city-outskirts

https://www.dawn.com/news/1943729

https://news.webindia123.com/news/Articles/Asia/20250922/4364003.html

https://www.bignewsnetwork.com/news/278592052/pakistan-three-transgender-persons-found-shot-dead-in-karachi-memon-goth

https://winnipegsun.com/pmn/shooting-kills-3-transgender-women-in-pakistans-largest-city

https://www.timesunion.com/news/world/article/shooting-kills-3-transgender-women-in-pakistan-s-21060686.php

https://abcnews.go.com/International/wireStory/shooting-kills-3-transgender-women-pakistans-largest-city-125807780

https://www.scenemag.co.uk/three-trans-women-brutally-killed-in-pakistan/

https://www.dawn.com/news/1943908/unidentified-suspects-booked-for-murder-of-three-transgender-people-in-karachi

https://k24.digital/crimescandals/3-transgender-women-shot-dead

https://news.ssbcrack.com/three-transgender-women-murdered-in-karachi-sparking-outrage-and-protests/

https://www.wionews.com/world/public-fury-in-pakistan-after-three-transgender-women-shot-dead-and-left-on-roadside-in-karachi-1758545772072

https://www.dw.com/en/pakistan-3-transgender-women-shot-dead-in-karachi/a-74093957

https://www.newsbreak.com/the-independent-517119/4248534789120-outrage-in-pakistan-after-three-transgender-women-killed-and-left-on-roadside

https://www.outlookindia.com/international/three-transgender-women-shot-dead-in-karachi-police-launch-investigation

https://www.thepinknews.com/2025/09/22/trans-pakistan-karachi-hate-crime/

https://www.dailyindependent.com.pk/2025/09/22/karachi-shooting-three-transgender-persons-killed-in-memon-goth-cm-sindh-orders-arrests/

https://unb.com.bd/category/World/3-transgender-women-shot-dead-in-karachi/168933

https://www.cbc.ca/lite/story/1.7640173

https://www.out.tv/en_UK/news/three-transgender-women-killed-in-pakistan

https://cedarnews.net/newstasks/breakingnews/gunmen-shot-and-killed-three-transgender-women-on-the-outskirts-of-karachi-pakistan/878909/

https://www.thecanadianpressnews.ca/world/shooting-kills-3-transgender-women-in-pakistans-largest-city/article_eff94bc9-9533-5ab8-b6ab-6ce7e4066203.html

https://www.transvitae.com/transgender-community-in-fear-after-triple-murder-in-karachi/

https://www.dawn.com/news/1943670/bodies-of-3-transgender-individuals-found-in-karachis-memon-goth-rescue-service

https://thetribuneinternational.com/2025/09/21/transgender-community-under-fire-as-triple-murder-rocks-karachi/

https://english.aaj.tv/news/330435697/three-transgender-persons-shot-dead-in-karachis-memon-goth

https://www.bbc.co.uk/news/articles/c0lkkx3e1j9o

https://www.arabnews.com/node/2616160/pakistan

https://www.facebook.com/pakrays.media/posts/pfbid02i1MeWmgHV5Hnt4HMsDtQDbqEmP2Y2rdDyi363LfAEhDRkScY61V4vJwB2pYUAP1Sl

https://www.facebook.com/permalink.php?story_fbid=pfbid0WT2UL21naqSDnwBxo3QAWLXWgkBH8Mjz1EJxTv8xjugPJaiZc2WJN4PyMstYigfgl&id=61569582942753

https://bsky.app/profile/worldnewsstudio.bsky.social/post/3lzdrnel3hj2p

https://www.youtube.com/watch?v=-A9AgXl--p0

https://www.youtube.com/watch?v=0JDnryOTfa8

https://www.youtube.com/watch?v=G7kYqXUleqI

https://www.youtube.com/watch?v=8zMMVaIcOA8

https://www.youtube.com/watch?v=97XZlmdVkxQ

https://www.youtube.com/watch?v=49lwWoFYiyE

https://www.youtube.com/watch?v=GYTY080SZTs

https://www.youtube.com/watch?v=49lwWoFYiyE

https://www.youtube.com/watch?v=UWxU-wkQccE

https://www.youtube.com/watch?v=VvCaMfZx-88

https://www.youtube.com/watch?v=UOPsuK6QGqw

https://www.youtube.com/watch?v=8FKkUteDF38

https://www.youtube.com/watch?v=xla57sxu2uo","Samina was one of three #trans women shot dead in the street by unidentified assailants in Karachi, Sindh (Pakistan) on 21 Sep 2025. #SayHerName #TransLivesMatter #TDoR",https://tdor.translivesmatter.info/reports/2025/09/21/samina_karachi-sindh-pakistan_50ce2cd5
Scarlett,21,,2025_09_21_Scarlett.jpg,by email,21-Sep-2025,,,,Hawthorne,Nevada,USA,38.52469659,-118.6247076,suicide,suicide,"Scarlett died by suicide.

> Her name was Scarlett she was 21 and lived in Hawthorne nevada she passed on the 21st of September by suicide
>
> I've grieved and accepted that she has moved on but Scarlett had such a loving and caring soul she was the most caring and nice person I knew, and she was so alone in this world. She was in rural nevada which no one knew her for her besides me and I want all the allies to know who she was and how beautiful she was as a person. We would stay on the phone all night if one of us was having a hard time, visiting was always a treat she was such a loving soul and I want her love to be felt across the community 

Source: email
","Scarlett died by suicide in Hawthorne, Nevada (USA) on 21 Sep 2025.

She was 21. #SayHerName #TransLivesMatter #TDoR",https://tdor.translivesmatter.info/reports/2025/09/21/scarlett_hawthorne-nevada-usa_91ee3310
Christine,44,,,,22-Sep-2025,tgeu/tdor2025/22-Sep-2025/Christine,,Barangay Malanday,Valenzuela City,Metro Manila,Philippines,14.70370446,120.9666716,violence,stabbed,"Christine was a therapist and college graduate. Her body was found inside a rented apartment after neighours reported hearing an argument inside.

She had last been seen alive at the previous evening when she bought coffee at a nearby store. Two men have been arrested.

> Two people responsible for the murder of a transgender woman in Valenzuela City have been arrested.
>
> The investigation into the death of the victim [deadname] Macalalay Jr., also known as “Christine”, a 44-year-old transgender woman and therapist, resulted in the arrest of two male suspects in a hot-pursuit operation launched by the Valenzuela City Police. 
>
> The lifeless victim was found at 11:20 pm on September 22, 2025 inside her rented apartment in Barangay Malanday, Valenzuela City after being last seen alive at 10:20 pm on September 21, when she was buying coffee at a store.   
>
> According to neighbors, they heard noise and an argument in the victim's unit.
>
> Upon the directive of PCOL Joseph Talento, Acting Chief of Police of the Valenzuela City Police Station, a follow-up operation was conducted that resulted in the arrest of the suspects through backtracking on CCTV footage and tracing the suspects.   

https://www.policefilestonite.net/2025/09/25/2-killers-ng-transgender-sa-valenzuela-timbog/

https://www.facebook.com/ValenzuelaCPS/posts/two-arrested-in-murder-of-transgender-woman-in-valenzuela-citya-murder-investiga/1216547993834277/

https://www.facebook.com/share/p/1C7HrWLwWi/
 
https://www.facebook.com/share/v/19vMMsqGbH/","Christine's body was found inside a rented apartment in Valenzuela City, Metro Manila (Philippines) on 22 Sep 2025.

She was 44, a therapist and a college graduate. #SayHerName #TransLivesMatter #TDoR",https://tdor.translivesmatter.info/reports/2025/09/22/christine_valenzuela-city-metro-manila-philippines_0b8a5c49
"Karen (""Mariana"")",,,2025_09_22_Karen.jpg,https://www.caribeafirmativo.lgbt/mujer-trans-asesinada-en-popayan-por-mal-accionar-policial-en-medio-de-operativo/,22-Sep-2025,"tgeu/tdor2025/22-Sep-2025/Karen (""Mariana"")",,La Esmeralda,Popayán,Cauca,Colombia,2.444375984,-76.61657458,violence,shot,"Karen was a stylist. She  died in a medical centre after being hit by a stray bullet during a firefight between a police patrol and a fugitive.

> September 22, 2025. In the early hours of September 22, 2025, a new act of violence erupted, saddening Colombia's diverse population. Karen, known by the community as ""Mariana"" or ""La Jassan,"" a trans woman, was murdered in the La Esmeralda neighborhood of Popayán, amid a firefight during a police operation.
> 
> According to the facts, the victim was not involved in the confrontation, but was caught in the middle of it, being shot by National Police officers who, according to witnesses, failed to apply the civil protection protocols that should govern these procedures.
> 
> This case becomes the 55th recorded by the Caribe Afirmativo Human Rights Observatory in 2025, and the second this year in which a trans person has died as a result of violent actions carried out by law enforcement officers. This highlights the serious risk faced by people with trans life experience in contexts of institutional violence.
> 
> Karen's memory demands justice and respect. Colombian society cannot remain indifferent to the systematic violence faced by trans people, who daily demand dignity, recognition, and full citizenship guarantees.


Karen was well known in her community and a candlelight vigil was held for her shortly after her death.

> Despite the cold night in Payanes, friends, colleagues, neighbors, and loved ones of La Hassan, or Karen, the trans woman who died after being caught in the crossfire, gathered to pay tribute to her at the site of the tragedy: the El Cadillal neighborhood.
> 
> She deserved it, for that gigantic heart she had and the powerful joy she radiated every time she walked the streets of this sector of the capital of Cauca, and as her friends and confidants clearly confirmed, they do not accept that a gunshot, apparently fired by a police officer, ended her life in the early hours of Monday, September 22.
> 
> Those who attended this event urged the Prosecutor's Office to expedite the investigation and impose exemplary punishment on the person responsible for this violent act. “Karen was a very special person to Carlos and I, especially in the last month, when we were very attentive to her, giving her a lot of love and receiving the same from her, so now facing her departure is something that hits us very hard. I shared a lot of time with this wonderful person. I met her more than twenty years ago, when she became my stylist at a hair salon in the Santa Clara neighborhood,” said Carol Chacón, who participated in this candlelight vigil.

https://www.caribeafirmativo.lgbt/mujer-trans-asesinada-en-popayan-por-mal-accionar-policial-en-medio-de-operativo/

https://www.elpais.com.co/colombia/popayan-la-velaton-en-honor-a-la-hassan-o-karen-la-mujer-trans-que-fallecio-en-medio-de-una-balacera-2202.html

https://www.elpais.com.co/judicial/la-muerte-violenta-de-karen-una-mujer-trans-causa-conmocion-en-popayan-2239.html","Karen died in a medical centre after being hit by a stray bullet during a firefight between a police patrol and a fugitive in Popayán, Cauca (Colombia) on 22 Sep 2025. #SayHerName #TransLivesMatter #TDoR",https://tdor.translivesmatter.info/reports/2025/09/22/karen-mariana_popayan-cauca-colombia_fd8bd91f
Kendra Cabeza,,,2025_09_22_Kendra-Cabeza.jpg,https://www.radiopichincha.com/transfemicidio-kendra-cabeza-odalys-caymbe/,22-Sep-2025,tgeu/tdor2025/26-Sep-2025/Kendra Cabeza,,,Guayaquil,Guayas,Ecuador,-2.1521492,-80.144918,violence,murdered and dismembered,"Kendra's body was found on a street with signs of torture several days after going missing.

She had lost both her brothers to murder and had herself been a victim of violence on several occasions.

> The lifeless body of Kendra Cabeza, a trans woman and member of the ksatransec organization, was found in a public street with signs of torture, after having been reported missing on September 22, 2025. Her death has shocked human rights organizations and activists working with the trans and LGBTIQ+ population in the country.
> 
> According to accounts, Kendra Cabeza had gone out to talk to a man before her disappearance. With no news, her colleagues issued search alerts. Several days later, her body was found under circumstances that are still under investigation.
> 
> In an interview with this media outlet, Odalys Cayambe, leader and head of the ksatransec project, explained that Kendra came from a conflict-ridden area of Guayaquil and had been the victim of various episodes of violence.
> 
> “She was fleeing a very dangerous area where her brothers were murdered and her family had to leave,” Cayambe said.
> 
> Kendra arrived at Casa Trans several years ago. There, in addition to receiving support, she actively participated in cultural and social awareness initiatives such as voguing and Afrotransfeminism.
> 
>  “Beyond being part of the project, she was a territorial leader who worked hard,” Cayambe added. The leader also indicated that Kendra is not the first case of murders of trans women in high-risk contexts in Ecuador, especially in peripheral areas affected by organized crime.
> 
> ""Every month we bury a daughter. Many of our comrades have been murdered or disappeared, and there's no official record of all the cases,"" she said.
 
https://www.radiopichincha.com/transfemicidio-kendra-cabeza-odalys-caymbe/
 
https://federacionlgbt.org/2025/09/26/transfeminicidio-de-mujer-trans-afrodescendiente-hallan-cuerpo-sin-extremidades-en-guayaquil-ecuador/
 
https://www.facebook.com/FederacionLGBT/posts/pfbid02ZLEFQxjPCd7eLBzMn5XPsDNAqNmiQ9xpmjsMYWM9pHzV9v7etYFn3DvGZCvzHTtXl
 
https://x.com/radio_pichincha/status/1971630641239245030","The body of Kendra Cabeza was found with signs of torture on a street in Guayaquil, Guayas (Ecuador) on 22 Sep 2025.

She had lost both her brothers to murder and had herself been a victim of violence on several occasions. #SayHerName #TransLivesMatter #TDoR",https://tdor.translivesmatter.info/reports/2025/09/22/kendra-cabeza_guayaquil-guayas-ecuador_ef94e883
Ketlen,22,,2025_09_26_Ketlen.jpg,https://estadodoparaonline.com/travesti-e-morta-esquartejada-e-pm-prende-4-suspeitos-em-jacunda/,26-Sep-2025,tgeu/tdor2025/26-Sep-2025/Ketlen,,,Jacundá,Pará,Brazil,35.1406969,-80.9180327,violence,murdered and dismembered,"Ketlen's body was found in bags in her home. Four suspects were subsequently arrested.
 
> The Military Police arrested four people suspected of participating in the death of a [trans woman] identified only as Ketlen, on Friday night (26), in  Jacundá in the southeast of the State. Investigations indicate that the crime may be related to a drug debt that Ketlen had with the suspects.
> 
> Ketlen's body was found by neighbors who, in addition to being suspicious of the lack of activity in the house where the young woman lived, noticed a foul odor. Upon entering the property, they found the transgender woman's remains stored in bags scattered throughout the house.
> 
> The Military Police were called and, a few hours later, arrested four people whose names were not revealed, but who  confessed to direct participation in the crime.
> 
> The Civil Police took over the investigation and are looking for others involved in the crime.

https://dol.com.br/noticias/policia/924753/mulher-e-esquartejada-e-suspeitos-sao-presos-no-para

https://oimpacto.com.br/2025/09/27/para-travesti-e-morta-esquartejada-e-pm-prende-quatro-suspeitos-1-2/

https://estadodoparaonline.com/travesti-e-morta-esquartejada-e-pm-prende-4-suspeitos-em-jacunda/

https://debatecarajas.com.br/travesti-e-morta-esquartejada-e-pm-prende-4-suspeitos-em-jacunda/

https://www.instagram.com/p/DPHXNy8kdUO/","Ketlen's body was found in bags in her home in Jacundá, Paraná (Brazil) on 26 Sep 2025.

She was 22. #SayHerName #TransLivesMatter #TDoR",https://tdor.translivesmatter.info/reports/2025/09/26/ketlen_jacunda-para-brazil_2bfe7745
Kika,,,2025_09_26_Kika.jpg,https://oem.com.mx/elheraldodetabasco/policiaca/asesinan-a-miembro-de-la-comunidad-lgbt-en-paraiso-25987198,26-Sep-2025,tgeu/tdor2025/26-Sep-2025/Kika,calle Francisco Gurría,Quintín Arauz,Paraíso,Tabasco,Mexico,18.3894317,-93.2166192,violence,shot,"Kika was shot dead by armed assailants who invaded her salon. A person who was with her suffered serious inuries.

> A direct attack took the life of a stylist, a member of the LGBT+ community in the municipality of Paraíso, on the night of Friday, September 26.
> 
> The murder occurred when Kika , as she was known, was riddled with bullets while she was inside her business located on calle Francisco Gurría.
> 
> According to initial reports, the victim was in the company of another person when armed men entered the beauty salon, leaving a second person seriously injured.
> 
> An operation led by municipal, state, and federal police was implemented in the area; meanwhile, the State Attorney General's Office (FGE) arrived to secure the body and begin the investigation.
> 
> It is worth noting that several acts of violence have been reported in the municipality of Paraíso, where several banners and posters signed by alleged criminal groups have been found hanging in various locations, including schools. 

https://oem.com.mx/elheraldodetabasco/policiaca/asesinan-a-miembro-de-la-comunidad-lgbt-en-paraiso-25987198

https://www.xevt.com/tabasco/asesinan-a-mujer-transgenero-en-paraiso/392537","Kika was shot dead by armed assailants who invaded her salon in Paraíso, Tabasco (Mexico) on 26 Sep 2025. #SayHerName #TransLivesMatter #TDoR",https://tdor.translivesmatter.info/reports/2025/09/26/kika_paraiso-tabasco-mexico_a4c1e5e5
Samantha,,,,,26-Sep-2025,tgeu/tdor2025/26-Sep-2025/Samantha,,,Cali,Valle del Cauca,Colombia,3.3954615,-76.6080662,violence,murdered,"Samantha was apparently a well known stylist in her community. Nothing is known about what happened to her other than that she was killed.

> At the same time, we denounce with alarm the increase in lethal violence against LGBTIQ+ people in the department. Last Friday, in Cali, Samantha, a trans woman recognized for her work as a stylist at Francheska hair salon, was murdered. [Two days later], in the municipality of Tuluá, violence was repeated against [Shaira Patiño](https://tdor.translivesmatter.info/reports/2025/09/28/shaira-patino_tulua-valle-del-cauca-colombia_6ea528bb), also a trans woman, who was the victim of an armed attack: she was shot and died in a health center.

https://www.caribeafirmativo.lgbt/fin-de-semana-violento-en-el-valle-del-cauca-tres-asesinatos-de-personas-lgbtiq/","Samantha was murdered  in Cali, Valle del Cauca (Colombia) on 26 Sep 2025. #SayHerName #TransLivesmatter #TDoR",https://tdor.translivesmatter.info/reports/2025/09/26/samantha_cali-valle-del-cauca-colombia_ed85d77b
Tiara Love Tori Jackson,37,13-Sep-1988,2025_09_26_Tiara-Love-Tori-Jackson.jpg,https://thencbeat.com/trans-woman-tiara-jackson-killed-charlotte-hotel/,26-Sep-2025,tgeu/tdor2025/26-Sep-2025/Tiara Love Tori Jackson,"WoodSpring Suites, 1600 Deboer Avenue",,Charlotte,North Carolina,USA,35.1406969,-80.9180327,violence,shot,"Tiara was found with gunshot wounds in a motel. Six days before her killing she had posted on Facebook asking for financial help.

Darris Dee Marshall, 33, was arrested at the scene and has been charged with first-degree murder and possession of a firearm by a felon.

> A trans woman was tragically shot and killed Friday morning at, WoodSpring Suites, a low-budget motel in Charlotte, according to the Charlotte-Mecklenburg Police Department (CMPD).
> 
> On Friday, officers with CMPD responded to a call reporting an assault with a deadly weapon with injury at around 9:21 a.m. in the 1600 block of Deboer Avenue. Upon arrival, they found 37-year-old Tiara Love Tori Jackson, a member of Charlotte’s LGBTQ+ community, dead at the scene.
> 
> As CMPD’s Homicide Unit took over the investigation, officers quickly identified a suspect — 33-year-old Darris Dee Marshall. Just after Jackson’s body was found, Westover Division officers were called to a separate shooting where Marshall was located with a non-life-threatening gunshot wound.
> 
> He was taken to a local hospital, treated, and then interviewed by detectives at CMPD’s Law Enforcement Center (LEC). Based on that interview and gathered evidence, Marshall was formally charged with first-degree murder and possession of a firearm by a felon.
> 
> Darris Dee Marshall, 33, is charged with first-degree murder and possession of a firearm by a felon after allegedly killing trans woman Tiara Jackson in Charlotte.
> 
> Following his release from medical care, Marshall was transferred into the custody of the Mecklenburg County Sheriff’s Office, where he is currently being held without bond. Marshall is scheduled to appear in court on Monday, September 29. No motive has been publicly released, and investigators have not confirmed the relationship, if any, between Jackson and Marshall.

According to [PGH Lesbian Correspondents](https://www.pghlesbian.com/2025/10/north-carolina-black-trans-woman-tiara-love-jackson-killed/):

> ""Tiara was originally from Saginaw, Michigan. She relocated to Charlotte, North Carolina in 2021. In the past years, she worked in the healthcare industry at Novant Health Forsyth Medical Center. Tiara attended Arthur Hill High School and Delta College. Tiara’s feeds are filled with music, dancing, and lots of humor and satire. She was a regular participant in KiKi balls with a lot of trophies and seems to have had a large number of ballroom family both in Michigan and North Carolina. Tiara was involved with her local Black Pride events.""

Tiara's Facebook profile is https://www.facebook.com/tiara.jackson.96343.

https://www.pghlesbian.com/2025/10/north-carolina-black-trans-woman-tiara-love-jackson-killed/

https://thencbeat.com/trans-woman-tiara-jackson-killed-charlotte-hotel/

https://www.qcnews.com/crime-and-public-safety/one-dead-after-southwest-charlotte-shooting-cmpd/

https://www.facebook.com/rashawndflournoy/posts/pfbid04A8UaX3g9x29Vwcskrw7JYvCqjcyQvoJerXBR7Kbo7JjvZYuus5VwjoNMvHHWKXal

https://www.facebook.com/melissa.jackson.805308/posts/pfbid0ukWGtPFoZ2ZeRCdKwReznnSXD2ALTsGQpwf2GMFFQkhVPrQciYhvh4p8R85JwwDnl

https://gunmemorial.org/2025/09/26/tiara-love-tori-jackson

https://www.youtube.com/watch?v=cqEVSo_BlhM","Tiara Love Tori Jackson was found with gunshot wounds in a motel in Charlotte, North Carolina (USA) on 26 Sep 2025.

She was 37. #SayHerName #TransLivesMatter #TDoR",https://tdor.translivesmatter.info/reports/2025/09/26/tiara-love-tori-jackson_charlotte-north-carolina-usa_74835e56
Shaira Patiño,,,2025_09_28_Shaira-Patino.jpg,https://www.elpais.com.co/judicial/mujer-trans-fue-asesinada-a-tiros-en-tulua-autoridades-investigan-el-crimen-2939.html,28-Sep-2025,tgeu/tdor2025/28-Sep-2025/Shaira Patiño,Carrera 40 and Calle 17,,Tuluá,Valle del Cauca,Colombia,4.078610403,-76.21065346,violence,shot,"Shaira died after being shot in the street by armed assailants.

> Violence rocked the municipality of Tuluá again early Sunday morning, when a trans woman, identified as Shaira Patiño, was shot at on Carrera 40 and Calle 17, just a few meters from the Morales River and a well-known restaurant.
> 
> According to preliminary reports, the victim was approached by armed men who shot her repeatedly, leaving her seriously injured. Patiño was immediately taken to a medical center, where doctors confirmed she was brain dead.
> 
> Her death was officially announced in recent hours, causing great shock among family, friends, and the municipality's diverse community.
> 
> The Valle del Cauca Police and the Attorney General's Office are conducting investigations to clarify the motives for the attack and capture those responsible.
> 
> So far, no official theories about the attack have been revealed. However, several users on social media have speculated that it could be linked to violence against the LGBTIQ+ population.

https://cwmas.com.co/valle/2025/09/30/asesinan-a-shaira-patino-mujer-trans-en-tulua-valle-del-cauca/

https://www.noticiasrcn.com/colombia/mujer-trans-fue-asesinada-en-ataque-armado-en-tulua-valle-del-cauca-941279

https://eltabloide.com.co/judicial/mujer-trans-fallecio-tras-ser-atacada-a-tiros-en-tulua/

https://www.elpais.com.co/judicial/mujer-trans-fue-asesinada-a-tiros-en-tulua-autoridades-investigan-el-crimen-2939.html

https://www.caribeafirmativo.lgbt/fin-de-semana-violento-en-el-valle-del-cauca-tres-asesinatos-de-personas-lgbtiq/","Shaira Patiño was shot in the street by armed assailants in Tuluá, Valle del Cauca (Colombia) on 28 Sep 2025. #SayHerName #TransLivesMatter #TDoR",https://tdor.translivesmatter.info/reports/2025/09/28/shaira-patino_tulua-valle-del-cauca-colombia_6ea528bb
Vanesa Jazmín Quiroga/Yuliana Aguilar Torres (¨Yaya¨),44,,2025_09_28_Vanesa-Jazmin-Quiroga.jpg,https://www.ellitoral.com/sucesos/revelo-autopsia-yaya-mujer-trans-hallaron-muerta-venado-tuerto_0_i5qSaHB0vi.html,28-Sep-2025,tgeu/tdor2025/28-Sep-2025/Vanesa Jazmín Quiroga/Yuliana Aguilar Torres (¨Yaya¨),,,Venado Tuerto,Santa Fe,Argentina,-33.72330011,-61.99910534,violence,hit and run,"Vanessa's body was found on a highway. Her case is being investigated as a hit and run homicide.

> In Venado Tuerto, the Police and the Prosecutor's Office are investigating the circumstances surrounding the death of ""Yaya"", a 44-year-old trans woman, whose body was found early Sunday morning on National Route 33, at kilometer 617.
> 
> Initially, one of the theories under discussion is that the victim died in a traffic accident, in which the other party involved fled the scene. For this reason, the case is initially classified as negligent homicide.
> 
> However, the investigation remains open in order to confirm this line of reasoning or advance other possibilities that will clarify the events that led to the fatal outcome.
> 
> Yaya's body was taken to the judicial morgue, where an autopsy was performed to determine the exact cause of death. Meanwhile, the victim's relatives visited the Venado Tuerto Police Station, where they were informed about the ongoing judicial proceedings and also provided relevant information.
> 
> Authorities are maintaining a tight-lipped attitude until the final report from the forensic doctor and the road investigations are available to determine what happened that tragic early morning.

https://www.venado24.com.ar/venadotuerto/fiscalia-analiza-pruebas-para-esclarecer-la-muerte-de-una-mujer-trans-en-la-ruta-33/

https://www.ellitoral.com/sucesos/revelo-autopsia-yaya-mujer-trans-hallaron-muerta-venado-tuerto_0_i5qSaHB0vi.html

https://radiorafaela.com.ar/policiales/hallaron-muerta-una-mujer-trans-en-la-ruta-nacional-33-la-investigacion-se-enmarco-como-homicidio-culposo

https://www.venado24.com.ar/venadotuerto/fiscalia-analiza-pruebas-para-esclarecer-la-muerte-de-una-mujer-trans-en-la-ruta-33/

https://www.pagina12.com.ar/861725-exigen-un-rapido-esclarecimiento

https://www.sur24.com.ar/noticias/hallan-muerta-a-yaya-en-la-ruta-33-e-investigan-las-causas

https://www.sur24.com.ar/noticias/venado-reclamo-de-justicia-tras-la-muerte-de-una-mujer-trans-en-ruta-33

https://www.miradorprovincial.com/2025/09/29/venado-tuerto-investigan-la-muerte-de-una-mujer-trans/

https://www.sur24.com.ar/noticias/muerte-de-yaya-los-resultados-de-la-autopsia-y-la-principal-hipotesis

https://www.ellitoral.com/sucesos/venado-tuerto-policia-fiscalia-muerte-homicidio-autopsia_0_RNuh0P8CHG.html

https://puebloregional.com.ar/venado-tuerto-investigan-las-causas-de-la-muerte-de-una-persona-transexual-hallada-en-ruta-33/

https://novedadesdelsur.com.ar/contenido/81775/investigan-la-muerte-de-una-persona-trans-hallada-en-ruta-33

https://www.instagram.com/p/DPKpb13kxsu/","The body of Vanesa Jazmín Quiroga was found on a highway in Venado Tuerto, Santa Fe (Argentina) on 28 Sep 2025. Her case is being investigated as a hit and run homicide.

She was 44, and was also known as Yuliana Aguilar Torres. #SayHerName #TransLivesMatter #TDoR",https://tdor.translivesmatter.info/reports/2025/09/28/vanesa-jazmin-quiroga-yuliana-aguilar-torres-yaya_venado-tuerto-santa-fe-argentina_d96e3cc5
Maria Clara Azevedo,,,2025_09_29_Maria-Clara-Azevedo.jpg,https://www.clickpb.com.br/policial/miss-trans-pb-morta.html,29-Sep-2025,tgeu/tdor2025/29-Sep-2025/María Clara Azevedo,,,João Pessoa,Paraíba,Brazil,-7.166018475,-34.86169026,violence,stabbed,"Maria's body was found in her home with signs of violence. She was a dancer with Lageiro Seco Quadrilha and had been Miss Trans Paraíba in 2017 and 2018.

> The head of the Institute of Legal Medicine (IML) of João Pessoa, Flávio Fabres, confirmed this Tuesday (30) that the death of the trans woman found in a residence in the capital presents clear signs of brutal violence and an attempt to defend the victim, during an interview with the program Ô Paraíba Boa, hosted by communicator Fabiano Gomes.
> 
> According to Fabres, a full forensic autopsy revealed six facial wounds, a cervical injury, and a cut on the right hand. The latter, he says, is characteristic of a defensive wound, indicating the victim attempted to fight back.
> 
> ""The body was in an advanced state of decomposition. After a complete forensic autopsy, facial, cervical, and right hand injuries (defense injuries) were identified, resulting from a sharp object. Further tests have been requested. The medical report will be ready within the ten-day legal deadline,"" stated the head of the IML.
> 
> The body was released for funeral arrangements. Confirmation of multiple injuries and signs of a struggle reinforces the suspicion of a violent crime, which had already been suggested by remains found at the victim's home.

https://sampi.net.br/ovale/noticias/2932558/brasil-e-mundo/2025/09/corpo-de-exmiss-trans-paraiba-e-achado-em-decomposicao

https://diariodopara.com.br/policia/ex-miss-paraiba-trans-e-encontrada-morta-com-sinais-de-violencia/

https://www.portalt5.com.br/videos/tv-tambau/o-povo-na-tv/2025/09/722547-ex-miss-paraiba-trans-e-encontrada-morta-com-golpes-de-tesoura-o-povo-na-tv/

https://blogdojordanbezerra.com/noticia/gerais/39114/miss-trans-paraiba-e-encontrada-morta-em-joao-pessoa-iml-confirma-sinais-de-luta

https://www.agoranordeste.com.br/noticia/09/30/2025/miss-trans-e-encontrada-morta-em-joao-pessoa.html

https://fonte83.com.br/iml-confirma-sinais-de-luta-e-violencia-brutal-em-morte-de-mulher-trans-em-joao-pessoa/

https://parlamentopb.com.br/ex-miss-paraiba-trans-foi-morta-com-facadas-no-pescoco-e-rosto/

https://www.reporterpb.com.br/noticia/policial/2025/09/30/miss-trans-paraiba-e-encontrada-morta-em-casa-no-centro-de-joao-pessoa/178139.html

https://gazetabrasil.com.br/brasil/2025/09/29/ex-miss-paraiba-trans-e-encontrada-morta-em-joao-pessoa/

https://patosonline.com/noticia/269005/miss-trans-e-encontrada-morta-em-joao-pessoa-amostras-de-sangue-sao-colhidas-em-casa-onde-corpo-foi-localizado

https://www.politicajp.com.br/noticia/35528/ex-miss-paraiba-trans-e-encontrada-morta-em-casa-em-jp

https://sbtnews.sbt.com.br/noticia/policia/ex-miss-trans-paraiba-e-encontrada-morta-com-sinais-de-violencia-em-joao-pessoa-pb

https://noticias.r7.com/paraiba/portal-correio/miss-trans-paraiba-e-encontrada-morta-dentro-de-residencia-em-joao-pessoa-29092025/

https://portalcorreio.com.br/miss-trans-paraiba-e-encontrada-morta-dentro-de-residencia-em-joao-pessoa/

https://seligapb.com.br/miss-trans-e-encontrada-morta-em-joao-pessoa-corpo-estava-em-decomposicao/

https://www.reporterpb.com.br/noticia-extra/2025/09/29/amostras-de-sangue-sao-colhidas-na-casa-de-miss-trans-morta-em-joao-pessoa-para-identificar-suspeito/101438.html

https://tvmaster.tv/misterio-em-joao-pessoa-ex-miss-trans-paraiba-e-encontrada-morta-em-casa-e-cena-levanta-suspeitas-de-crime/

https://paraibaja.com.br/ex-miss-trans-paraiba-e-encontrada-morta-por-vizinhos-em-joao-pessoa/

https://g1.globo.com/pb/paraiba/noticia/2025/09/29/amostras-de-sangue-sao-colhidas-na-casa-de-miss-trans-morta-em-joao-pessoa-para-identificar-suspeito.ghtml

https://blogdomarciorangel.com.br/2025/09/29/em-jp-miss-trans-e-encontrada-morta-e-policia-investiga-o-caso/

https://wscom.com.br/destaque/destaque-em-alta/2025/09/29/corpo-de-ex-miss-paraiba-trans-e-encontrado-em-joao-pessoa/

https://www.reporterpb.com.br/noticia-extra/2025/09/29/miss-trans-e-encontrada-morta-em-joao-pessoa/101427.html

https://polemicapatos.com.br/violencia/2025/09/29/ex-miss-paraiba-trans-e-encontrada-morta-em-casa-em-joao-pessoa/

https://fonte83.com.br/ex-miss-trans-paraiba-e-encontrada-morta-em-casa-no-centro-de-joao-pessoa-caso-sera-investigado-pela-policia-civil/

https://f5online.com.br/miss-trans-paraiba-e-encontrada-morta-dentro-de-casa-em-joao-pessoa/

https://www.diamanteonline.com.br/noticia/paraiba/2025/09/29/miss-trans-e-encontrada-morta-dentro-de-casa-na-paraiba/47351.html

https://parlamentopb.com.br/ex-miss-paraiba-trans-e-encontrada-morta-dentro-de-casa-em-joao-pessoa/

https://www.maispb.com.br/799465/ex-miss-paraiba-trans-e-encontrada-morta-em-residencia-no-centro-de-jp.html

https://paraibaonline.com.br/policial/2025/09/29/miss-trans-e-encontrada-morta-em-joao-pessoa-policia-suspeita-de-crime/

https://www.portalt5.com.br/noticias/paraiba/2025/09/722099-ex-miss-paraiba-trans-e-encontrada-morta-em-casa-em-joao-pessoa/

https://g1.globo.com/pb/paraiba/noticia/2025/09/29/miss-trans-e-encontrada-morta-em-joao-pessoa.ghtml

https://www.clickpb.com.br/policial/miss-trans-pb-morta.html

https://www.youtube.com/watch?v=hnq_3uCxCww","The body of Maria Clara Azevedo was found with signs of violence in her home in João Pessoa, Paraíba (Brazil) on 29 Sep 2025. #SayHerName #TransLivesMatter #TDoR",https://tdor.translivesmatter.info/reports/2025/09/29/maria-clara-azevedo_joao-pessoa-paraiba-brazil_83ee7ee2
Ruby Guajajara,,,2025_09_29_Ruby-Guajajara.jpg,https://oprogressonet.com/noticia/48582/indigena-trans-e-assassinada-a-facadas-em-arame,29-Sep-2025,tgeu/tdor2025/29-Sep-2025/Ruby Guajajara,,,Arame,Maranhão,Brazil,-4.886536954,-46.01076376,violence,stabbed,"Ruby an indigenous trans woman, was found with stab wounds next to a highway in a state where politicians are trying to ban trans women like her from women's bathrooms.

> How will Maranhão society respond to the barbaric murder of Rubi, which occurred just a few days ago? She was an Indigenous trans woman.
> 
> To seek answers, let us remember: on April 15 of this year, the City Council of São Luís, capital of Maranhão, approved a bill that encourages misinformation, prejudice, hatred and violence against trans women. According to this illegal and absurd proposal, trans women in São Luís would not be able to use women's restrooms. There were occasional reactions from the State Public Defender's Office, members of parliament, and social organizations. Today, this issue—related to a law that encourages crime and barbarity—is hushed up.
> 
> It is important to remember this legislative attempt from the capital of Maranhão when we talk about Rubi, the victim of a heinous crime associated with deep structural problems—in this specific case, a transfemicide with clear traces of racism.
> 
> Last Monday (29/09), Rubi's body was found on the banks of the MA-006, in the municipality of Arame, 476 km from São Luís. The city has only 25 thousand inhabitants. The young woman was murdered with stab wounds.
> 
> The oligarchic media cartel of Maranhão reported the case following the old pattern of turning blood into a commodity. Soon after, a deafening silence set in—an institutional muteness—revealing the state's complicity in violent practices associated with exclusion and discrimination.
> 
> On the other hand, Rubi's case provoked deep indignation and repudiation in specific sectors (including outside Maranhão).
> 
> There is a need for social pressure to prevent impunity, in addition to the urgent need for more public policies — including educational ones — to combat racism, transphobia, and gender-based violence.
> 
> The issue demands visibility. However, judging by the state capital itself, if the status quo in Maranhão is maintained, this will be just another episode incorporated into the old, undesirably naturalized landscape.
> 
> The Maranhão government, currently led by agribusinessman Carlos Brandão, needs to be pressured to act with rigor, honesty, and transparency, adopting concrete measures to prevent any possibility of impunity or manipulation of the investigation.

On Tuesday 7th October two men were arrested on suspicion of Rubi's murder.

https://g1.globo.com/ma/maranhao/noticia/2025/10/08/presos-suspeitos-de-assassinar-mulher-trans-indigena-na-cidade-de-arame-crime-e-investigado-como-feminicidio.ghtml

https://imperatriz.online/artigo/dois-suspeitos-sao-presos-por-morte-de-mulher-trans-indigena-em-arame

https://jornalpequeno.com.br/2025/10/08/dupla-suspeita-de-matar-mulher-indigena-trans-e-presa-na-cidade-de-arame/

https://www.meionews.com/maranhao/policia/mulher-trans-indigena-e-encontrada-morta-no-maranhao-policia-investiga-o-caso-543123

https://maismaranhao.com.br/outras-noticias/mulher-indigena-trans-e-encontrada-morta-as-margens-da-ma-006-em-arame/2025/09/30/

https://oprogressonet.com/noticia/48582/indigena-trans-e-assassinada-a-facadas-em-arame

https://revistaafirmativa.com.br/indigena-e-vitima-de-transfeminicidio/

https://agenciatambor.net.br/geral/assassinato-de-rubi-qual-sera-a-reacao-ao-transfeminicidio-e-ao-racismo/

https://imirante.com/mirantenews/noticias/sao-luis/2025/09/30/indigena-trans-e-assassinada-a-facadas-em-arame","Ruby Guajajara was found with stab wounds next to a highway in Arame, Maranhão (Brazil) - a state where politicians are trying to ban trans women like her from women's bathrooms - on 29 Sep 2025. #SayHerName #TransLivesMatter #TDoR",https://tdor.translivesmatter.info/reports/2025/09/29/ruby-guajajara_arame-maranhao-brazil_813007ff
Victoria Strauss,,,2025_09_29_Victoria-Strauss.jpg,https://www.eltiempo.com/colombia/medellin/reconocida-docente-y-activista-trans-victoria-strauss-travesti-fue-hallada-sin-vida-en-zona-rural-de-medellin-esto-se-sabe-del-caso-3495377,29-Sep-2025,,,Santa Elena,Medellín,Antioquia,Colombia,6.20918738,-75.49801584,suicide,possible suicide,"Victoria's body was found in her home. She was a political scientist and human rights defender who served as a peace counselor from 2017 to 2019.

> Hours after reporting her disappearance, the Sumapaz Foundation confirmed the discovery of the lifeless body of Victoria Strauss, a social leader recognized for her work defending the rights of the LGBTQ+ population .
> 
> According to preliminary information, the political scientist's body was found in the Santa Elena district of Medellín. For now, details of Strauss's death have not been established. She served as a peace counselor from 2017 to 2019.
> 
> The Sumapaz Foundation called for an investigation that would lead to justice in this case.
> 
> The news has generated various voices of condemnation, one of them from Corpades. The corporation stated: “Her death has shocked the community. A thorough investigation is required to clarify the facts and ensure justice. Strauss, a trans activist, was dedicated to defending human rights. The authorities must act swiftly.”

https://www.elcolombiano.com/medellin/victoria-strauss-muerte-lideresa-trans-caso-investigacion-DK29548478

https://www.msn.com/es-co/noticias/nacional/hallan-sin-vida-a-la-activista-trans-victoria-strauss-en-medell%C3%ADn/ar-AA1NBajj

https://www.eluniversal.com.co/colombia/2025/09/30/el-triste-e-injusto-final-de-la-lider-de-la-comunidad-lgbtiq-victoria-strauss/

https://radiobrisasdelsur.com.ar/encuentran-muerta-en-un-bosque-a-la-activista-trans-victoria-strauss-su-impactante-ultimo-posteo-en-redes/

https://www.lapatria.com/nacional/hallan-sin-vida-reconocida-profesora-universitaria-y-lideresa-trans

https://www.noticiasrcn.com/colombia/encuentran-sin-vida-a-victoria-strauss-reconocida-lideresa-trans-y-docente-en-medellin-941686

https://www.eltiempo.com/colombia/medellin/asi-recuerdan-a-victoria-strauss-y-su-lucha-por-los-derechos-de-la-comunidad-lgbtiq-3495972

https://www.semana.com/nacion/medellin/articulo/quien-era-la-activista-trans-victoria-strauss-hallada-sin-vida-en-zona-rural-de-medellin/202510/

https://cambiocolombia.com/pais/articulo/2025/10/murio-victoria-strauss-perfil-y-trayectoria-de-la-activista-trans-que-lucho-por-los-derechos-de-la-comunidad-lgtbiq-en-colombia/

https://qhubomedellin.com/actualidad/local/hallaron-sin-vida-a-victoria-strauss-lideresa-trans-de-medellin-BI29560357

https://enelruedo.com/encontraron-muerta-en-santa-elena-a-reconocida-activista-trans-era-exconsejera-de-paz-y-docente/

https://www.facebook.com/periodicopalabrasmayores/posts/-fallece-victoria-strauss-activista-trans-y-docente-universitaria-en-medell%C3%ADncon/1360747752718432/

https://www.vanguardia.com/colombia/2025/09/30/activista-trans-victoria-strauss-hallada-sin-vida-en-medellin-lo-que-se-sabe-del-caso/

https://www.cronista.com/colombia/actualidad-co/hallan-sin-vida-a-una-lideresa-trans-defensora-de-derechos-humanos-en-colombia/

https://www.swissinfo.ch/spa/hallan-sin-vida-a-lideresa-trans-en-el-noroeste-de-colombia/90093364

https://www.elheraldo.co/colombia/2025/09/30/activista-y-docente-trans-victoria-strauss-fue-hallada-sin-vida-en-medellin/

https://www.elespectador.com/colombia/medellin/hallaron-muerta-a-victoria-strauss-activista-trans-que-desaparecio-en-medellin/

https://www.wradio.com.co/2025/09/30/encuentran-sin-vida-a-victoria-strauss-lideresa-trans-en-medellin/

https://www.eltiempo.com/colombia/medellin/reconocida-docente-y-activista-trans-victoria-strauss-travesti-fue-hallada-sin-vida-en-zona-rural-de-medellin-esto-se-sabe-del-caso-3495377

https://www.alertapaisa.com/noticias/valle-de-aburra/victoria-strauss-reconocida-lideresa-y-profesora-trans-fue-hallada-sin-vida-en-santa-elena

https://www.noticiascaracol.com/colombia/hallan-sin-vida-en-antioquia-a-victoria-strauss-mujer-trans-activista-y-profesora-universitaria-rg10

https://caracol.com.co/2025/09/30/encontraron-sin-vida-a-una-activista-trans-que-habia-sido-reportada-como-desaparecida-en-medellin/

https://www.minuto30.com/hallan-muerta-en-santa-elena-a-lideresa-lgbtiq-victoria-strauss/1682823/

https://x.com/pridesocietymag/status/1974098773174612046

https://x.com/FunSumapaz/status/1972864660581011574","The body of Victoria Strauss was found in her home in Santa Elena	Medellín, Antioquia (Colombia) on 29 Sep 2025.

She was a political scientist and human rights defender who served as a peace counselor from 2017 to 2019. #SayHerName #TransLivesMatter #TDoR",https://tdor.translivesmatter.info/reports/2025/09/29/victoria-strauss_medellin-antioquia-colombia_839784d3
