Name,Age,Birthdate,Photo,Photo source,Date,TDoR list ref,Address,Locality,Town/City/Municipality,State/Province,Country,Latitude,Longitude,Category,Cause of death,Description,Tweet,Permalink
Name Unknown,23,,,,1-Aug-2025,,,,Bhiwandi,Maharashtra,India,19.2819228,72.9790693,suicide,suicide,"The victim died by suicide. Their identity was not reported.

> Bhiwandi auto driver held for abetting transgender partner's suicide
>
> States » WestPosted at: Aug 5 2025 11:14PM Mumbai, Aug 5 (UNI) A 28-year-old autorickshaw driver was arrested in Bhiwandi town of neighbouring Thane district for allegedly abetting the suicide of his 23-year-old transgender partner, police confirmed today.
>
> The accused faces charges under Section 108 (abetment of suicide) of the Bharatiya Nyaya Sanhita.
>
> According to Assistant Police Inspector Shivaji Patil of Bhoiwada police, the victim ended their life by [suicide method redacted] in their residence on August 1. Both individuals were residents of Bhiwandi and had been in a relationship.
>
> Investigations revealed the accused persistently harassed the victim through frequent calls, creating severe distress. The victim's brother filed a formal complaint citing this pattern of harassment as the catalyst for the suicide.
>
> Following the complaint, police apprehended the autorickshaw driver on Sunday. Authorities affirmed the ongoing legal proceedings in the case.

https://www.ptinews.com/editor-detail/transgender-person-ends-life-in-thane;-auto-rickshaw-driver-held-for-abetment=/2793299

https://www.freepressjournal.in/mumbai/thane-23-year-old-transgender-person-dies-by-suicide-auto-rickshaw-driver-held-for-abetment

http://www.uniindia.com/bhiwandi-auto-driver-held-for-abetting-transgender-partner-s-suicide/west/news/3536490.html

https://www.ptinews.com/story/national/transgender-person-ends-life-in-thane;-auto-rickshaw-driver-held-for-abetment=/2793299","An unidentiified #trans person died by suicide in Bhiwandi, Maharashtra (Indiia( on 1 Aug 2025. #SayTheirName #TransLivesMatter #TDoR",https://tdor.translivesmatter.info/reports/2025/08/01/name-unknown_bhiwandi-maharashtra-india_859dbc0b
Claudia Dayansy Acosta,,,2025_08_02_Claudia-Dayansy-Acosta.jpg,https://www.facebook.com/photo.php?fbid=1010616590014185&set=pb.100031975603522.-2207520000&type=3,2-Aug-2025,tgeu/tdor2025/2-Aug-2025/Claudia Dayansy Acosta,,,Remedios,Villa Clara,Cuba,22.494017,-79.5850915,violence,stabbed,"Claudia died after being stabbed in a bar. Two months later her aggressor - who had previously issued death threats against her - was himself killed in a stabbing attack.

> Violence has rocked the island once again. In Remedios, Villa Clara, a double murder has left its mark on the community in just a few months.
> 
> In [August] Claudia Dayanis Acosta - a young trans woman - was stabbed inside a bar by a man identified as Yendis Hernández. Now, Yendis himself — who has been identified as Yendis Germán — has been killed with fourteen stab wounds on the outskirts of town, in an apparent act of revenge carried out by Yuristani Carvajal, according to multiple citizen reports. Yuristani, according to several sources who spoke to Niover Licea, is barely 16 or 17 years old.
> 
> Claudia's case had a profound impact on Remedios. Much loved by her neighbors and acquaintances, she was brutally attacked by Yendris, who, according to journalist Niover Licea, had committed a similar act in the past. We don't know why, despite such a history, Yendris was free on the streets now in October.
> 
> Messages circulated on social media not only highlighting the brutality of the attack, but also the threats the young woman received from her attacker: ""If she reported him, he would kill her."" After the incident, Claudia became a symbol of the lack of protection for trans people in Cuba, exposed to violence that rarely finds a swift and effective institutional response.
> 
> However, now, in the early hours of Monday morning, the story took a bloody turn, and the stabber became the victim. The attacker himself was found dead, with fourteen stab wounds that reflect a pattern of cruelty similar to the one he had used against Claudia.
> 
> Yuristani Carvajal's name appears in multiple publications as the perpetrator, although there has yet to be official confirmation from the authorities. The community interprets the outcome as a settling of scores, an act of revenge that highlights the lack of justice and the erosion of trust in institutions, according to Niover Licea himself.
> 
> The echo on social media mixes anger, resignation, and calls for a firm hand. But beyond the clamor for exemplary punishments, the central message is that Claudia's stabbing, and the death of Yendris are symptoms of the same evil: a country where violence is growing faster than the state's response.

Claudia's Facebook profile is https://www.facebook.com/claudia.dayansy.acosta.

https://www.cuballama.com/noticias/violencia-en-cuba-continua-en-auge-asesinan-a-apunalador-de-chica-trans-en-remedios-villa-clara/

https://www.facebook.com/AdrianlavozdeCuba/posts/joven-cubana-transg%C3%A9nero-%C3%A1lvaro-acosta-conocido-popularmente-como-claudia-acosta/1331977431828302/

https://www.facebook.com/permalink.php?story_fbid=122195050862326140&id=6155978421784

https://www.facebook.com/permalink.php?story_fbid=122195058944326140&id=61559784217848

https://www.facebook.com/permalink.php?story_fbid=122195090384326140&id=61559784217848","Claudia Dayansy Acosta died after being stabbed in a bar in Remedios, Villa Clara (Cuba) on 2 Aug 2025. #SayHerName #TransLivesMatter #TDoR",https://tdor.translivesmatter.info/reports/2025/08/02/claudia-dayansy-acosta_remedios-villa-clara-cuba_01bdfe11
Rosa,27,,2025_08_02_Rosa.jpg,https://www.youtube.com/watch?v=rBmnpgjqVEk,2-Aug-2025,tgeu/tdor2025/2-Aug-2025/Rosa,Engenho Velho de Brotas,,Salvador,Bahia,Brazil,-12.9880029,-38.5120143,violence,shot,"Rosa's body was found on a staircase with gunshot wounds and with her hands tied. She was known as a hard working person who reportedly had no involvement in crime.

> A woman was found dead on Saturday morning (2), on a staircase in Engenho Velho de Brotas, in Salvador. The victim, not yet identified, was transgender and had her hands tied, hit by several shots, with exquisite torture and execution.
> 
> The crime took place on Travessa Wilson Sanches. Agents from the 26th Independent Company (CIPM/Brotas) arrived at the scene and found her already dead, lying on the ground. The area was cordoned off for forensic examination, and the body was then taken to the city's IML.
> 
> The case will be investigated by the 1st Homicide Division (DH/Atlântico). There are currently no hypotheses surrounding the murder.

https://noticias.r7.com/bahia/balanco-geral-ba/mulher-trans-de-27-anos-e-torturada-e-assassinada-em-salvador-04082025/

https://www.bahianoticias.com.br/noticia/307085-mulher-trans-e-encontrada-morta-em-escadaria-no-engenho-velho-de-brotas

https://bahianoar.com/salvador-mulher-trans-e-encontrada-morta/

https://www.correio24horas.com.br/salvador/mulher-trans-e-achada-morta-com-maos-amarradas-para-tras-em-escadaria-de-salvador-0825

https://alojuca.com.br/quinze-tiros-mulher-trans-encontrada-morta-em-escadaria-o-que-esta-por-tras/

https://x.com/BahiaNoticias/status/1951640276843270222

https://www.instagram.com/reel/DM8DTxDs0-E/

https://www.youtube.com/watch?v=rBmnpgjqVEk

https://www.youtube.com/watch?v=roiotDtvZNk","Rosa's body was found on a staircase in Salvador, Bahia (Brazil) with gunshot wounds and with her hands tied on  2 Aug 2025.

She was 27. #SayHerName #TransLivesMatter #TDoR
",https://tdor.translivesmatter.info/reports/2025/08/02/rosa_salvador-bahia-brazil_7dae402e
Annu,25,,,,4-Aug-2025,tgeu/tdor2025/4-Aug-2025/Annu,,Madhu Vihar,Delhi,Delhi,India,28.6044842,77.0584786,violence,throat cut,"Annu's body was found under a bridge. Two suspects have been arrested and confessed to the murder - one of them her ex-husband who had been reportedly extorting money from her.

> A 25-year-old transgender person was allegedly murdered under a bridge near Telco T-point in east Delhi's Patparganj on Monday. The victim, identified as [deadname] alias Annu, had reportedly suffered a deep stab wound to the neck, and was declared dead at the scene.According to police, a PCR call was received around 1.32 pm at Pandav Nagar police station, informing that a boy had been apprehended by locals after allegedly stabbing a person. ""Since the crime location fell under the jurisdiction of Madhu Vihar, the SHO and police team from Madhu Vihar police station rushed to the spot, located beneath the bridge towards Hasanpur,"" a senior police officer said.
> 
> ""Upon arrival, the officers discovered the body of the victim lying in a pool of blood with a slit throat.
> 
> The victim—a transgender [woman]— was identified as [deadname] alias Annu, a resident of Khichripur who had been living in Chilla village,"" the senior officer added. Locals had caught hold of a 19-year-old boy at the scene and handed him over to the police. During initial questioning, the youth alleged that Annu's ex-husband, Rehan, a resident of Ghazipur, had planned and executed the murder. Police said the boy is being interrogated further to determine his exact role in the crime.

https://timesofindia.indiatimes.com/city/kanpur/suspect-in-double-murder-case-commits-suicide-in-satna-hotel/articleshow/123242899.cms

https://www.pressreader.com/india/hindustan-times-lucknow/20250811/281827174844054

https://www.newindianexpress.com/nation/2025/Aug/11/man-who-killed-transgender-lover-her-son-dies-by-suicide-at-hotel-in-mps-satna

https://thenewsmill.com/2025/08/two-arrested-for-murder-of-transgender-person-in-delhis-madhu-vihar-main-accused-was-in-live-in-relationship-with-victim-say-police/

https://www.newindianexpress.com/cities/delhi/2025/Aug/06/live-in-partner-among-two-held-for-murder-of-transgender

https://indianexpress.com/article/cities/delhi/transperson-stabbed-to-death-in-east-delhi-partner-among-2-held-10172130/

https://theprint.in/india/transperson-killed-in-delhis-madhu-vihar-2-held/2714334/

https://timesofindia.indiatimes.com/city/delhi/ex-partner-associate-arrested-for-transpersons-murder-in-east-delhi/articleshow/123122083.cms

https://www.uniindia.com/delhi-two-held-for-transgender-person-s-murder-in-madhur-vihar/india/news/3536299.html

https://www.hindustantimes.com/cities/delhi-news/transgender-person-killed-in-east-delhi-minor-apprehended-probe-on-101754331669333.html

https://timesofindia.indiatimes.com/city/delhi/transperson-found-murdered-in-patparganj-cops-question-youth-handed-over-by-locals/articleshow/123098098.cms

https://www.ndtv.com/india-news/trans-person-found-with-throat-slit-under-delhi-bridge-minor-detained-cops-9019294","Annu's body was found under a bridge in the Madhu Vihar area of Delhi (India) on 4 Aug 2025.

She was 25. #SayHerName #TransLivesMatter #TDoR",https://tdor.translivesmatter.info/reports/2025/08/04/annu_delhi-india_058101f1
Daira Martinez,,,2025_08_04_Daira-Martinez.jpg,https://www.instagram.com/p/DM_eNbFOlBg/,4-Aug-2025,tgeu/tdor2025/4-Aug-2025/Daira Martínez,,,Cali,Valle del Cauca,Colombia,3.3953932,-76.6904812,violence,murdered,"The circumstances of Daira's murder are not known.

> The most recent case occurred in Cali, Valle del Cauca, where Daira Martínez, a trans woman, was murdered, becoming the 53rd victim of this year, according to Caribe Afirmativo.
> 
> Her murder, the circumstances of which have not yet been publicly clarified, sparked a new wave of outrage on social media and among human rights organizations.
> 
> ""We deeply regret her murder. We demand a rigorous investigation, with a gender perspective, that guarantees truth, justice, and non-repetition ,"" Caribe Afirmativo said in a statement. 
> 
> The case was brought to the attention of judicial authorities, and a request was made to prioritize it within investigative processes related to bias-based violence.
> 
> The phenomenon is not new. As CNN en Español reported, ""social cleansing"" squads have been operating in Colombia for decades and have been used by armed groups to impose their authority and spread fear.
> 
> In Medellín, for example, local gangs, grouped under the alliance known as ""La Oficina,"" control entire neighborhoods where, according to testimonies collected by the outlet, the murders of LGBTQ people serve to reinforce their power and impose authoritarian moral codes.

https://www.eltiempo.com/justicia/investigacion/asesinato-de-mujeres-trans-en-colombia-revela-violencia-sistematica-contra-comunidad-lgbtq-3478934

https://www.facebook.com/caribeafirmativo/posts/pfbid02Q6KsrXpB4ZcjcAwx1v1DHLi434UbBNREgSd6FZdrF1FhAkxQDEoNsLr3d6RXhqMzl

https://www.instagram.com/p/DM_eNbFOlBg/","Daira Martinez was murdered in Cali, Valle del Cauca (Colombia) on 4 Aug 2025. #SayHerName #TransLivesMatter #TDoR",https://tdor.translivesmatter.info/reports/2025/08/04/daira-martinez_cali-valle-del-cauca-colombia_d7443727
"Elizabeth Sánchez (""Eli"")",44,,,,5-Aug-2025,"tgeu/tdor2025/5-Aug-2025/Elizabeth (""Eli"")",Calles Cobre and José María Morelos ,,Ciudad Juárez,Chihuahua,Mexico,31.73980902,-106.4953846,violence,stabbed,"Eli was killed by her boyfriend in her home salon. He has been charged with aggravated femicide.

> On Tuesday afternoon, a new case of violence shook the LGBT community in Ciudad Juárez with the discovery of the lifeless body of a trans woman, known as ""Eli,"" inside her beauty salon located at the intersection of Cobre and Miguel Hidalgo streets in the Gregorio M. Solís neighborhood.
> 
> Eli, originally from Veracruz, was a well-known figure in the industry for her work as a stylist at her business, a pink beauty salon that also served as her home. According to neighbors, she lived with more than five dogs and often shared time with her partner, with whom she frequently drank alcohol.
> 
> The body was found lying on a bed, covered with a blanket. The presence of the animals hampered emergency responders' initial access, so personnel from the Animal Care and Welfare Department (DABA) intervened to secure the dogs and allow authorities to enter.
> 
> Unofficially, neighbors recalled a disturbing incident: approximately eight years ago, Eli's then-boss was murdered in the same room as the beauty salon, sparking consternation and speculation about the coincidence of circumstances in this location.
> 
> Members of the Municipal Public Security Secretariat, the State Attorney General's Office, forensic experts, and personnel from the Forensic Medical Service responded to the scene to conduct the necessary investigations. The official cause of death has not yet been confirmed by authorities.
> 
> The discovery of Eli's body has sparked outrage in Ciudad Juárez's LGBT community, which is demanding justice and greater protection for transgender people in a city marked by gender-based violence.

https://agenciapresentes.org/2025/09/02/mexico-en-un-mes-hubo-siete-transfeminicidios/

https://nortedigital.mx/eli-murio-entre-golpes-asfixia-y-52-punaladas-asi-lo-confeso-su-pareja/

https://diario.mx/juarez/2025/aug/13/juez-descarta-transfeminicidio-en-caso-eli-1079837.html

https://www.infobae.com/mexico/2025/08/13/vinculan-a-proceso-a-pareja-sentimental-de-eli-victima-de-transfeminicidio-en-ciudad-juarez/

https://impactonoticias.com.mx/estatal/vinculan-a-proceso-al-presunto-responsable-del-homicidio-de-eli-mujer-trans-asesinada-en-ciudad-juarez/

https://eldiariodelnoroeste.mx/local/2025/aug/12/vinculan-a-proceso-a-presunto-asesino-de-mujer-trans-723095.html

https://diario.mx/juarez/2025/aug/12/vinculan-a-proceso-a-presunto-asesino-de-eli-1079722.html

https://eldiariodelnoroeste.mx/local/2025/aug/08/exigen-alto-al-feminicidio-trans-722169.html

https://www.nmas.com.mx/chihuahua/detienen-a-presunto-asesino-de-mujer-trans-en-ciudad-juarez/

https://oem.com.mx/elheraldodechihuahua/local/debe-haber-responsables-comunidad-lgbt-ante-asesinato-de-mujer-trans-en-juarez-25134079

https://oem.com.mx/elheraldodejuarez/policiaca/presunto-homicida-es-vinculado-a-proceso-25192614

https://eldiariodelnoroeste.mx/local/2025/aug/08/dan-prision-preventiva-a-presunto-feminicida-de-mujer-trans-722288.html

https://netnoticias.mx/juarez/justicia-para-eli-se-manifiestan-contra-transfeminicidio-en-la-fem

https://eldiariodelnoroeste.mx/local/2025/aug/08/exigen-alto-al-feminicidio-trans-722169.html

https://www.eldiariodechihuahua.mx/estado/2025/aug/08/galeria-colectivo-trans-exige-justicia-por-asesinato-de-eli-722353.html

https://diario.mx/juarez/2025/aug/08/galeria-colectivo-trans-exige-justicia-por-asesinato-de-eli-1079260.html

https://radionet.com.mx/capturan-a-hombre-por-asesinato-de-mujer-trans-en-juarez

https://yociudadano.com.mx/todavia-muertas-somos-violentadas-transfeminicidio-sin-justicia-en-chihuahua/

https://www.eldiariodechihuahua.mx/estado/2025/aug/08/arrestan-a-presunto-responsable-de-asesinato-de-mujer-trans-722191.html

https://yociudadano.com.mx/exigen-justicia-por-el-transfeminicidio-de-eli/

https://diario.mx/juarez/2025/aug/08/arrestan-a-presunto-responsable-de-asesinato-de-mujer-trans-1079152.html

https://diario.mx/juarez/2025/aug/07/exigen-alto-al-feminicidio-trans-1079109.html

https://www.eldiariodechihuahua.mx/estado/2025/aug/07/investigan-asesinato-por-razones-de-genero-de-mujer-trans-722106.html

https://elindicadornoticias.com.mx/contenido/46101/transfeminicidio-en-ciudad-juarez-conmociona-a-la-comunidad-lgbt

https://www.nmas.com.mx/chihuahua/hallan-sin-vida-a-mujer-trans-dentro-de-una-estetica-de-ciudad-juarez/

https://impactonoticias.com.mx/estatal/encuentran-sin-vida-a-estilista-trans-en-negocio-cadaver-tenia-dias-en-el-lugar/

https://www.calibre800.com/2025/08/05/mujer-trans-si-fue-asesinada-fiscalia/

https://www.eldiariodechihuahua.mx/estado/2025/aug/05/investigan-como-homicidio-muerte-de-mujer-trans-en-juarez-721531.html

https://diario.mx/juarez/2025/aug/05/se-investiga-como-homicidio-muerte-de-mujer-trans-1078737.html

https://radionet.com.mx/mujer-trans-localizada-sin-vida-en-estetica-fue-asesinada-autoridades

https://netnoticias.mx/juarez/mujer-trans-localizada-sin-vida-en-estetica-fue-asesinada-autoridades

https://radiza.com.mx/radiza2018/noticia.individual.php?id=200088

https://canal44.com/2025/08/06/le-quitan-la-vida-a-mujer-trans-dentro-de-su-estetica/

https://www.telemundo48elpaso.com/noticias/local/localizan-cadaver-mujer-trans-ciudad-juarez/2432962/

https://diario.mx/juarez/2025/aug/05/localizan-sin-vida-a-mujer-trans-dentro-de-su-casa-1078703.html

https://oem.com.mx/elheraldodejuarez/policiaca/encuentran-sin-vida-a-estilista-trans-25093010

https://canal44.com/2025/08/06/mataron-a-mujer-trans-dentro-de-su-estetica/

https://www.facebook.com/canal44/posts/lo-m%C3%A1s-visto-mujer-trans-fue-asesinada-por-su-propio-novio/1196803815817505/

https://www.youtube.com/watch?v=zQKdY7y61CY","Eli Sánchez was killed by her boyfriend in her home salon in Ciudad Juárez, Chihuahua (Mexico) on 5 Aug 2025

She was 44. #SayHerName #TransLivesMatter #TDoR",https://tdor.translivesmatter.info/reports/2025/08/05/elizabeth-sanchhez-eli_ciudad-juarez-chihuahua-mexico_c806bd67
Katia Daniela Medina,,,2025_08_09_Katia-Daniela-Medina.jpg,https://www.milenio.com/policia/confirman-feminicidio-trans-en-zapotlan-el-grande,9-Aug-2025,tgeu/tdor2025/9-Aug-2025/Katia Daniela Medina Rafael,,,Zapotlán el Grande,Jalisco,Mexico,19.7038904,-103.464925,violence,murdered,"Katia was the director of the Zapotlán Trans Collective and a well known human rights defender. Her body was found with signs of violence on a dirt road.

> This weekend, the body of a person was found dead in a dirt road north of the municipality of Zapotlán el Grande, with signs of violence. 
> 
> Municipal President Magali Casillas confirmed that the victim was Katia Daniela Medina Rafael, a trans woman, director of the Zapotlán Trans Collective and a renowned defender of trans rights in the region.
> 
> The incident occurred in the gap that connects the freeway to the Catarina intersection in Ciudad Guzmán, where personnel from the Jalisco Regional Prosecutor's Office responded to the investigation. Experts from the Jalisco Institute of Forensic Sciences also attended, transporting the body to the Semefo (Forensic Medical Service) facilities for legal review.
> 
> On social media, the mayor lamented the way some local media outlets have reported on this case, referring to Katia Daniela as a ""man dressed as a woman,"" which, she said, represents ""a grave lack of respect for her identity and dignity, as well as for the human rights principles that should govern all reporting."" 
> 
> The mayor added that the identity of the deceased must be recognized and respected at all times as a trans woman, while demanding that the competent authorities investigate and classify this case from a gender and sexual diversity perspective, treating it as a femicide.

![](2025_08_09_Katia-Daniela-Medina_justicia.jpg)

https://agenciapresentes.org/2025/09/02/mexico-en-un-mes-hubo-siete-transfeminicidios/

https://politica.expansion.mx/estados/2025/08/19/onu-y-activistas-exigen-justicia-por-los-transfeminicidios-de-katia-y-joselinne

https://politica.expansion.mx/estados/2025/08/19/onu-y-activistas-exigen-justicia-por-los-transfeminicidios-de-katia-y-joselinne

https://www.elfinanciero.com.mx/estados/2025/08/19/colectivos-lgbt-piden-justicia-para-joselinne-paez-y-katia-daniela-medina-victimas-de-transfeminicidio/

https://www.sdpnoticias.com/diversidad/quien-era-katia-daniela-medina-activista-trans-asesinada-en-zapotlan-jalisco/

https://laparadoja.com.mx/2025/08/onu-dh-pide-investigar-asesinato-de-katia-medina-defensora-de-derechos-trans-en-jalisco

https://www.infobae.com/mexico/2025/08/19/onu-dh-condena-asesinato-de-la-defensora-trans-katia-daniela-medina-en-jalisco/

https://www.contrareplica.mx/nota-ONU-DH-condena-asesinato-de-defensora-trans-Katia-Daniela-Medina-en-Jalisco--202519847

https://www.proceso.com.mx/nacional/estados/2025/8/13/demandan-justicia-por-el-asesinato-de-la-activista-trans-katia-daniela-medina-en-jalisco-356786.html

https://seisfranjasmx.com/2025/08/12/katia-daniela-medina-rafael-activista-trans-asesinada-en-jalisco/

https://www.gobernantes.com/vernota.php?id=488643

https://www.reforma.com/asesinan-a-activista-trans-de-zapotlan-el-grande-jalisco/ar3054201

https://www.zocalo.com.mx/exigen-justicia-por-asesinato-de-katia-medina-activista-trans-en-jalisco/

https://quinto-poder.mx/alza-la-voz/2025/08/12/asesinan-a-la-activista-trans-katia-daniela-medina--56421.html

https://www.telediario.mx/policia/asesinato-mujer-trans-katia-medina-es-investigado-fiscalia-de-jalisco

https://escandala.com/indignacion-por-el-transfeminicidio-de-la-activista-katia-daniela-medina-en-zapotlan-el-grande/

https://letrafria.com/qepd-katia-activista-y-personalidad-de-zapotlan/

https://www.reforma.com/asesinan-a-activista-trans-de-zapotlan-el-grande/ar3054196

https://www.facebook.com/amnistiamexico/posts/-el-9-de-agosto-fue-asesinada-katia-daniela-medina-rafael-defensora-trans-y-dire/1194157839423028/

https://www.jornada.com.mx/2025/08/13/estados/029n2est

https://www.infobae.com/mexico/2025/08/14/katia-medina-rafael-defensora-trans-asesinada-en-jalisco-colectivos-exigen-que-fiscalia-investigue-con-enfoque-en-derechos-humanos/

https://latinus.us/mexico/2025/8/18/onu-dh-pide-investigar-el-asesinato-de-katia-medina-defensora-de-los-derechos-trans-en-jalisco-149779.html

https://www.diariodemexico.com/mi-nacion/exige-onu-dh-investigacion-por-el-asesinato-de-katia-medina-defensora-trans-en-jalisco

https://www.jornada.com.mx/noticia/2025/08/19/politica/onudh-lamenta-asesinato-de-la-defensora-trans-katia-daniela-medina-rafael

https://www.eluniversal.com.mx/estados/onu-dh-mexico-condena-asesinato-de-activista-trans-katia-daniela-medina-rafael-exigen-investigacion-pronta-y-eficaz/

https://www.educaoaxaca.org/asesinan-a-reconocida-activista-trans-katia-daniela-medina-en-jalisco-su-crimen-reflejo-de-una-sociedad-llena-de-prejuicios/

https://elclosetlgbt.com/closetnews/asesinan-a-la-activista-trans-katia-daniela-medina-directora-del-colectivo-trans-zapotlan/

https://oem.com.mx/eloccidental/policiaca/activista-trans-fue-asesinada-la-encontraron-en-una-brecha-con-huellas-de-violencia-asociacion-alzan-la-voz-25176737

https://www.debate.com.mx/guadalajara/Localizan-sin-vida-a-activista-trans-Katia-Daniela-en-Zapotlan-El-Grande-Jalisco-20250811-0223.html

https://oncenoticias.digital/nacional/condenan-asesinato-de-defensora-trans-en-jalisco/506765/

https://www.tribuna.com.mx/seguridad/2025/8/11/tenia-signos-de-violencia-hallan-cadaver-de-activista-trans-en-zapotlan-el-grande-jalisco-410051.html

https://eltiempomx.com/noticia/2025/hallan-muerta-y-con-signos-de-violencia-a-activista-trans-katia-medina-en-jalisco.html

https://www.milenio.com/policia/confirman-feminicidio-trans-en-zapotlan-el-grande

https://www.telediario.mx/policia/mujer-trans-asesinada-zapotlan-jalisco-identificada-como-katia-medina

https://letrafria.com/asesinan-a-activista-trans-en-ciudad-guzman/

https://notigram.com/jalisco-estado/local/localizan-sin-vida-a-activista-trans-katia-daniela-en-zapotlan-el-grande-20250810-1539143

https://www.facebook.com/pajaropolitico/posts/%EF%B8%8F%EF%B8%8F-katia-daniela-medina-rafael-activista-trans-y-directora-del-colectivo-trans-z/1173549301483462/

https://www.youtube.com/watch?v=IS4_BYesUPY","The body of Katia Daniela Medina was found with signs of violence on a dirt road in Zapotlán el Grande, Jalisco (Mexico) on 9 Aug 2025.

Katia was the director of the Zapotlán Trans Collective and a well known human rights defender. #SayHerName #TransLivesMatter #TDoR

",https://tdor.translivesmatter.info/reports/2025/08/09/katia-daniela-medina_zapotlan-el-grande-jalisco-mexico_7ff8c7fc
Moisa Reyes Castillo,51,,2025_08_09_Moisa-Reyes-Castillo.jpg,https://www.laprensa.hn/sucesos/hallan-muerto-miembro-comunidad-lgbt-moises-reyes-colonia-bogran-san-pedro-sula-JI26957781,9-Aug-2025,tgeu/tdor2025/9-Aug-2025/Moisa Reyes Castillo,,Bográn,San Pedro Sula,Cortés,Honduras,15.5327629,-88.0170429,violence,stabbed,"Moisa made her living selling lottery tickets. She died in her apartment after being attacked in the street.

> A member of the Lesbian, Gay, Trans, Bisexual, Intersex, and Queer (LGBTQI+) community was murdered Saturday morning in the Bográn neighborhood, in the northern part of the country.
> 
> The victim was identified as [deadname] Reyes, 51, who made theirliving selling lottery tickets. According to the preliminary report, Reyes was attacked with a knife in a public street. Seriously wounded, they managed to get to his apartment, where they ultimately died.
> 
> The incident has caused alarm among neighbors and family members, who said they pay for security services to ensure their peace of mind, but this attack has highlighted their vulnerability.
> 
> According to the Violence Observatory of the National Autonomous University of Honduras (OV-UNAH), an average of six people die violently every day in the country.
> 
> Police authorities are investigating the motive for the crime and have not ruled out hate crimes.

https://criterio.hn/asesinatos-recientes-de-mujeres-trans-visibilizan-crisis-y-abandono-estatal-frente-a-la-poblacion-lgbtiq/

https://www.latribuna.hn/2025/08/09/asesinan-a-integrante-de-la-comunidad-lgtbiq-en-san-pedro-sula/

https://www.elpais.hn/asesinan-a-integrante-de-la-comunidad-lgtbiq-en-san-pedro-sula/

https://www.laprensa.hn/sucesos/hallan-muerto-miembro-comunidad-lgbt-moises-reyes-colonia-bogran-san-pedro-sula-JI26957781

https://sinfiltrohn-noticias.com/asesinan-a-hombre-miembro-de-la-comunidad-lgbt-en-colonia-bogran-de-san-pedro-sula/

https://sinfiltrohn-noticias.com/asesinan-a-hombre-en-colonia-bogran-de-san-pedro-sula-y-vecinos-cuestionan-seguridad/

https://hch.tv/2025/08/09/miembro-de-la-comunidad-era-la-persona-asesinada-en-colonia-bogran-de-san-pedro-sula/

https://proceso.hn/matan-a-apunadas-a-miembro-de-la-comunidad-lgtbiq-en-sps/

https://tiempo.hn/en-sps-ultiman-a-la-moi-miembro-de-la-comunidad-lgtb/

https://hch.tv/2025/08/09/miembro-de-la-comunidad-era-la-persona-asesinada-en-colonia-bogran-de-san-pedro-sula/

https://www.facebook.com/photo.php?fbid=1196845782476933&id=100064545675819&set=a.606655454829305

https://www.facebook.com/watch/?v=1093661209554892

https://www.instagram.com/p/DNJJWNnPena/

https://www.instagram.com/p/DNI7uaCOfhA/

https://www.tiktok.com/@hch.tv/photo/7536641537376029958

https://x.com/11_Noticias/status/1954210237008805978","Moisa Reyes Castillo died in their apartment after being attacked in the street in San Pedro Sula, Cortés (Honduras) on 9 Aug 2025.

She was 51, and made her living selling lottery tickets. #SayTheirName #TransLivesMatter #TDoR",https://tdor.translivesmatter.info/reports/2025/08/09/moisa-reyes-castillo_san-pedro-sula-cortes-honduras_2dae426e
Kajal,25,,2025_08_10_Kajal.jpg,https://www.bhaskarenglish.in/local/mp/news/kanpur-double-murder-accused-commits-suicide-hangs-himself-in-satna-hotel-suicide-note-found-135655396.html,10-Aug-2025,tgeu/tdor2025/10-Aug-2025/Kajal,,Yogendra Vihar,Kanpur,Uttar Pradesh,India,26.4086018,80.30555,violence,strangled,"Kajal and her 12 year-old adopted brother Deva were murdered by assailants who broke into their home.

A 30 year-old suspect in the double murder subsequently died by suicide.

> Kanpur: Unidentified assailants broke into a house in Yogendra Vihar on Saturday night, committed robbery before strangling a transgender person and a 12-year-old adopted brother.
> 
> The household wardrobe was found open, and jewellery, including gold bangles, was reported missing. The transgender [woman]'s body was discovered inside a divan of the bed, while the boy's body was found on the floor. Police and forensic investigations indicated that the bodies were approximately four days old and had begun to decompose. The victims' mother, Gudiya, accused two young men, who had previously danced with her transgender daughter, Kajal, of committing the murders.
> 
> During the investigation, open bottles of alcohol and food were found in the house. Originally from Dharampur in the Krishnanagar police station area of Mainpuri, Brijesh Dubey's family included his wife Gudiya, elder transgender daughter Kajal, younger daughter Chandni, and adopted son Deva. Gudiya said that Kajal was a transgender person.About a month ago, Kajal moved with her brother Deva to a rented house near the warehouse in Khadepur Yogendra Vihar, owned by Abhimanyu Singh, who lives in Shyam Nagar.
> 
> According to her mother, she tried calling Kajal several times over the past three days, but there was no answer. Fearing something was wrong, Gudiya arrived at Kajal's Yogendra Vihar home from Mainpuri on Saturday night. She had a key to the gate, and when it did not open from inside, she used her key to enter.
> 
> A strong odour greeted her, and she screamed upon finding Deva's body on the floor. Neighbours arrived but retreated due to the strong smell. Upon being informed, DCP (South) Deependra Nath Chaudhary, ADCP Yogesh Kumar, ACP Chitranshu Gautam, the Hanumant Vihar police force, and a forensic team reached the scene. Gudiya informed the police that her daughter Kajal was missing. Upon searching the house, Kajal's body was found inside a divan. The DCP stated that the bodies appeared to be about four days old and had started decomposing. ""Both were strangled.
> 
> The bodies were sent for post-mortem, which will provide more clarity,"" he said. According to family members, Kajal lived in the city for some time, performing dances at weddings and parties, often with other transgender individuals. The house in Yogendra Vihar belonged to Abhimanyu Singh from Shyam Nagar, arranged by Devika, a fellow transgender person living nearby, who also reported the incident.The DCP said that the family accused two men of robbery followed by murder.

https://www.bhaskarenglish.in/local/mp/news/kanpur-double-murder-accused-commits-suicide-hangs-himself-in-satna-hotel-suicide-note-found-135655396.html

https://timesofindia.indiatimes.com/city/kanpur/transgender-12-yr-old-adopted-brother-murdered-after-robbery/articleshow/123221691.cms

https://www.hindustantimes.com/cities/lucknow-news/trans-woman-adopted-son-found-murdered-in-kanpur-house-101754835322954.html

https://www.uniindia.com/news/north/crime-transgender-murder/3540893.html

https://www.tribuneindia.com/news/india/trans-woman-her-12-year-old-foster-brother-found-dead-in-ups-kanpur/

https://www.etvbharat.com/en/!state/double-murder-in-kanpur-body-of-transgender-and-her-brother-found-enn25081000822

https://www.theweek.in/wire-updates/national/2025/08/10/des3-up-trans-woman-brother-dead.html

https://www.ptinews.com/story/national/up:-trans-woman,-her-12-year-old-foster-brother-found-dead-in-kanpur/2808758

https://www.newsdrum.in/national/up-trans-woman-her-12-year-old-foster-brother-found-dead-in-kanpur-9644730","Kajal and her 12 year-old adopted brother Deva were murdered by assailants who broke into their home in Kanpur, Uttar Pradesh (India) on 10 Aug 2025.

She was 25. #SayHerName #TransLivesMatter #TDoR",https://tdor.translivesmatter.info/reports/2025/08/10/kajal_kanpur-uttar-pradesh-india_0340e725
Name Unknown,,,2025_08_10_Name-Unknown.jpg,https://www.facebook.com/permalink.php?story_fbid=pfbid02jJN6VBkpexGTXcoy7u62wc1cm6EkpFwH3EsQTG3wHnRsVYYVKFiS6dEKSgDCZToil&id=100068113328107,10-Aug-2025,tgeu/tdor2025/10-Aug-2025/Name Unknown,,Shaheed Abad,Peshawar,Khyber Pakhtunkhwa,Pakistan,33.96993496,71.51719521,violence,murdered,"The victim was murdered on or before Sunday 10th August. Her identity was not reported and no other information is known.

*[Editor's Note: Only one organisation reported the killing, and details are limited. As such the date given is that of the report].*

> Yet again, a member of the transgender community has been brutally murdered in Shaheed Abad, Peshawar.
>
> Madam Arzoo Khan, Executive Director of Manzil Foundation, stated that “No place in Khyber Pakhtunkhwa feels safe for the transgender community, and the government has utterly failed to take meaningful steps for their protection.

https://www.facebook.com/permalink.php?story_fbid=pfbid02jJN6VBkpexGTXcoy7u62wc1cm6EkpFwH3EsQTG3wHnRsVYYVKFiS6dEKSgDCZToil&id=100068113328107

https://x.com/khanRiyadh/status/1954450280906371216","An unidentified #trans woman was murdered in Peshawar, Khyber Pakhtunkhwa (Pakistan) on or before 10 Aug 2025. #SayHerName #Trans LivesMatter #TDoR",https://tdor.translivesmatter.info/reports/2025/08/10/name-unknown_peshawar-khyber-pakhtunkhwa-pakistan_9e5c08ec
Blair A. Sawyer,27,,2025_08_11_Blair-Sawyer.jpg,https://www.pghlesbian.com/2025/08/27-year-old-trans-cyclist-fatally-hit-by-a-car-driver-leaves-the-scene/,11-Aug-2025,tgeu/tdor2025/11-Aug-2025/Blair A. Sawyer,Chamberlain Court and Chamberlain Lane,,Louisville,Kentucky,USA,38.30348017,-85.55343168,violence,run over,"Blair died in hospital after a hit and run incident while riding her bicycle. Police and the media deadnamed and misgendered her.

> A 27-year-old white trans woman is the latest recorded victim of fatal violence in Louisville, Kentucky. Blair Sawyer was riding her bicycle when she was hit by a moving car, then fell off her bike with fatal injuries.
>
> Police say the impact caused the bicyclist to be knocked off. The driver did not stop, continuing in an unknown direction. The rider was taken to University of Louisville Hospital where they were declared dead. Police have not released more information about the vehicle that struck and killed Blair, according to WDRB except that they are looking for a Ford Taurus.
>
> As per usual, the media and law enforcement information misgenders Blair.
>
> Until the driver is found and the details surrounding the accident (or incident) are clear, we can’t assume that this was unrelated to Blair’s identity. We don’t know. Clearly a crime was committed when the driver drove away and did not stop to render aid. But so much else remains unknown.

https://www.pghlesbian.com/2025/08/27-year-old-trans-cyclist-fatally-hit-by-a-car-driver-leaves-the-scene/

https://www.wave3.com/2025/08/14/bicyclist-killed-hit-and-run-identified/

https://www.msn.com/en-us/news/us/lmpd-man-dies-from-injuries-after-being-struck-in-east-louisville-hit-and-run/ar-AA1KmNlb

https://web.archive.org/web/20250814224813/https://www.wlky.com/article/louisville-man-dies-bicycle-hit-run-chamberlain/65663069

https://www.yahoo.com/news/videos/bicyclist-killed-being-hit-vehicle-101207264.html

https://www.youtube.com/watch?v=v0EXQSfH1q0","Blair A. Sawyer died in hospital after being hit by a vehicle in Louisville Kentucky (USA) on 11 Aug 2025. The driver of the vehicle which hit her failed to stop.

She was 27. #SayHerName #TransLivesMatter #TDoR",https://tdor.translivesmatter.info/reports/2025/08/11/blair-a-sawyer_louisville-kentucky-usa_fe67247d
Rosa Machuca,24,,2025_08_11_Rosa-Machuca.jpg,https://www.kxan.com/news/local/austin/fiancee-of-murdered-transgender-woman-speaks-about-her-loved-ones-life/,11-Aug-2025,tgeu/tdor2025/11-Aug-2025/Rosa Machuca,8601 Research Boulevard,,Austin,Texas,USA,30.36335625,-97.71547446,violence,shot,"Rosa was one of three people killed in a shooting in the parking lot of her workplace, a Target store in Austin. The other victims were an elderly man and a 4 year-old child.

Ethan Neineker, 32, was arrested after the murders.

> The fiancée of a trans woman killed in a triple homicide has criticised a police precinct for deadnaming her.
> 
> Rosa Machuca was found dead in a parking lot in Austin, Texas, after a shooting at a local Target where she reportedly worked. She was just 24.
> 
> Officers responding to the shooting on Monday (11 August) reportedly found Machuca with several gunshot wounds, as well as the body of an elderly man and a four-year-old child, at the Target off Ohlen Road, Austin.
> 
> The following day, the Austin Police Department released names and photos of the deceased, but reportedly used Rosa’s deadname – a term used to refer to a trans person’s name pre-transition.
> 
> Machuca’s fiancée, Kim Dang, told local outlet KXAN she was “very hurt” by seeing her partner’s deadname used by the police. “I knew she never wanted to be recognised as her deadname,” she said. “I never wanted them to be remembered as their deadname. I want them to be remembered for who they really, truly want to be.”
> 
> Dang, who had reportedly been in an 11-year relationship with Machuca since high school, said her partner came out as trans in 2022 and had been using her chosen name for several years. She said Rosa had been reluctant to change her legal name given the anti-trans climate in Texas – one of the most anti-LBGTQ+ states in the US – and was “waiting for the right moment.”
> 
> Police have reportedly arrested a 32-year-old man, Ethan Neineker, in connection with the incident. Investigating officers said on Tuesday afternoon that Neineker has been charged with First-Degree Felony Murder of Rosa, as well as two counts of Capital murder of a 4-year-old girl and her grandfather.

https://www.lgbtqnation.com/2025/08/slain-trans-woman-deadnamed-misgendered-by-police-she-needs-to-be-recognized-for-who-she-was/

https://www.pghlesbian.com/2025/08/trans-latina-rosa-martinez-machuca-24-among-murder-victims-of-target-shooting-in-austin/

https://www.advocate.com/crime/austin-police-misgender-trans-woman-killed-in-target-parking-lot-shooting

https://www.thepinknews.com/2025/08/15/rosa-machuca-trans-woman-austin-police/

https://www.sentidog.com/2025/08/19/mujer-trans-asesinada-de-muerta-y-exagerada-por-la-policia-debe-ser-reconocida-por-quien-era/

https://www.sentidog.com/2025/08/16/rosa-machuca-su-prometida-de-una-mujer-trans-asesinada-golpea-a-la-policia-por-muertos/

https://www.edgemedianetwork.com/Story/156939

https://www.kxan.com/news/local/austin/fiancee-of-murdered-transgender-woman-speaks-about-her-loved-ones-life/

https://www.kxan.com/news/local/austin/map-timeline-of-events-following-austin-target-shooting/

https://www.kxan.com/news/crime/target-shooting-suspect-has-extensive-criminal-history-per-police-records/

https://www.telemundosanantonio.com/video/videos/entrevista-pareja-joven-transgenero-muerta-tiroteo-austin/2447908/

https://www.instagram.com/p/DNWLVw5vXRz/

https://www.instagram.com/reel/DNT1bNaJgWr/

https://www.facebook.com/kens5/posts/a-woman-is-mourning-the-loss-of-her-fianc%C3%A9e-rosa-machuca-who-was-killed-in-a-ran/1155059539986983/

https://www.facebook.com/AustinPolice/posts/pfbid02EHDVXVamRSpyta1tHhX1iQx9YYFGAsBXgX5vp2AWUDGoXrAErY7wMMSDGUDDKwLol

https://x.com/Austin_Police/status/1954995503353172283

https://www.youtube.com/watch?v=1B4XE2UEiyU

https://www.youtube.com/watch?v=06iB22kFLK4

https://www.youtube.com/watch?v=XMW5ERP1rJk","Rosa Machuca was one of three people killed in a shooting in the parking lot of her workplace, a Target store in Austin, Texas (USA) on 11 Aug 2025. The other victims were an elderly man and a 4 year-old child.

She was 24. #SayHerName #TransLivesMatter #TDoR",https://tdor.translivesmatter.info/reports/2025/08/11/rosa-machuca_austin-texas-usa_615a715d
Ma Khin Moe Than,22,,,,12-Aug-2025,,,,Minbya,Rakhine,Myanmar,20.32886123,93.28269709,suicide,suicide,"Ma Khin Moe Than died by suicide along wih Ma Yi Yi San after their families refused to accept their transgender identities.

*[Editor's Note: The victim's gender identities are unclear, as are whether the names reported are social names or deadnames. This page will be updated if more information comes to light.]*

> On the night of August 12, two LGBT (transgender) individuals killed themselves by [suicide method redacted] in Rakhine State's Minbya Township.
> 
> Today, August 14, more than two days after the couple's suicide, their remains were recovered.
> 
> ""Today, their bodies were found. They were discovered in different locations. We were fortunate that they didn't go out to sea,"" an official from the Minbya Social Affairs group told Narinjara News.
> 
> Ma Yi Yi San, 23, is the daughter of U Kyaw Oo Tha of Ying Ye Kan Village, Pauktaw Township, while Ma Khin Moe Than (Tom Boy), 22, is the daughter of U Nga Me Lone of Ukkapyan Ward, Minbya Township.
> 
> A combined search by ULA/AA Law Enforcement and Public Security (DLEPS) troops and village elders led to the discovery of the two bodies on August 14.
> 
> Ma Khin Moe Than's body was discovered at 9:30 am on the riverbanks of the Kyar Pike Kay village, while May Yi Yi San's body was discovered at noon on the river banks of the Thinganet village, an LGBT local in Minbya said.
> 
> ""Their families' refusal to accept them as transgender was the primary cause of their death. I believe it was also due to criticism from their friends and the community around them. We in Rakhine society really need to be a community to accept LGBT (transgender) people. Whether girls are in love with each other or boys are in love with each other, they should not be criticized or offended, and the communities should accept them as they are,"" he said.
> 
> According to LGBTQ campaigners, the number of LGBTQ suicides in Myanmar is increasing year over year because society and families frequently deny the existence of LGBTQ individuals.
> 
> It is also discovered that in Myanmar, prejudice based on sexual orientation is still permitted by law, and that under Section 377 of the Penal Code, people are still being prosecuted.

https://www.narinjara.com/news/detail/689edac8d2ee722fac7a12fc

https://www.facebook.com/narinjaratv/posts/lgbt-couple-commits-suicide-by-jumping-off-minbya-bridge-narinjara-news-august-1/1266632975474214/","Ma Khin Moe Than died by suicide ih Minbya, Rakine (Myanmar) on 12 Aug 2025.

They were 22 and their family had refused to accept their identity. #SayTheirName #TransLifesMatter #TDoR",https://tdor.translivesmatter.info/reports/2025/08/12/ma-khin-moe-than_minbya-rakhine-myanmar_9aea8a55
Ma Yi Yi San,23,,,,12-Aug-2025,,,,Minbya,Rakhine,Myanmar,20.32886123,93.28269709,suicide,suicide,"Ma Yi Yi San died by suicide along wih Ma Khin Moe Than after their families refused to accept their transgender identities.

*[Editor's Note: The victim's gender identities are unclear, as are whether the names reported are social names or deadnames. This page will be updated if more information comes to light.]*

> On the night of August 12, two LGBT (transgender) individuals killed themselves by [suicide method redacted] in Rakhine State's Minbya Township.
> 
> Today, August 14, more than two days after the couple's suicide, their remains were recovered.
> 
> ""Today, their bodies were found. They were discovered in different locations. We were fortunate that they didn't go out to sea,"" an official from the Minbya Social Affairs group told Narinjara News.
> 
> Ma Yi Yi San, 23, is the daughter of U Kyaw Oo Tha of Ying Ye Kan Village, Pauktaw Township, while Ma Khin Moe Than (Tom Boy), 22, is the daughter of U Nga Me Lone of Ukkapyan Ward, Minbya Township.
> 
> A combined search by ULA/AA Law Enforcement and Public Security (DLEPS) troops and village elders led to the discovery of the two bodies on August 14.
> 
> Ma Khin Moe Than's body was discovered at 9:30 am on the riverbanks of the Kyar Pike Kay village, while May Yi Yi San's body was discovered at noon on the river banks of the Thinganet village, an LGBT local in Minbya said.
> 
> ""Their families' refusal to accept them as transgender was the primary cause of their death. I believe it was also due to criticism from their friends and the community around them. We in Rakhine society really need to be a community to accept LGBT (transgender) people. Whether girls are in love with each other or boys are in love with each other, they should not be criticized or offended, and the communities should accept them as they are,"" he said.
> 
> According to LGBTQ campaigners, the number of LGBTQ suicides in Myanmar is increasing year over year because society and families frequently deny the existence of LGBTQ individuals.
> 
> It is also discovered that in Myanmar, prejudice based on sexual orientation is still permitted by law, and that under Section 377 of the Penal Code, people are still being prosecuted.

https://www.narinjara.com/news/detail/689edac8d2ee722fac7a12fc

https://www.facebook.com/narinjaratv/posts/lgbt-couple-commits-suicide-by-jumping-off-minbya-bridge-narinjara-news-august-1/1266632975474214/","Ma Yi Yi San died by suicide ih Minbya, Rakine (Myanmar) on 12 Aug 2025.

They were 23 and their family had refused to accept their identity. #SayTheirName #TransLifesMatter #TDoR",https://tdor.translivesmatter.info/reports/2025/08/12/ma-yi-yi-san_minbya-rakhine-myanmar_a7446bdb
Gouri,,,2025_08_13_Gouri.jpg,https://www.facebook.com/permalink.php?story_fbid=pfbid032ScXYGs2Xf1ztk2Z3YR9HZHRSx4LVc9sFGbXTY7WkpjJVuaYKU3g5b4x2JDp9XJnl&id=100068113328107,13-Aug-2025,tgeu/tdor2025/13-Aug-2025/Gouri,,Shama Chowk Plaza,Nowshera,Khyber Pakhtunkhwa,Pakistan,34.0008117,71.9409502,violence,shot,"Gouri was shot in her home.

> While we were celebrating Independence Day, we received heartbreaking news and mourn for our community.
> 
> A transgender persons from Sindh sakhar, Gouri, was shot yesterday and murdered in her own room at Nowshera Shama Chowk Plaza.
> 
> Manzil Foundation’s Executive Director, Madam Arzoo Khan, strongly condemns this brutal killing, stating: Inhumane behavior towards the transgender community continues in Khyber Pakhtunkhwa and across Pakistan. In 2025 alone, eight transgender persons have been brutally murdered. Transgender community is not safe anywhere, not at Functions, not outside, and not even in the privacy of their own Dheras/houses.
> 
> We urge the Khyber Pakhtunkhwa government to immediately lodge an FIR and take serious, urgent measures to stop the systematic violence against the transgender community.

https://www.facebook.com/permalink.php?story_fbid=pfbid032ScXYGs2Xf1ztk2Z3YR9HZHRSx4LVc9sFGbXTY7WkpjJVuaYKU3g5b4x2JDp9XJnl&id=100068113328107","Gouri was shot in her home in Nowshera, Khyber Pakhtunkhwa (Pakistan) on 13 Aug 2025. #SayHerName #Trans LivesMatter #TDoR",https://tdor.translivesmatter.info/reports/2025/08/13/gouri_nowshera-khyber-pakhtunkhwa-pakistan_5eb2e9db
Name Unknown,,,2025_08_13_Name-Unknown.jpg,https://diariocambio22.mx/mujer-transgenero-fue-hallada-sin-vida-en-domicilio-de-puerto-aventuras-presuntamente-sea-un-caso-de-suicidio/,13-Aug-2025,,Avenida Calzada del Sol and calle Camarón,Puerto Maya,Puerto Aventuras,Quintana Roo,Mexico,20.51187592,-87.22890983,suicide,possible suicide,"The victim's body was found in her home in circumstances suggesting that her death may have been either a suicide or a staged killing. Her identity has not been reported.

> Puerto Aventuras, Q.R. — Police are investigating the discovery of a body inside a Puerto Aventuras home. The body, believed to have been that of the occupant, was found by police early Wednesday.
> 
> Local reports indicate that a transgender woman was found dead inside the home after neighbors reported not having seen her for more than three days. Police were called by neighbors to check in on the woman who lived in the home.
> 
> When the Secretariat of Citizen Security (SSC) police arrived, they saw a person seated in a chair with a [suicide method redacted]. Neighbors told police the last time they saw her, which had been three days earlier, she was visited by someone.
> 
> That visit has been incorporated into the investigation into the transgender woman’s death. Police have not said if they are investigating a possible staged murder or a suicide.

https://diariocambio22.mx/mujer-transgenero-fue-hallada-sin-vida-en-domicilio-de-puerto-aventuras-presuntamente-sea-un-caso-de-suicidio/

https://www.salrevista.com/2025/08/cuerpo-de-investigacion-policial-encontrado-dentro-de-la-casa-de-puerto-aventuras/

https://quintafuerza.mx/quintana-roo/playa-del-carmen/encuentran-sin-vida-a-una-mujer-transgenero-en-puerto-aventuras-se-habria-ahorcado/

https://noticaribe.com.mx/2025/08/13/hallan-ahorcada-a-una-mujer-transgenero-en-la-alcaldia-de-puerto-aventuras/

https://www.desdeelbalcon.com/balcon/hallan-sin-vida-a-mujer-trans/

https://x.com/QuintaFuerzaMX/status/1955839547939410000","The body of an unidentified #trans woman was found in her home in Puerto Aventuras, Quintana Roo (Mexico) in 13 Aug 2025.

The circumstances suggestthat her death may have been either a suicide or a staged killing. #SayHerName #TransLivesMatter #TDoR",https://tdor.translivesmatter.info/reports/2025/08/13/name-unknown_puerto-aventuras-quintana-roo-mexico_0c1b1e40
Name Unknown,,,,,13-Aug-2025,tgeu/tdor2025/13-Aug-2025/Name Unknown,,Sandoval Sorto,San Pedro Sula,Cortés,Honduras,15.48078829,-87.98948947,violence,murdered,"The victim was shot. Her name and the circumstances of her murder were not reported.

> Tegucigalpa, Honduras – The wave of violence against the LGBTIQ+ population gained momentum again this August in Honduras, with at least three murders of trans women in the northern and western parts of the country in a period of less than 15 days.
> 
> The cases include the murder of [Moisa Castillo](https://tdor.translivesmatter.info/reports/2025/08/09/moisa-reyes-castillo_san-pedro-sula-cortes-honduras_2dae426e), which occurred on August 8 in the Boquerón neighborhood of San Pedro Sula; the murder of a [trans woman] on August 13 in the Sandoval Sorto neighborhood; and the violent death of [Michelle Tróchez](https://tdor.translivesmatter.info/reports/2025/08/24/michelle-trochez_la-cuchilla-santa-barbara-honduras_4126af5a), 24, which occurred on August 24 in the village of La Cuchilla, in the Santa Bárbara department.
> 
> “It is quite worrying because these patterns of violence have been repeated and what we are seeing is that hate speech, even promoted by local and central governments, fuels this dangerous climate for the LGBTIQ+ community,” said Alondra Miranda , advisor and human rights promoter of the Kukulkán Association and member of the Pink Unity Collective in an interview with  Criterio.hn.

https://criterio.hn/asesinatos-recientes-de-mujeres-trans-visibilizan-crisis-y-abandono-estatal-frente-a-la-poblacion-lgbtiq/","An unidentified #trans woman was shot in San Pedro Sula, Cortés (Honduras) on 13 Aug 2025. #SayTheirName #TransLivesMatter #TDoR",https://tdor.translivesmatter.info/reports/2025/08/13/name-unknown_san-pedro-sula-cortes-honduras_1921103e
Jericho Elliorate,25,,2025_08_14_Jericho-Elliorate.jpg,https://butuan.bomboradyo.com/miss-gay-2025-winner-patay-human-giluba-sa-13-ka-higayon/,14-Aug-2025,tgeu/tdor2025/14-Aug-2025/Jericho Elliorate,,,Lipa,Batangas,Philippines,13.94599,121.0130368,violence,stabbed,"Jericho died after being stabbed multiple times by a person she met at a party. Her killer then stole her wallet.

> A member of the LGBTQ community was killed after being stabbed 13 times in Lipa City, Batangas.
>
> According to Nico Waje's report on ""Saksi,"" in June 25-year-old Jericho Elliorate had won the Miss Gay title in Barangay Sampat, Tanauan.
>
> She was killed after midnight on Saturday after a get-together with friends who were also deaf.
>
> Investigation showed that she met the suspect,  who invited her to go somewhere else, during the party.
>
> CCTV footage showed Jericho and the suspect alighting from a tricycle.
>
> The video didn't capture the actual stabbing, but it caught the suspect leaving and returning to the crime scene to take the victim's wallet.
>
> CCTV footage led to the arrest of the suspect, who would not give any comment.

https://www.msn.com/en-ph/news/national/miss-gay-winner-stabbed-13-times-in-lipa/ar-AA1KoqpU

https://remate.ph/nanalong-miss-gay-pinagsasaksak-sa-lipa/

https://bandera.inquirer.net/424401/miss-gay-2025-winner-na-pwd-patay-13-beses-sinaksak-ng-suspek","Jericho Elliorate died after being stabbed multiple times by a person she met at a party in Lipa, Batangas (Philippines) on 14 Aug 2025.

She was 25. #SayHerName #TransLivesMatter #TDoR",https://tdor.translivesmatter.info/reports/2025/08/14/jericho-elliorate_lipa-batangas-philippines_2a6be6a4
Ravena,20,,2025_08_14_Ravena.jpg,https://www.youtube.com/watch?v=FgQioHgGzEs,14-Aug-2025,tgeu/tdor2025/14-Aug-2025/Ravena,,,Franco da Rocha,São Paulo,Brazil,-23.3153394,-46.7855721,violence,murdered,"Ravena was killed in the street after leavng a family party in the early hours of the morning. Family members suspect that her murder was related to transphobia.

A suspect named Júlio Amin Dias Pereira has been arrested.

> Police are investigating the murder of Ravena, a 20-year-old trans woman, in Franco da Rocha, São Paulo. She was last seen at a gas station in the early hours of the morning, alongside Júlio Amin Dias Pereira, the prime suspect. According to family members, the crime may be linked to transphobia. The married man turned himself in to the police, and his car will undergo forensic examination.

https://www.youtube.com/watch?v=FgQioHgGzEs

https://www.facebook.com/watch/?v=796736036358459

https://www.instagram.com/reel/DNSt-1fsvCr/","Ravena was killed in the street after leavng a family party in Franco da Rocha, São Paulo (Brazil) in the early hours of 14 Aug 2025.

She was 20. #SayHerName #TransLifesMatter #TDoR
",https://tdor.translivesmatter.info/reports/2025/08/14/ravena_franco-da-rocha-sao-paulo-brazil_6ba60e00
"Mónica Hernández (""Moni"")",31,,2025_08_15_Monica-Hernandez.jpg,https://zonafranca.mx/politica-sociedad/ddhh/cuerpo-de-mujer-trans-asesonada-sin-poder-entregarse-por-falta-de-documento-oficiales/,15-Aug-2025,"tgeu/tdor2025/15-Aug-2025/Mónica Hernández (""Moni"")",Calle Vista Grulla and Blvd. Vista Alta,Vista Esmeralda II,León,Guanajuato,Mexico,21.15790723,-101.7515717,violence,shot,"Mónica was killed inside a home. After her murder the authorities refused to release her body because she did not have any documents.

> León, Gto . Early Friday morning, a trans woman was shot and killed inside a home in the Vista Esmeralda II neighborhood.
> 
> The incident was reported at 1:27 a.m. on the corner of callesVista Grulla and Vista Alta. Police and paramedics confirmed the death upon arrival.
> 
> The victim was wearing blue jeans and black and white tennis shoes.
> 
> The name of the deceased is yet to be confirmed following investigations conducted by the Deceased Persons Identification Unit .
> 
> Inside the home, several packages containing substances such as crystal meth, cocaine, and psychotropic pills were found, which were seized by authorities.
> 
> So far there are no arrests.

<blockquote class=""instagram-media"" data-instgrm-captioned data-instgrm-permalink=""https://www.instagram.com/p/DOCHiR2kj_u/?utm_source=ig_embed&amp;utm_campaign=loading"" data-instgrm-version=""14"" style="" background:#FFF; border:0; border-radius:3px; box-shadow:0 0 1px 0 rgba(0,0,0,0.5),0 1px 10px 0 rgba(0,0,0,0.15); margin: 1px; max-width:540px; min-width:326px; padding:0; width:99.375%; width:-webkit-calc(100% - 2px); width:calc(100% - 2px);""><div style=""padding:16px;""> <a href=""https://www.instagram.com/p/DOCHiR2kj_u/?utm_source=ig_embed&amp;utm_campaign=loading"" style="" background:#FFFFFF; line-height:0; padding:0 0; text-align:center; text-decoration:none; width:100%;"" target=""_blank""> <div style="" display: flex; flex-direction: row; align-items: center;""> <div style=""background-color: #F4F4F4; border-radius: 50%; flex-grow: 0; height: 40px; margin-right: 14px; width: 40px;""></div> <div style=""display: flex; flex-direction: column; flex-grow: 1; justify-content: center;""> <div style="" background-color: #F4F4F4; border-radius: 4px; flex-grow: 0; height: 14px; margin-bottom: 6px; width: 100px;""></div> <div style="" background-color: #F4F4F4; border-radius: 4px; flex-grow: 0; height: 14px; width: 60px;""></div></div></div><div style=""padding: 19% 0;""></div> <div style=""display:block; height:50px; margin:0 auto 12px; width:50px;""><svg width=""50px"" height=""50px"" viewBox=""0 0 60 60"" version=""1.1"" xmlns=""https://www.w3.org/2000/svg"" xmlns:xlink=""https://www.w3.org/1999/xlink""><g stroke=""none"" stroke-width=""1"" fill=""none"" fill-rule=""evenodd""><g transform=""translate(-511.000000, -20.000000)"" fill=""#000000""><g><path d=""M556.869,30.41 C554.814,30.41 553.148,32.076 553.148,34.131 C553.148,36.186 554.814,37.852 556.869,37.852 C558.924,37.852 560.59,36.186 560.59,34.131 C560.59,32.076 558.924,30.41 556.869,30.41 M541,60.657 C535.114,60.657 530.342,55.887 530.342,50 C530.342,44.114 535.114,39.342 541,39.342 C546.887,39.342 551.658,44.114 551.658,50 C551.658,55.887 546.887,60.657 541,60.657 M541,33.886 C532.1,33.886 524.886,41.1 524.886,50 C524.886,58.899 532.1,66.113 541,66.113 C549.9,66.113 557.115,58.899 557.115,50 C557.115,41.1 549.9,33.886 541,33.886 M565.378,62.101 C565.244,65.022 564.756,66.606 564.346,67.663 C563.803,69.06 563.154,70.057 562.106,71.106 C561.058,72.155 560.06,72.803 558.662,73.347 C557.607,73.757 556.021,74.244 553.102,74.378 C549.944,74.521 548.997,74.552 541,74.552 C533.003,74.552 532.056,74.521 528.898,74.378 C525.979,74.244 524.393,73.757 523.338,73.347 C521.94,72.803 520.942,72.155 519.894,71.106 C518.846,70.057 518.197,69.06 517.654,67.663 C517.244,66.606 516.755,65.022 516.623,62.101 C516.479,58.943 516.448,57.996 516.448,50 C516.448,42.003 516.479,41.056 516.623,37.899 C516.755,34.978 517.244,33.391 517.654,32.338 C518.197,30.938 518.846,29.942 519.894,28.894 C520.942,27.846 521.94,27.196 523.338,26.654 C524.393,26.244 525.979,25.756 528.898,25.623 C532.057,25.479 533.004,25.448 541,25.448 C548.997,25.448 549.943,25.479 553.102,25.623 C556.021,25.756 557.607,26.244 558.662,26.654 C560.06,27.196 561.058,27.846 562.106,28.894 C563.154,29.942 563.803,30.938 564.346,32.338 C564.756,33.391 565.244,34.978 565.378,37.899 C565.522,41.056 565.552,42.003 565.552,50 C565.552,57.996 565.522,58.943 565.378,62.101 M570.82,37.631 C570.674,34.438 570.167,32.258 569.425,30.349 C568.659,28.377 567.633,26.702 565.965,25.035 C564.297,23.368 562.623,22.342 560.652,21.575 C558.743,20.834 556.562,20.326 553.369,20.18 C550.169,20.033 549.148,20 541,20 C532.853,20 531.831,20.033 528.631,20.18 C525.438,20.326 523.257,20.834 521.349,21.575 C519.376,22.342 517.703,23.368 516.035,25.035 C514.368,26.702 513.342,28.377 512.574,30.349 C511.834,32.258 511.326,34.438 511.181,37.631 C511.035,40.831 511,41.851 511,50 C511,58.147 511.035,59.17 511.181,62.369 C511.326,65.562 511.834,67.743 512.574,69.651 C513.342,71.625 514.368,73.296 516.035,74.965 C517.703,76.634 519.376,77.658 521.349,78.425 C523.257,79.167 525.438,79.673 528.631,79.82 C531.831,79.965 532.853,80.001 541,80.001 C549.148,80.001 550.169,79.965 553.369,79.82 C556.562,79.673 558.743,79.167 560.652,78.425 C562.623,77.658 564.297,76.634 565.965,74.965 C567.633,73.296 568.659,71.625 569.425,69.651 C570.167,67.743 570.674,65.562 570.82,62.369 C570.966,59.17 571,58.147 571,50 C571,41.851 570.966,40.831 570.82,37.631""></path></g></g></g></svg></div><div style=""padding-top: 8px;""> <div style="" color:#3897f0; font-family:Arial,sans-serif; font-size:14px; font-style:normal; font-weight:550; line-height:18px;"">View this post on Instagram</div></div><div style=""padding: 12.5% 0;""></div> <div style=""display: flex; flex-direction: row; margin-bottom: 14px; align-items: center;""><div> <div style=""background-color: #F4F4F4; border-radius: 50%; height: 12.5px; width: 12.5px; transform: translateX(0px) translateY(7px);""></div> <div style=""background-color: #F4F4F4; height: 12.5px; transform: rotate(-45deg) translateX(3px) translateY(1px); width: 12.5px; flex-grow: 0; margin-right: 14px; margin-left: 2px;""></div> <div style=""background-color: #F4F4F4; border-radius: 50%; height: 12.5px; width: 12.5px; transform: translateX(9px) translateY(-18px);""></div></div><div style=""margin-left: 8px;""> <div style="" background-color: #F4F4F4; border-radius: 50%; flex-grow: 0; height: 20px; width: 20px;""></div> <div style="" width: 0; height: 0; border-top: 2px solid transparent; border-left: 6px solid #f4f4f4; border-bottom: 2px solid transparent; transform: translateX(16px) translateY(-4px) rotate(30deg)""></div></div><div style=""margin-left: auto;""> <div style="" width: 0px; border-top: 8px solid #F4F4F4; border-right: 8px solid transparent; transform: translateY(16px);""></div> <div style="" background-color: #F4F4F4; flex-grow: 0; height: 12px; width: 16px; transform: translateY(-4px);""></div> <div style="" width: 0; height: 0; border-top: 8px solid #F4F4F4; border-left: 8px solid transparent; transform: translateY(-4px) translateX(8px);""></div></div></div> <div style=""display: flex; flex-direction: column; flex-grow: 1; justify-content: center; margin-bottom: 24px;""> <div style="" background-color: #F4F4F4; border-radius: 4px; flex-grow: 0; height: 14px; margin-bottom: 6px; width: 224px;""></div> <div style="" background-color: #F4F4F4; border-radius: 4px; flex-grow: 0; height: 14px; width: 144px;""></div></div></a><p style="" color:#c9c8cd; font-family:Arial,sans-serif; font-size:14px; line-height:17px; margin-bottom:0; margin-top:8px; overflow:hidden; padding:8px 0 7px; text-align:center; text-overflow:ellipsis; white-space:nowrap;""><a href=""https://www.instagram.com/p/DOCHiR2kj_u/?utm_source=ig_embed&amp;utm_campaign=loading"" style="" color:#c9c8cd; font-family:Arial,sans-serif; font-size:14px; font-style:normal; font-weight:normal; line-height:17px; text-decoration:none;"" target=""_blank"">A post shared by Transcontingenta (@transcontingenta)</a></p></div></blockquote>
<script async src=""//www.instagram.com/embed.js""></script>

> León, Guanajuato .- Last Friday (August 15), Monica, a trans woman was murdered in the Vista Esmeralda neighborhood, to this day her body is still in the Guanajuato Prosecutor's Office because she was never registered as a civil partner. 
>
> Acquaintances of Mónica Hernández, 31 years old, have claimed her body, but it has not been able to be delivered because they do not have a legal personality that identifies her as a person, since it seems she was never registered as a civil servant, explained Ricardo Gallardo, representative of the Ofarrel Family AC.
>
> “Mónica was originally from Mexico City. The people who approached us are friends from here in León who told us that when she was a child in Mexico City, she was abandoned by her biological family and adopted by another family, but voluntarily, not legally, so she never had a registration, birth certificate, or document that gave her legal personality,” he explained.

<blockquote class=""instagram-media"" data-instgrm-captioned data-instgrm-permalink=""https://www.instagram.com/reel/DOb3n04kuIH/?utm_source=ig_embed&amp;utm_campaign=loading"" data-instgrm-version=""14"" style="" background:#FFF; border:0; border-radius:3px; box-shadow:0 0 1px 0 rgba(0,0,0,0.5),0 1px 10px 0 rgba(0,0,0,0.15); margin: 1px; max-width:540px; min-width:326px; padding:0; width:99.375%; width:-webkit-calc(100% - 2px); width:calc(100% - 2px);""><div style=""padding:16px;""> <a href=""https://www.instagram.com/reel/DOb3n04kuIH/?utm_source=ig_embed&amp;utm_campaign=loading"" style="" background:#FFFFFF; line-height:0; padding:0 0; text-align:center; text-decoration:none; width:100%;"" target=""_blank""> <div style="" display: flex; flex-direction: row; align-items: center;""> <div style=""background-color: #F4F4F4; border-radius: 50%; flex-grow: 0; height: 40px; margin-right: 14px; width: 40px;""></div> <div style=""display: flex; flex-direction: column; flex-grow: 1; justify-content: center;""> <div style="" background-color: #F4F4F4; border-radius: 4px; flex-grow: 0; height: 14px; margin-bottom: 6px; width: 100px;""></div> <div style="" background-color: #F4F4F4; border-radius: 4px; flex-grow: 0; height: 14px; width: 60px;""></div></div></div><div style=""padding: 19% 0;""></div> <div style=""display:block; height:50px; margin:0 auto 12px; width:50px;""><svg width=""50px"" height=""50px"" viewBox=""0 0 60 60"" version=""1.1"" xmlns=""https://www.w3.org/2000/svg"" xmlns:xlink=""https://www.w3.org/1999/xlink""><g stroke=""none"" stroke-width=""1"" fill=""none"" fill-rule=""evenodd""><g transform=""translate(-511.000000, -20.000000)"" fill=""#000000""><g><path d=""M556.869,30.41 C554.814,30.41 553.148,32.076 553.148,34.131 C553.148,36.186 554.814,37.852 556.869,37.852 C558.924,37.852 560.59,36.186 560.59,34.131 C560.59,32.076 558.924,30.41 556.869,30.41 M541,60.657 C535.114,60.657 530.342,55.887 530.342,50 C530.342,44.114 535.114,39.342 541,39.342 C546.887,39.342 551.658,44.114 551.658,50 C551.658,55.887 546.887,60.657 541,60.657 M541,33.886 C532.1,33.886 524.886,41.1 524.886,50 C524.886,58.899 532.1,66.113 541,66.113 C549.9,66.113 557.115,58.899 557.115,50 C557.115,41.1 549.9,33.886 541,33.886 M565.378,62.101 C565.244,65.022 564.756,66.606 564.346,67.663 C563.803,69.06 563.154,70.057 562.106,71.106 C561.058,72.155 560.06,72.803 558.662,73.347 C557.607,73.757 556.021,74.244 553.102,74.378 C549.944,74.521 548.997,74.552 541,74.552 C533.003,74.552 532.056,74.521 528.898,74.378 C525.979,74.244 524.393,73.757 523.338,73.347 C521.94,72.803 520.942,72.155 519.894,71.106 C518.846,70.057 518.197,69.06 517.654,67.663 C517.244,66.606 516.755,65.022 516.623,62.101 C516.479,58.943 516.448,57.996 516.448,50 C516.448,42.003 516.479,41.056 516.623,37.899 C516.755,34.978 517.244,33.391 517.654,32.338 C518.197,30.938 518.846,29.942 519.894,28.894 C520.942,27.846 521.94,27.196 523.338,26.654 C524.393,26.244 525.979,25.756 528.898,25.623 C532.057,25.479 533.004,25.448 541,25.448 C548.997,25.448 549.943,25.479 553.102,25.623 C556.021,25.756 557.607,26.244 558.662,26.654 C560.06,27.196 561.058,27.846 562.106,28.894 C563.154,29.942 563.803,30.938 564.346,32.338 C564.756,33.391 565.244,34.978 565.378,37.899 C565.522,41.056 565.552,42.003 565.552,50 C565.552,57.996 565.522,58.943 565.378,62.101 M570.82,37.631 C570.674,34.438 570.167,32.258 569.425,30.349 C568.659,28.377 567.633,26.702 565.965,25.035 C564.297,23.368 562.623,22.342 560.652,21.575 C558.743,20.834 556.562,20.326 553.369,20.18 C550.169,20.033 549.148,20 541,20 C532.853,20 531.831,20.033 528.631,20.18 C525.438,20.326 523.257,20.834 521.349,21.575 C519.376,22.342 517.703,23.368 516.035,25.035 C514.368,26.702 513.342,28.377 512.574,30.349 C511.834,32.258 511.326,34.438 511.181,37.631 C511.035,40.831 511,41.851 511,50 C511,58.147 511.035,59.17 511.181,62.369 C511.326,65.562 511.834,67.743 512.574,69.651 C513.342,71.625 514.368,73.296 516.035,74.965 C517.703,76.634 519.376,77.658 521.349,78.425 C523.257,79.167 525.438,79.673 528.631,79.82 C531.831,79.965 532.853,80.001 541,80.001 C549.148,80.001 550.169,79.965 553.369,79.82 C556.562,79.673 558.743,79.167 560.652,78.425 C562.623,77.658 564.297,76.634 565.965,74.965 C567.633,73.296 568.659,71.625 569.425,69.651 C570.167,67.743 570.674,65.562 570.82,62.369 C570.966,59.17 571,58.147 571,50 C571,41.851 570.966,40.831 570.82,37.631""></path></g></g></g></svg></div><div style=""padding-top: 8px;""> <div style="" color:#3897f0; font-family:Arial,sans-serif; font-size:14px; font-style:normal; font-weight:550; line-height:18px;"">View this post on Instagram</div></div><div style=""padding: 12.5% 0;""></div> <div style=""display: flex; flex-direction: row; margin-bottom: 14px; align-items: center;""><div> <div style=""background-color: #F4F4F4; border-radius: 50%; height: 12.5px; width: 12.5px; transform: translateX(0px) translateY(7px);""></div> <div style=""background-color: #F4F4F4; height: 12.5px; transform: rotate(-45deg) translateX(3px) translateY(1px); width: 12.5px; flex-grow: 0; margin-right: 14px; margin-left: 2px;""></div> <div style=""background-color: #F4F4F4; border-radius: 50%; height: 12.5px; width: 12.5px; transform: translateX(9px) translateY(-18px);""></div></div><div style=""margin-left: 8px;""> <div style="" background-color: #F4F4F4; border-radius: 50%; flex-grow: 0; height: 20px; width: 20px;""></div> <div style="" width: 0; height: 0; border-top: 2px solid transparent; border-left: 6px solid #f4f4f4; border-bottom: 2px solid transparent; transform: translateX(16px) translateY(-4px) rotate(30deg)""></div></div><div style=""margin-left: auto;""> <div style="" width: 0px; border-top: 8px solid #F4F4F4; border-right: 8px solid transparent; transform: translateY(16px);""></div> <div style="" background-color: #F4F4F4; flex-grow: 0; height: 12px; width: 16px; transform: translateY(-4px);""></div> <div style="" width: 0; height: 0; border-top: 8px solid #F4F4F4; border-left: 8px solid transparent; transform: translateY(-4px) translateX(8px);""></div></div></div> <div style=""display: flex; flex-direction: column; flex-grow: 1; justify-content: center; margin-bottom: 24px;""> <div style="" background-color: #F4F4F4; border-radius: 4px; flex-grow: 0; height: 14px; margin-bottom: 6px; width: 224px;""></div> <div style="" background-color: #F4F4F4; border-radius: 4px; flex-grow: 0; height: 14px; width: 144px;""></div></div></a><p style="" color:#c9c8cd; font-family:Arial,sans-serif; font-size:14px; line-height:17px; margin-bottom:0; margin-top:8px; overflow:hidden; padding:8px 0 7px; text-align:center; text-overflow:ellipsis; white-owrap;""><a href=""https://www.instagram.com/reel/DOb3n04kuIH/?utm_source=ig_embed&amp;utm_campaign=loading"" style="" color:#c9c8cd; font-family:Arial,sans-serif; font-size:14px; font-style:normal; font-weight:normal; line-height:17px; text-decoration:none;"" target=""_blank"">A post shared by PRIDE León (@prideleonofarrell)</a></p></div></blockquote>
<script async src=""//www.instagram.com/embed.js""></script>

Mónica was finally buried on Thursday 11th September, and because of the efforts of her community and chosen family her tombstone has her chosen name on it.

https://kuali.com.mx/web/2025/09/11/logran-sepultar-a-mujer-trans-asesinada-en-leon/

https://www.heraldoleon.mx/exigen-activistas-lgbtq-esclarecer-asesinato-de-mujer-trans-en-leon/

https://platino.news/monica-fue-asesinada-fiscalia-no-ha-entregado-su-cuerpo-por-falta-de-identidad/

https://kuali.com.mx/web/2025/08/23/exigen-justicia-por-asesinato-de-mujer-trans/

https://noticierosenlinea.com/guanajuato/2025/aug/22/monica-mujer-trans-asesinada-en-leon-no-puede-ser-sepultada-por-no-tener-registro-civil-47693.html

https://zonafranca.mx/politica-sociedad/ddhh/cuerpo-de-mujer-trans-asesonada-sin-poder-entregarse-por-falta-de-documento-oficiales/

https://lasillarota.com/guanajuato/local/2025/8/22/cuerpo-de-monica-mujer-trans-que-fue-asesinada-en-leon-no-ha-podido-ser-velado-sigue-en-la-fiscalia-551826.html

https://zonafranca.mx/politica-sociedad/ddhh/cuerpo-de-mujer-trans-asesonada-sin-poder-entregarse-por-falta-de-documento-oficiales/

https://anodis.com/asesinan-a-mujer-trans-dentro-de-una-vivienda-en-leon-autoridades-investigan-el-caso/

https://periodicocorreo.com.mx/seguridad/2025/aug/15/leon-tras-ataque-armado-hallan-sin-vida-a-mujer-trans-en-colonia-vista-esmeralda-135534.html

https://zonafranca.mx/seguridad/asesinan-a-mujer-trans-dentro-de-vivienda-en-vista-esmeralda-ii-en-leon/

https://www.instagram.com/p/DOb3n04kuIH

https://www.instagram.com/p/DOCHiR2kj_u




","Mónica Hernández was killed inside a residence in León, Guanajuato (Mexico) on 15 Aug 2025.

She was 31. #SayHerName #TransLivesMatter #TDoR

",https://tdor.translivesmatter.info/reports/2025/08/15/monica-hernandez-moni_leon-guanajuato-mexico_11a6e03e
Joselinne Páez,,,2025_08_16_Joselinne-Paez.jpg,https://www.zonadocs.mx/2025/08/18/transfeminicidio-en-tepatitlan-joselinne-paez-muere-tras-brutal-ataque-activistas-exigen-justicia/,16-Aug-2025,tgeu/tdor2025/16-Aug-2025/Joselinne Páez,,Cerrito de La Cruz,Tepatitlán de Morelos,Jalisco,Mexico,20.8243286,-102.7634714,violence,beaten,"Joselinne died in hospital six days after being beaten in the street on Sunday 10th August. The identity of her attacker - or attackers - is not known.

> GUADALAJARA Jal., (apro) LGBT+ groups such as Colectiva Disidente LGBTepa + and Unión Diversa de Jalisco spoke out strongly following the death of Joselinne Páez, a trans woman who was the victim of a brutal beating in Tepatitlán, Morelos. Páez, who was beaten on August 10 and taken to a hospital in Zapopan, succumbed to her injuries on August 16. 
> 
> According to the police report, Páez was found on August 10 on calle 16 de Septiembre, behind Cerrito de La Cruz in Tepatitlán de Morelos, “with injuries apparently caused by blows to various parts of her body.” 
> 
> Her murder follows the recent homicide of [Katia Daniela Medina Rafael](https://tdor.translivesmatter.info/reports/2025/08/09/katia-daniela-medina_zapotlan-el-grande-jalisco-mexico_7ff8c7fc) in Zapotlán el Grande, bringing the number of trans women murdered in Jalisco in August to two. 
> 
> Fascinación Jiménez, a representative of the Diverse Union of Jalisco, also demanded that hate speech be penalized at the federal and state levels. 
> 
> ""Today we are sharing the unfortunate news of the transfemicide of Joselinne Páez in Tepatitlán, Morelos. This comes one week after the murder of Katia in the municipality of Zapotlán el Grande, also in Jalisco. We at Unión Diversa de Jalisco believe that these are not isolated cases.  
> 
> ""This is the consequence of hate speech and the wave of hate speech that has emerged worldwide from anti-rights groups in the United Kingdom, the United States, Argentina, and even Mexico. These speeches, like those of Lili Tellez and Eduardo Berastegui, translate into violence. From here, what we are demanding is that the investigation be conducted with a gender and sexual diversity perspective, that prosecutors' offices be trained in this same regard, and that they use the federal protocols that already exist""'.

![](2025_08_16_Joselinne-Paez_justicia.jpg)

https://gamavision.com/noticias/exigen-dar-con-el-asesino-de-joseline-paez

https://agenciapresentes.org/2025/09/02/mexico-en-un-mes-hubo-siete-transfeminicidios/

https://www.zonadocs.mx/2025/08/18/transfeminicidio-en-tepatitlan-joselinne-paez-muere-tras-brutal-ataque-activistas-exigen-justicia/

https://heraldodemexico.com.mx/nacional/2025/8/20/exigen-justicia-para-joseline-paez-mujer-trans-asesinada-golpes-en-calles-de-jalisco-723941.html

https://www.nacion321.com/estados/2025/08/20/asesinan-a-golpes-a-mujer-trans-en-tepatilan-jalisco-comunidad-lgbtiq-exige-justicia/

https://www.gobernantes.com/vernota.php?id=489423

https://www.milenio.com/comunidad/asesinan-golpes-mujer-trans-jalisco-piden-justicia

https://escandala.com/exigen-justicia-por-el-transfeminicidio-de-linda-joselinne-en-jalisco/

https://quintafuerza.mx/mexico/asesinan-a-golpes-a-mujer-trans-en-tepatitlan-jalisco/

https://www.infobae.com/mexico/2025/08/19/caso-joselinne-paez-colectivo-lgbt-denuncia-transfeminicidio-en-jalisco-es-el-segundo-en-agosto/

https://www.telediario.mx/policia/mujer-trans-asesinada-tepatitlan-exigen-justicia-para-joselinne-paez

https://politica.expansion.mx/estados/2025/08/19/onu-y-activistas-exigen-justicia-por-los-transfeminicidios-de-katia-y-joselinne

https://www.elfinanciero.com.mx/estados/2025/08/19/colectivos-lgbt-piden-justicia-para-joselinne-paez-y-katia-daniela-medina-victimas-de-transfeminicidio/

https://radionet.com.mx/ultiman-a-mujer-trans-en-jalisco

https://guardianocturna.mx/2025/08/josseline-paez-otra-activista-trans-asesinada-en-jalisco/

https://www.mural.com.mx/exigen-justicia-por-asesinato-de-mujer-trans-en-tepatitlan/ar3058137

https://oem.com.mx/eloccidental/policiaca/colectivos-exigen-justicia-por-asesinato-de-mujer-trans-en-tepatitlan-25293247

http://kioscoinformativo.com/transfeminicidio-joselinne-tepatitlan-exigen-justicia/

https://seisfranjasmx.com/2025/08/18/joselinne-paez-mujer-trans-muere-por-crimen-de-odio-en-jalisco/

https://www.proceso.com.mx/nacional/estados/2025/8/19/asesinan-golpes-mujer-trans-en-tepatitlan-jalisco-357111.html

https://www.jornada.com.mx/noticia/2025/08/18/estados/colectivas-y-activistas-exigen-justicia-por-transfeminicidio-de-por-joselinne-paez

https://www.facebook.com/zonadocs/posts/joselinne-p%C3%A1ez-mujer-trans-de-tepatitl%C3%A1n-fue-asesinada-tras-una-brutal-agresi%C3%B3no/1324921589641507/

https://www.facebook.com/elheraldodemexico/posts/exigen-justicia-para-joseline-p%C3%A1ez-mujer-trans-asesinada-a-golpes-en-calles-de-j/819745000413437/

https://www.youtube.com/watch?v=etmY1c_7ro0

https://x.com/YaajMexico/status/1957865898280374324","Joselinne Páez died in hospital in Tepatitlán de Morelos, Jalisco (Mexico) on 16 Aug 2025 - 6 days after being beaten in the street. #SayHerName #Trans LivesMatter #TDoR",https://tdor.translivesmatter.info/reports/2025/08/16/joselinne-paez_tepatitlan-de-morelos-jalisco-mexico_45b85e1d
Wendelly Gabrielly,22,,2025_08_16_Wendelly-Gabrielly.jpg,https://pebinhadeacucar.com.br/policia-investiga-morte-de-mulher-trans-e-comentarios-preconceituosos-nas-redes-sociais-geram-alerta/,16-Aug-2025,tgeu/tdor2025/16-Aug-2025/Wendelly Gabrielly,"Parque dos Carajás, Rua Ticuna",,Parauapebas,Pará,Brazil,-6.068146162,-49.87426645,violence,asphyxiated,"Wendelly's body was found in a residence.

> On the night of last Saturday (16), around 9:20 pm, a trans woman was found dead inside a residence located on Rua Ticuna, in the Parque dos Carajás neighborhood, in Parauapebas, southeast of Pará.
> 
> The victim was identified as Wendelly Gabrielly ([cachinhos_g1w](https://www.instagram.com/cachinhos_g1w/)), a 22 year old trans woman. The body showed signs of mechanical asphyxiation and was found with a cloth wrapped around her neck.
> 
> The Military Police were called by residents who noticed the situation and, upon arrival, confirmed the death. The area was cordoned off until the arrival of the Civil Police and the Forensic Medical Institute (IML), who carried out the necessary procedures.
> 
> According to preliminary information, the young woman worked as a [sex worker]. Investigations are seeking to determine whether the homicide may be linked to a possible transphobic crime or other factors.
> 
> After news of the death broke, malicious and prejudiced comments about the victim began to circulate on social media.
> 
> The Pebinha de Açúcar Portal team emphasizes that this type of demonstration, besides being disrespectful, constitutes a crime. In 2019, the Supreme Federal Court (STF) ruled that homophobia and transphobia should be classified under Law No. 7,716/1989, which addresses crimes resulting from racial or color-based prejudice. In other words, hate speech against LGBTQIA+ people is punished in the same way as racism, with penalties ranging from one to five years in prison, plus a fine.

Wendelly's Instagram profiile is https://www.instagram.com/cachinhos_g1w/.

https://dol.com.br/noticias/policia/919550/morte-de-mulher-trans-no-para-investigacao-e-preconceito-nas-redes-sociais?d=1

https://debatecarajas.com.br/mulher-trans-e-encontrada-morta-em-parauapebas/

https://www.zedudu.com.br/parauapebas-policia-civil-investiga-se-assassinato-de-garota-trans-foi-motivado-por-transfobia/

https://pebinhadeacucar.com.br/policia-investiga-morte-de-mulher-trans-e-comentarios-preconceituosos-nas-redes-sociais-geram-alerta/

https://www.oliberal.com/policia/policia-civil-investiga-morte-de-mulher-trans-em-parauapebas-1.1007493

https://portalpebao.com.br/mulher-trans-e-encontrada-morta-em-parauapebas/

https://www.facebook.com/pebinhadeacucar/posts/mulher-trans-%C3%A9-encontrada-morta-em-resid%C3%AAncia-no-bairro-parque-dos-caraj%C3%A1s-em-pa/1209547124547562/

https://www.instagram.com/fernandonoticiasoficial/reel/DNet3muOK6y/","The body of Wendelly Gabriellywas found in a residence in Parauapebas, Pará (Brazil) on 16 Aug 2025.

She was 22. #SayHerName #TransLivesMatter #TDoR",https://tdor.translivesmatter.info/reports/2025/08/16/wendelly-gabrielly_parauapebas-para-brazil_e6383b79
"Aurora Pellegrina (""Alexa"", ""Luna"")",35,21-Sep-1989,2025_08_18_Aurora-Pellegrina.jpg,by email,18-Aug-2025,,,,Lawnside,New Jersey,USA,39.86665208,-75.04046569,uncategorised,not reported,"Aurora's body was found in an abandoned home. The date and cause of her death could not be determined.

> I'm writing to report the death of a member of the trans community. On August 18, 2025, police came to my house to tell me they had found her body in an abandoned house in the woods in Lawnside, New Jersey (USA). They came to me because the only identification on her still had my address. They were unable to determine the date or cause of death.
>
> Her name was Aurora Pellegrina, but she also went by Alexa and Luna (she was a system and had DID). She was 36 years old. Aurora used she/her pronouns, Alexa used xe/xem or they/they pronouns, and Luna used fay/faer or they/them pronouns. I've attached the best photo I could find.

Like far too many trans people, Aurora was estranged from her birth family.

https://www.facebook.com/100083554711202/posts/in-loving-memoryaurora-pellegrina1991-2025%EF%B8%8F-today-we-honor-the-life-of-aurora-pe/759796293482188/","The body of Aurora Pellegrina was found in an abandoned home in Lawnside, New Jersey (USA) on 18 Aug 2025.

She was 35. #SayHerName #TransLivesMatter #TDoR",https://tdor.translivesmatter.info/reports/2025/08/18/aurora-pellegrina-alexa-luna_lawnside-new-jersey-usa_36887659
"Kasí Rhea (""Kaeyy Holmes"")",31,,2025_08_18_Kasi-Rhea.jpg,https://www.pghlesbian.com/2025/08/31-year-old-hairstylist-and-black-trans-woman-kasi-rhea-shot-dead-in-lynchburg-virginia/,18-Aug-2025,"tgeu/tdor2025/18-Aug-2025/Kasí Rhea (""Kaeyy Holmes"")",1100 Rivermont Avenue,,Lynchburg,Virginia,USA,37.4269626,-79.1715319,violence,shot,"Kasí was a woman of faith who worked as a hair stylist. She died from gunshot injuries after being shot in the front yard of a home.

As is far too often the case local media and law enforcement misgendered and deadnamed her.

> A Black trans woman, Kasí Rhea, died from gun shot injuries in Lynchburg, Virginia on Monday, August 18, 2025.
> 
> The 31 year old woman was found dead in the front yard of a home in the 1100 block of Rivermont Avenue around 8:58 p.m. Law enforcement and media have misgendered and deadnamed Kasí .
> 
> At approximately 8:58 p.m., the Lynchburg Police Department and Lynchburg Fire Department responded to a malicious wounding call in the 1100 block of Rivermont Avenue.
> 
> Police told ABC3 News that when they arrived on the scene, they found someone dead in the yard. Police have confirmed that the victim suffered from a gunshot wound. It is unclear if this was Kasi’s house or another residence.
> 
> There is no further information from the investigation BUT I did see some of the media coverage updated around Kasi’s name and identity. Her friends and family likely advocated on her behalf, a too often step in the grieving process.
> 
> Kasí went to Heritage High School and studied at Strayer University. She used the nickname Kaeyy Holmes.
> 
> According to her social media profiles, Kasí was open about her struggle with depression. She professed herself a woman of faith. As recently as August 2023, she had her pick of three job offers including one she genuinely wanted. It also appears she was a talented and highly sought after hair stylist for children and adults.
> 
> Kasi was very into being a Scorpio and followed multiple astrology pages. Her music tastes include Cardi B, Ciara, and Missy Elliott.
> 
> Rest in power, Kasi. Thank you for the beauty and wonder you brought to this world with your artistry. Thank you for loving your family and friends, love that will echo through generations. I am sorry we did not create a safer, kinder world for you.
> 
> May your memory be a revolution.

Subsequently Lynchburg Police arrested and charged Victor Dale Giles, 40, with first-degree murder.

https://www.pghlesbian.com/2025/08/31-year-old-hairstylist-and-black-trans-woman-kasi-rhea-shot-dead-in-lynchburg-virginia/

https://wset.com/news/local/31-year-old-identified-as-victim-of-fatal-1100-block-of-rivermont-ave-shooting-kasim-holmes-homicide-august-2025

https://www.facebook.com/PghLesbian/posts/31-year-old-hairstylist-and-black-trans-woman-kas%C3%AD-rhea-shot-dead-in-lynchburg-v/1401830595276765/

https://www.instagram.com/equalityva/p/DNs6guK2LcZ/

https://x.com/PghLesbian24/status/1958598199532253627","Kasí Rhea died from gunshot injuries after being shot in the front yard of a home in Lynchburg, Virginia (USA) on 18 Aug 2025.

She was 31, and a woman of faith who worked as a hair stylist. #SayHerName #TransLivesMatter #TDoR",https://tdor.translivesmatter.info/reports/2025/08/18/kasi-rhea-kaeyy-holmes_lynchburg-virginia-usa_2d919951
Onyx Cornish,18,12-Apr-2007,2025_08_18_Onyx-Cornish.jpg,https://www.instagram.com/p/DN8J3ncjWrj/,18-Aug-2025,tgeu/tdor2025/18-Aug-2025/Onyx Cornish,,,Caldwell,Idaho,USA,15.4804665,-87.992017,violence,shot,"Onyx died after being shot by their adoptive father. 

Delbert Cornish was arrested on 18th August is being held without bail.

> Onyx Cornish (2007–2025) was a queer & trans teenager, allegedly murdered by their adoptive father.
> 
> Last week, a trans teenager was shot to death in their bedroom in Caldwell, Idaho; their father has allegedly confessed. The case has been widely reported on, but, as is common when trans and nonbinary people are killed, journalists have attempted to render them cisgender through a mixture of ignorance and deliberate excision. Onyx has been exclusively referred to as a woman and a daughter, and their chosen name has often been treated — and stylised — as a nickname to be subordinated to their birth name, including on their obituary.
> 
> My friend, researcher Ilya Maude, noticed tells in the reported story and found Onyx’s Instagram (which is public, but which I won’t link directly in case of malicious attention). On it, their pronouns are listed as he/they/she. Their friends have been using they/them in their eulogies for Onyx, which I am following here.
> 
> Onyx lived in one of the most conservative US states — a state that broke for Trump by a 36.5% margin in 2024 — and described their family on IG as a conservative family. (Their pinned Instagram reels include PSAs about Project 2025 and information about seeking abortion pills in red states.) It’s striking, then, that even as a teenager in a conservative context, they asserted themselves firmly enough that their queerness and genderqueerness has been impossible to erase after their death. It has been widely reported that they went by Onyx, even as this has been treated in practice as an extension of their alt style. Most revealingly, and bleakly, their father is stated to have wrapped them in a pride flag after killing them. (A rainbow flag is visible on their wall in some reels.)
> 
> He has allegedly stated that he planned to kill himself and all of his three children, saying that they were being “bullied” by his brother — who owned the house in which Onyx was living — with insults like “paedophile” and “loser.” It is difficult not to suspect that Onyx was the primary target of this abuse. Onyx was shot immediately after opening their bedroom door and died about 20 minutes later. Onyx’s younger brother was also threatened with a gun after arriving home from school, but thankfully managed to talk down and disarm his father, who left the property.
> 
> Onyx loved heavy metal, alt fashion and makeup, and their friends, who they described as getting them through rough periods in their life, including a period of some time in which they were kicked out of the house. They loved their cat, Sami, who was sadly also shot and killed after their own murder. They enjoyed showing off their makeup looks online and described themselves as both pretty and handsome. They celebrated getting sober in 2024. Their last available Instagram story is from three weeks ago, where they were celebrating one of their closest friends’ birthdays at a picnic. All the attendees wore flower garlands on their heads. They looked happy.
> 
> Queer and trans youth deserve better than their state and their families. The family, said to offer protection, so often kills and starves.
> 
> We must mourn and honour our dead.

Onyx´s Instagram profile (@_.the.x.inbetween.) has subsequently been deactivated, effectively erasing their online identity.

https://eliacugini.medium.com/onyx-cornish-2007-2025-was-a-queer-trans-teenager-allegedly-murdered-by-their-adoptive-father-f42b1c220302

https://www.advocate.com/crime/idaho-teen-shot-by-father

https://timesofindia.indiatimes.com/world/us/watched-her-gasp-for-breath-before-dying-us-teen-found-dead-wrapped-in-pride-flag-fathers-chilling-confession-stuns-police/articleshow/123506224.cms

https://www.eastidahonews.com/2025/08/i-did-it-idaho-dad-accused-of-killing-daughter-admitted-it-affidavit-says/

https://www.facebook.com/NateEatonReporter/posts/a-51-year-old-father-charged-with-first-degree-murder-admitted-to-police-that-he/1304438497905640/

https://www.instagram.com/p/DN8J3ncjWrj/

https://www.allvalleycremation.com/obituaries/Hope-Serene-Rae-Onyx-Cornish?obId=44362530","Onyx Cornish died after being shot by their adoptive father in Caldwell, Ohio (USA) on 18 Aug 2025.

They were 18. #SayTheirName #TransLivesMatter #TDoR",https://tdor.translivesmatter.info/reports/2025/08/18/onyx-cornish_caldwell-idaho-usa_04e431a4
Michelle Iturbe,38,18-Aug-1987,2025_08_19_Michelle-Iturbe.jpg,https://morelos.quadratin.com.mx/matan-a-mujer-trans-y-dejan-herido-a-su-acompanante/,19-Aug-2025,tgeu/tdor2025/19-Aug-2025/Michelle Iturbe,,Progreso,Amacuzac,Morelos,Mexico,18.6022073,-99.3663761,violence,shot,"Michelle was shot dead on the way to her 38th birthday party by the occupants of a van who fled the scene. A second person was injured in the same attack.

> CUERNAVACA, Mor., August 19, 2020. A trans woman was shot and killed on the federal highway Puente de Ixtlán-Amacuzac, near the Progreso neighborhood, in the municipality of Amacuzac. The incident occurred this Monday, April 18.
> 
> One more person was reportedly injured, allegedly by people aboard an Audi van, who fled the scene.
> 
> The woman was identified as Michelle, who was traveling on a scooter that was left at the scene.

Michelle's Facebook profile is https://www.facebook.com/mich.iturbe.

https://agenciapresentes.org/2025/09/02/mexico-en-un-mes-hubo-siete-transfeminicidios/

https://www.diariodemorelos.com/noticias/asesinan-balazos-mujer-trans-en-amacuzac-acompa-ante-queda-herido

https://www.zocalo.com.mx/crimen-contra-mujer-trans-desata-indignacion-en-morelos/

https://www.eluniversal.com.mx/estados/matan-a-tiros-a-michelle-iturbide-joven-trans-sujetos-le-dispararon-desde-una-camioneta-en-la-carretera-federal-cuernavaca-taxco/

https://eltiempomx.com/noticia/2025/asesinan-a-michelle-iturbide-joven-trans-en-morelos.html

https://seisfranjasmx.com/2025/08/19/michelle-iturbe-mujer-trans-asesinada-en-morelos/

https://sinlineadiario.com.mx/asesinan-a-michelle-iturbe-en-un-nuevo-acto-de-violencia-transfobica/

https://morelos.quadratin.com.mx/matan-a-mujer-trans-y-dejan-herido-a-su-acompanante/

https://www.launion.com.mx/morelos/justicia/noticias/278174-asesinan-a-mujer-trans-en-amacuzac.html

https://x.com/DiariodeMorelos/status/1958290795456512393","Michelle was shot dead on the way to her 38th birthday party in Amacuzac, Morelos (Mexico) on 19 Aug 2025. A second person was injured in the same attack. #SayHerName #TransLivesMatter #TDoR",https://tdor.translivesmatter.info/reports/2025/08/19/michelle-iturbe_amacuzac-morelos-mexico_ff19cb3c
Robyn James Post,48,5-Aug-1977,2025_08_19_Robyn-James-Post.jpg,https://www.facebook.com/photo.php?fbid=1220461846783806&id=100064600062302&set=a.626813922815271,19-Aug-2025,,,,Erie,Pennsylvania,USA,42.1154698,-80.1122452,suicide,suicide,"Robyn died by suicide.

> Robyn James Post, 48, of North East, passed away on Tuesday August 19, 2025 in Ohio.
> 
> He was born on August 5, 1977 in Erie, Pennsylvania. Robyn graduated from North East High School and Mercyhurst University earning a Liberal Arts Degree in Graphic Design. He also obtain his LPN Degree and RN Degree in Nursing from Cuyahoga Community College in Ohio.
> 
> He began his nursing career at the Cleveland Clinic and was a traveling nurse in Tucson Arizona. Robyn was currently employed at the Erie County Health Department as a public health nurse.
> 
> Robyn loved his ""fur babies"" Maddy and Bosley and will always be remembered for his wonderful sense of humor, adventurous spirit, and kindness towards others.
> 
> His close friends which nicknamed him Buzz were very important to him. Throughout life Robyn enjoyed art culture especially Dia De Los Muertos; working out at the gym, productive yard work, traveling, studying keyboard and drums, and living life to the fullest.

https://www.eriegaynews.com/news/article.php?recordid=202509robynpostinmemoriam

https://www.legacy.com/us/obituaries/name/robyn-post-obituary?id=59269434

https://www.elkinfh.com/obituary/Robyn-Post

https://www.findagrave.com/memorial/286524700/robyn-james-post

https://www.facebook.com/groups/8425024033/posts/10163060633679034/

https://www.facebook.com/photo.php?fbid=1220461846783806&id=100064600062302&set=a.626813922815271","Robyn James Post died by suicide in Erie, Pennsylvania (USA) on 19 Aug 2025.

He was 48. #SayHisName #TransLivesMatter #TDoR",https://tdor.translivesmatter.info/reports/2025/08/19/robyn-james-post_erie-pennsylvania-usa_07c964db
"Monserrat Martínez (""La Monse"")",,,2025_08_20_Monserrat-Martinez.jpg,https://www.facebook.com/photo.php?fbid=474690892179798&set=pb.100089166731214.-2207520000&type=3,20-Aug-2025,"tgeu/tdor2025/20-Aug-2025/Monserrat Martínez (""La Monse"")","El Campesino, Ignacio Zaragoza",Centro,Jonuta,Tabasco,Mexico,18.09009018,-92.13547304,violence,shot,"Monserrat was killed by armed assailants riding a motorcycle who arrived at the bar where she worked, shot her and fled.

> The municipal seat of Jonuta was the scene of a transfemicide on the night of August 20, 2025, when a member of the LGBT+ community was murdered in a bar.
> 
> According to witness accounts, the incident occurred around 8:50 p.m., when the victim, identified by the nickname ""La Monse,"" was socializing inside the bar.
> 
> Suddenly, men riding a motorcycle burst into the scene and, without saying a word, headed straight for ""La Monse"" to shoot her dead. Once they had accomplished their mission, they fled the scene.
> 
> Municipal Police officers arrived at the scene and cordoned off the area to protect the crime scene, awaiting the experts from the State Attorney General's Office (FGE ), who will be in charge of carrying out the respective investigations, in addition to ordering the removal of the body for its transfer to the Forensic Medical Service (Semefo) , where the legal autopsy will be performed.

Monserrat's Facebook profile is https://www.facebook.com/profile.php?id=100089166731214.

https://agenciapresentes.org/2025/09/02/mexico-en-un-mes-hubo-siete-transfeminicidios/

https://www.msn.com/es-mx/noticias/mexico/comunidad-lgbt-reclama-falta-de-informaci%C3%B3n-sobre-asesinato-de-la-monse-mujer-trans-de-veracruz/ar-AA1MBKyj

https://elclosetlgbt.com/closetnews/latinoamerca/asesinan-a-mujer-trans-de-tabasco-exigimos-justicia-por-monserrat/

https://elclosetlgbt.com/closetnews/latinoamerca/asesinan-a-mujer-trans-de-tabasco-exigimos-justicia-por-monserrat/

https://www.xevt.com/tabasco/pri-tabasco-demanda-dar-con-responsables-de-asesinato-a-mujer-trans-en-jonuta/387639

https://www.xevt.com/tabasco/exige-asociacion-civil-justicia-para-mujer-trans-asesinada-en-jonuta/387511

https://www.elfinanciero.com.mx/estados/2025/08/21/asesinan-a-mujer-trans-en-jonuta-es-el-segundo-transfeminicidio-en-tabasco-en-lo-que-va-del-ano/

https://oem.com.mx/elheraldodetabasco/policiaca/transfeminicidio-en-jonuta-matan-a-la-monse-en-una-cantina-25322841","Monserrat Martínez was killed in Jonuta, Tabasco (Mexico) on 20 Aug 2025 by armed assailants riding a motorcycle who arrived at the bar where she worked, shot her and fled. #SayHerName #TransLivesMatter #TDoR",https://tdor.translivesmatter.info/reports/2025/08/20/monserrat-martinez-la-monse_jonuta-tabasco-mexico_c9458aeb
"Guadalupe Arias (""Lupe"")",,,2025_08_21_Guadalupe-Arias.jpg,https://www.instagram.com/p/DNs7rA0XBFt/,21-Aug-2025,"tgeu/tdor2025/21-Aug-2025/Guadalupe Arias (""Lupe"")",,Xochimilco,Ciudad de Mexico,CDMX,Mexico,19.2366404,-99.1631225,violence,beaten,"Guadalupe was beaten to death in her home. Hearing her screams, neighbours apprehended and nearly lynched her killer.

> A trans woman was beaten to death inside a home in the Xochimilco district of Mexico City, and the victim's neighbors defended her and tried to lynch the alleged perpetrator.
> 
> The case was reported by journalist Carlos Jiménez , who claimed that the attacker was identified as César 'N' and that his actions caused her death in just a few minutes.
> 
> On August 21, 2025, César 'N' attacked a trans woman until he took her life. The victim's screams alerted the neighbors, who, in an act of justice by their own hand, managed to intercept the aggressor when he tried to flee. 
> 
> The outrage was so great that residents severely beat César 'N', almost lynching him, before members of the Citizen Security Secretariat (SSC) arrived. 
> 
> The Tepepan Sector police finally arrested the suspect, who was transferred to the Attorney General's Office of Mexico City (FGJ CdMx).
> 
> At this time, the exact motives behind this crime are unknown. However, the case has been classified as a transfemicide, a term that seeks to highlight and recognize the systematic and lethal violence directed against trans women in Mexico.

<blockquote class=""instagram-media"" data-instgrm-captioned data-instgrm-permalink=""https://www.instagram.com/p/DNs7rA0XBFt/?utm_source=ig_embed&amp;utm_campaign=loading"" data-instgrm-version=""14"" style="" background:#FFF; border:0; border-radius:3px; box-shadow:0 0 1px 0 rgba(0,0,0,0.5),0 1px 10px 0 rgba(0,0,0,0.15); margin: 1px; max-width:540px; min-width:326px; padding:0; width:99.375%; width:-webkit-calc(100% - 2px); width:calc(100% - 2px);""><div style=""padding:16px;""> <a href=""https://www.instagram.com/p/DNs7rA0XBFt/?utm_source=ig_embed&amp;utm_campaign=loading"" style="" background:#FFFFFF; line-height:0; padding:0 0; text-align:center; text-decoration:none; width:100%;"" target=""_blank""> <div style="" display: flex; flex-direction: row; align-items: center;""> <div style=""background-color: #F4F4F4; border-radius: 50%; flex-grow: 0; height: 40px; margin-right: 14px; width: 40px;""></div> <div style=""display: flex; flex-direction: column; flex-grow: 1; justify-content: center;""> <div style="" background-color: #F4F4F4; border-radius: 4px; flex-grow: 0; height: 14px; margin-bottom: 6px; width: 100px;""></div> <div style="" background-color: #F4F4F4; border-radius: 4px; flex-grow: 0; height: 14px; width: 60px;""></div></div></div><div style=""padding: 19% 0;""></div> <div style=""display:block; height:50px; margin:0 auto 12px; width:50px;""><svg width=""50px"" height=""50px"" viewBox=""0 0 60 60"" version=""1.1"" xmlns=""https://www.w3.org/2000/svg"" xmlns:xlink=""https://www.w3.org/1999/xlink""><g stroke=""none"" stroke-width=""1"" fill=""none"" fill-rule=""evenodd""><g transform=""translate(-511.000000, -20.000000)"" fill=""#000000""><g><path d=""M556.869,30.41 C554.814,30.41 553.148,32.076 553.148,34.131 C553.148,36.186 554.814,37.852 556.869,37.852 C558.924,37.852 560.59,36.186 560.59,34.131 C560.59,32.076 558.924,30.41 556.869,30.41 M541,60.657 C535.114,60.657 530.342,55.887 530.342,50 C530.342,44.114 535.114,39.342 541,39.342 C546.887,39.342 551.658,44.114 551.658,50 C551.658,55.887 546.887,60.657 541,60.657 M541,33.886 C532.1,33.886 524.886,41.1 524.886,50 C524.886,58.899 532.1,66.113 541,66.113 C549.9,66.113 557.115,58.899 557.115,50 C557.115,41.1 549.9,33.886 541,33.886 M565.378,62.101 C565.244,65.022 564.756,66.606 564.346,67.663 C563.803,69.06 563.154,70.057 562.106,71.106 C561.058,72.155 560.06,72.803 558.662,73.347 C557.607,73.757 556.021,74.244 553.102,74.378 C549.944,74.521 548.997,74.552 541,74.552 C533.003,74.552 532.056,74.521 528.898,74.378 C525.979,74.244 524.393,73.757 523.338,73.347 C521.94,72.803 520.942,72.155 519.894,71.106 C518.846,70.057 518.197,69.06 517.654,67.663 C517.244,66.606 516.755,65.022 516.623,62.101 C516.479,58.943 516.448,57.996 516.448,50 C516.448,42.003 516.479,41.056 516.623,37.899 C516.755,34.978 517.244,33.391 517.654,32.338 C518.197,30.938 518.846,29.942 519.894,28.894 C520.942,27.846 521.94,27.196 523.338,26.654 C524.393,26.244 525.979,25.756 528.898,25.623 C532.057,25.479 533.004,25.448 541,25.448 C548.997,25.448 549.943,25.479 553.102,25.623 C556.021,25.756 557.607,26.244 558.662,26.654 C560.06,27.196 561.058,27.846 562.106,28.894 C563.154,29.942 563.803,30.938 564.346,32.338 C564.756,33.391 565.244,34.978 565.378,37.899 C565.522,41.056 565.552,42.003 565.552,50 C565.552,57.996 565.522,58.943 565.378,62.101 M570.82,37.631 C570.674,34.438 570.167,32.258 569.425,30.349 C568.659,28.377 567.633,26.702 565.965,25.035 C564.297,23.368 562.623,22.342 560.652,21.575 C558.743,20.834 556.562,20.326 553.369,20.18 C550.169,20.033 549.148,20 541,20 C532.853,20 531.831,20.033 528.631,20.18 C525.438,20.326 523.257,20.834 521.349,21.575 C519.376,22.342 517.703,23.368 516.035,25.035 C514.368,26.702 513.342,28.377 512.574,30.349 C511.834,32.258 511.326,34.438 511.181,37.631 C511.035,40.831 511,41.851 511,50 C511,58.147 511.035,59.17 511.181,62.369 C511.326,65.562 511.834,67.743 512.574,69.651 C513.342,71.625 514.368,73.296 516.035,74.965 C517.703,76.634 519.376,77.658 521.349,78.425 C523.257,79.167 525.438,79.673 528.631,79.82 C531.831,79.965 532.853,80.001 541,80.001 C549.148,80.001 550.169,79.965 553.369,79.82 C556.562,79.673 558.743,79.167 560.652,78.425 C562.623,77.658 564.297,76.634 565.965,74.965 C567.633,73.296 568.659,71.625 569.425,69.651 C570.167,67.743 570.674,65.562 570.82,62.369 C570.966,59.17 571,58.147 571,50 C571,41.851 570.966,40.831 570.82,37.631""></path></g></g></g></svg></div><div style=""padding-top: 8px;""> <div style="" color:#3897f0; font-family:Arial,sans-serif; font-size:14px; font-style:normal; font-weight:550; line-height:18px;"">View this post on Instagram</div></div><div style=""padding: 12.5% 0;""></div> <div style=""display: flex; flex-direction: row; margin-bottom: 14px; align-items: center;""><div> <div style=""background-color: #F4F4F4; border-radius: 50%; height: 12.5px; width: 12.5px; transform: translateX(0px) translateY(7px);""></div> <div style=""background-color: #F4F4F4; height: 12.5px; transform: rotate(-45deg) translateX(3px) translateY(1px); width: 12.5px; flex-grow: 0; margin-right: 14px; margin-left: 2px;""></div> <div style=""background-color: #F4F4F4; border-radius: 50%; height: 12.5px; width: 12.5px; transform: translateX(9px) translateY(-18px);""></div></div><div style=""margin-left: 8px;""> <div style="" background-color: #F4F4F4; border-radius: 50%; flex-grow: 0; height: 20px; width: 20px;""></div> <div style="" width: 0; height: 0; border-top: 2px solid transparent; border-left: 6px solid #f4f4f4; border-bottom: 2px solid transparent; transform: translateX(16px) translateY(-4px) rotate(30deg)""></div></div><div style=""margin-left: auto;""> <div style="" width: 0px; border-top: 8px solid #F4F4F4; border-right: 8px solid transparent; transform: translateY(16px);""></div> <div style="" background-color: #F4F4F4; flex-grow: 0; height: 12px; width: 16px; transform: translateY(-4px);""></div> <div style="" width: 0; height: 0; border-top: 8px solid #F4F4F4; border-left: 8px solid transparent; transform: translateY(-4px) translateX(8px);""></div></div></div> <div style=""display: flex; flex-direction: column; flex-grow: 1; justify-content: center; margin-bottom: 24px;""> <div style="" background-color: #F4F4F4; border-radius: 4px; flex-grow: 0; height: 14px; margin-bottom: 6px; width: 224px;""></div> <div style="" background-color: #F4F4F4; border-radius: 4px; flex-grow: 0; height: 14px; width: 144px;""></div></div></a><p style="" color:#c9c8cd; font-family:Arial,sans-serif; font-size:14px; line-height:17px; margin-bottom:0; margin-top:8px; overflow:hidden; padding:8px 0 7px; text-align:center; text-overflow:ellipsis; white-space:nowrap;""><a href=""https://www.instagram.com/p/DNs7rA0XBFt/?utm_source=ig_embed&amp;utm_campaign=loading"" style="" color:#c9c8cd; font-family:Arial,sans-serif; font-size:14px; font-style:normal; font-weight:normal; line-height:17px; text-decoration:none;"" target=""_blank"">A post shared by Transcontingenta (@transcontingenta)</a></p></div></blockquote>
<script async src=""//www.instagram.com/embed.js""></script>

https://agenciapresentes.org/2025/09/02/mexico-en-un-mes-hubo-siete-transfeminicidios/

https://www.cristianosgays.com/2025/09/05/mexico-en-un-mes-hubo-siete-transfeminicidios/

https://www.telediario.mx/comunidad/xochimilco-hombre-golpea-y-mata-a-mujer-trans-es-detenido

https://www.posta.com.mx/cdmx/hombre-asesina-a-golpes-a-mujer-trans-en-xochimilco-vecinos-casi-lo-linchan/vl2085212

https://www.msn.com/es-mx/noticias/mexico/barbarie-en-xochimilco-asesinan-a-mujer-trans-en-su-domicilio-casi-linchan-a-su-agresor/ar-AA1KYnA3

https://www.milenio.com/policia/detienen-a-hombre-por-transfeminicidio-en-xochimilco-casi-lo-linchan

https://www.publimetro.com.mx/noticias/2025/08/21/barbarie-en-xochimilco-asesinan-a-mujer-trans-en-su-domicilio-casi-linchan-a-su-agresor/

https://www.instagram.com/p/DNs7rA0XBFt/

https://www.youtube.com/watch?v=JhTFR0l-pEc

https://www.youtube.com/watch?v=-i-_s40KQYc

https://x.com/Jaasiel_Dice/status/1960497976670818380","Guadalupe Arias was beaten to death in her home in Xochimilco, Ciudad de Mexico, CDMX (Mexico) on 21 Aug 2025. Her killer attempted to flee but was stopped by neighbours. #SayHername #TransLivesMatter #TDoR",https://tdor.translivesmatter.info/reports/2025/08/21/guadalupe-arias-lupe_ciudad-de-mexico-cdmx-mexico_85841073
Name Unknown,,,,,22-Aug-2025,tgeu/tdor2025/22-Aug-2025/Name Unknown,,,Cárdenas,Tabasco,Mexico,17.99263185,-93.37558982,violence,stabbed,"The victim was reportedly killed by an attacker wielding a machete. No other information is known and the date of the attack is likely earlier than given here.

> In the coming days, the Casa de las Muñecas Tiresias AC Tabasco Collective will demand through a protest that violent acts committed against the trans population be addressed from a gender perspective and prioritized in legislative agendas. It stated that so far in 2025 there have already been two cases in which trans women have lost their lives in violent acts.
> 
> Activist Alejandra Morales Arias shared that one of the most recent cases occurred in Cárdenas, where a trans woman was attacked with a machete and ultimately murdered. However, she explained that authorities are still investigating, as there is no information yet on the person(s) responsible for the incident. 
> 
> Morales Arias also highlighted the lack of empathy and respect in society toward trans people , and criticized religious views that insist on the idea that only men and women exist, ignoring the cultural and thought diversity that characterizes the community. 
> 
> Regarding the events, she reported that there has been a second case of transgender femicide in Tabasco this year, and that there is still no official closure or final resolution. Finally, she announced that she will hold demonstrations and demand justice for the victims and their families. 

https://xeva.com.mx/tabasco/268795/colectivo-casa-de-las-munecas-anuncia-protesta-tras-feminicidio-de-mujer-trans","An unidentified #trans woman was reportedly killed by an attacker wielding a machete in Cárdenas, Tabasco (Mexico) on or before 22 Aug 2025. #SayHerName #TransLivesMatter #TDoR",https://tdor.translivesmatter.info/reports/2025/08/22/name-unknown_cardenas-tabasco-mexico_4d4e877f
Nubia,34,,,,23-Aug-2025,tgeu/tdor2025/23-Aug-2025/Nubia I. T.,Calamar & Vetano,El Safari/El Mármol,Ciudad Juárez,Chihuahua,Mexico,31.63189121,-106.4665238,violence,beaten,"Nubia's body was found showing signs of violence by her daughter in her home.

> A transgender woman was found dead inside her home, located at the intersection of Calamar and Vetano, in the El Mármol neighborhood, in Ciudad Juárez.  The body was found by the victim's daughter, who reported that, upon entering the house, she found her mother in one of the bedrooms, next to the bed, and with visible signs of violence, so she immediately reported it to the authorities through the emergency number 911.
> 
> Members of the Municipal Public Security Secretariat arrived at the scene and confirmed the death of the woman, identified as Nubia IT, 34 years old. In addition, experts gathered evidence to begin the corresponding investigation, which could be related to the victim's sexual orientation.
> 
> So far, authorities have not released any further information related to the incident; more details are expected in the coming hours.

https://www.nmas.com.mx/chihuahua/localizan-sin-vida-a-mujer-transexual-en-el-interior-de-su-vivienda-en-ciudad-juarez/

https://canal44.com/2025/08/25/1196566/

https://netnoticias.mx/juarez/encuentran-a-mujer-trans-sin-vida-fue-asesinada

https://www.youtube.com/watch?v=eZIMPNA0oSo","Nubia's body was found showing signs of violence by her daughter in her home in Ciudad Juárez, Chihuahua (Mexico) on 23 Aug 2025.

She was 34. #SayHerName #Trans LivesMatter #TDoR",https://tdor.translivesmatter.info/reports/2025/08/23/nubia_ciudad-juarez-chihuahua-mexico_62a342eb
Michelle Tróchez,24,,2025_08_24_Michelle-Trochez.jpg,https://www.facebook.com/NDtelevision/posts/pfbid02wgKMhahXfmPRMd8eKfw8Fo2aSXihoK9cdiiPUNNqmZnSy8eUHnLJqtnYuLk9mF64l,24-Aug-2025,tgeu/tdor2025/24-Aug-2025/Michelle Tróchez,,,La Cuchilla,Santa Bárbara,Honduras,14.9268717,-88.4051585,violence,murdered,"Michelle was murdered. No other information is known.

> Tegucigalpa, Honduras – The wave of violence against the LGBTIQ+ population gained momentum again this August in Honduras, with at least three murders of trans women in the northern and western parts of the country in a period of less than 15 days.
> 
> The cases include the murder of [Moisa Castillo](https://tdor.translivesmatter.info/reports/2025/08/09/moisa-reyes-castillo_san-pedro-sula-cortes-honduras_2dae426e), which occurred on August 8 in the Boquerón neighborhood of San Pedro Sula; the murder of a [trans woman] [on August 13 in the Sandoval Sorto neighborhood](https://tdor.translivesmatter.info/reports/2025/08/13/name-unknown_san-pedro-sula-cortes-honduras_1921103e); and the violent death of Michelle Tróchez, 24, which occurred on August 24 in the village of La Cuchilla, in the department of Santa Bárbara.
> 
> “It is quite worrying because these patterns of violence have been repeated and what we are seeing is that hate speech, even promoted by local and central governments, fuels this dangerous climate for the LGBTIQ+ community,” said Alondra Miranda , advisor and human rights promoter of the Kukulkán Association and member of the Pink Unity Collective in an interview with  Criterio.hn.

https://criterio.hn/asesinatos-recientes-de-mujeres-trans-visibilizan-crisis-y-abandono-estatal-frente-a-la-poblacion-lgbtiq/

https://www.facebook.com/NDtelevision/posts/pfbid02wgKMhahXfmPRMd8eKfw8Fo2aSXihoK9cdiiPUNNqmZnSy8eUHnLJqtnYuLk9mF64l","Michelle was murdered in La Cuchilla, Santa Bárbara (Honduras) 24 Aug 2025.

She was 24. #SayHerName #Trans LivesMatter #TDoR",https://tdor.translivesmatter.info/reports/2025/08/24/michelle-trochez_la-cuchilla-santa-barbara-honduras_4126af5a
Lynn Spencer,21,,,,24-Aug-2025,,,,,Arizona,USA,"34.303297415393835,",-111.7139192,suicide,suicide,"Lynn died by suicide.

> Lynn Spencer. Age 21. August 24th 2025. Arizona USA. Suicide.
>
> Lynn was a caring and loving person, and having her gone has made everyday without her felt as if something is always missing now. Lynn lived in Arizona with her grandparents who she was not open to, but often voiced their disapproval of the trans community. Often, Lynn spent time with her best friend Ryan and their related groups. She was active in online communities and forum pages, and left an impact on everyone that she met. She had dreams of moving away with her friends, traveling by motor bike to different locations and settling in a house full of cats one day. I wish to have her simply be remembered, and to be known as Lynn, as a final gift to give her.

*Editor's Note: Lynn was not yet out and wasn't one to post photos. She did however use the logo below (which her friends turned into a sticker for her):*

![](2025_08_24_Lynn-Spencer_logo.png)

Source: email","Lynn Spencer reportedly died by suicide in Arizona (USA) on 24 Aug 2025. 

She was 21. #SayHerName #TransLivesMatter #TDoR",https://tdor.translivesmatter.info/reports/2025/08/24/lynn-spencer_arizona-usa_63d822f9
Solange Rodrigues da Silva,23,,,,24-Aug-2025,tgeu/tdor2025/24-Aug-2025/Solange Rodrigues da Silva,,Vila Nossa Senhora de Lourdes,Aparecida de Goiânia,Goiás,Brazil,-16.7440941,-49.2552007,violence,shot,"Solange died in a hotel room after being shot by a client.

> The 25-year-old man, accused of murdering a [trans woman] in Aparecida de Goiânia, turned himself in to the police on Monday afternoon (25). The crime, which occurred last Sunday (24), caused panic among residents and visitors to the region.
> 
> The victim, [deadname] Rodrigues da Silva, 23, was shot to death after a dispute over R$50.00. Witnesses reported that the dispute involved the return of a cell phone, which [deadname] had allegedly withheld until the amount was paid.
> 
> This event, which occurred around six o'clock in the evening, on a busy street in Aparecida de Goiânia, shocked those present at the scene, leading to a desperate escape after the shooting.
> 
> The suspect, a 25-year-old man from Pontalina, chose to turn himself in voluntarily at the homicide investigation group headquarters in Aparecida de Goiânia, accompanied by his lawyer.
> 
> Reports from witnesses near the scene indicate that after the shooting, the suspect fled in a silver car, creating panic among those present. Many ran, fearing further gunfire, while news of the crime quickly spread.

https://www.g5news.com.br/policia/homem-de-25-anos-que-matou-travesti-por-causa-de-r-50-se-entrega-a-policia/202451

https://ohoje.com/2025/08/25/travesti-e-assassinada-a-tiros-na-regiao-dos-moteis-em-aparecida-de-goiania/

https://www.maisgoias.com.br/cidades/travesti-e-assassinada-na-regiao-dos-moteis-em-aparecida-de-goiania/

https://portal6.com.br/2025/08/25/pm-monta-forca-tarefa-para-prender-homem-que-matou-travesti-em-frente-a-motel-de-aparecida-de-goiania/

https://portal6.com.br/2025/08/24/homem-e-morto-com-tiro-nas-costas-em-frente-a-motel-de-aparecida-de-goiania/

https://opopular.com.br/cidades/travesti-e-morta-na-regi-o-dos-moteis-em-aparecida-de-goiania-diz-pm-1.3303773","Solange Rodrigues da Silva died in a hotel room after being shot by a client in Aparecida de Goiânia, Goiás (Brazil) on 24 Aug 2025.

She was 23. #SayHerName #Trans LivesMatter #TDoR",https://tdor.translivesmatter.info/reports/2025/08/24/solange-rodrigues-da-silva_aparecida-de-goiania-goias-brazil_fdb8092b
Cintia,39,,,,26-Aug-2025,tgeu/tdor2025/26-Aug-2025/Cintia,,,Pará de Minas,Minas Gerais,Brazil,-19.84573833,-44.58928425,uncategorised,not reported,"Cintia was found dead in in front of a municipal building. She was a homeless victim of sexual abuse, and CCTV footage showed that she died at around 5am.

> ""The Military Police were activated this morning, after a doctor who passed Câmara Municipal de Pará de Minas came across a dead person in front of the chamber.
>
> ""We showed up at the scene and securrity footage from cameras showed us that this individual came towards the center, sat down around 5:00 in the morning, she sat down in front of the City Hall and suddenly passed away.
>
> ""We called the Civil Police for experts to attend the scene and she will be removed to the IML to determine the cause of death.
>
> ""This is a 39-year-old citizen of the state of Bahia and that used the social name Cintia.""

https://www.youtube.com/watch?v=maeouB7j2jk","Cintia was found dead in in front of a municipal building in Pará de Minas, Minas Gerais (Brazil) on 26 Aug 2025.

She was 39, homeless and a documented victim of sexual abuse. #SayHerName #TransLivesMatter #TDoR",https://tdor.translivesmatter.info/reports/2025/08/26/cintia_para-de-minas-minas-gerais-brazil_80055091
Rubi Viena,,,2025_08_28_Rubi-Viena.jpg,https://www.youtube.com/watch?v=EbszftdSxBk,28-Aug-2025,tgeu/tdor2025/28-Aug-2025/Rubi Viena,,,Independencia,Lima,Peru,-11.99,-77.04583,uncategorised,not reported,"Rubi's body was found in her room. The cause of her death is not known.

> Members of the Fevacel market, located in the Independencia district , are demanding that authorities clarify the events following the death of Rubi Viena, a transgender woman who was reported missing last Sunday, August 24. Four days later, authorities revealed they had found her body in her bedroom.
> 
> ""Days ago I saw her dancing, I saw her enjoying herself, we've all seen her smiling, walking here and there. (…) And given the news, it was like a bombshell, they told us all that Rubi had died, that she was found lifeless in her room where she lived,"" Jhony Dávila , a friend of the victim, told local media.
> 
> Rubi Viena used to work as a children's toy vendor at the Fevacel market . She also worked as a dancer: she had recently won an award for best trans dancer in the industry.
> 
> ""Rubi was a 360-degree artist, because aside from having her toy store, she danced, she was very supportive of the environment, she was very supportive of the [LGBT] community. (…) New girls who came out, she also supported them from the ground up,"" Dávila said.
> 
> ""The last time I spoke to her was on Saturday [August 23, 2025]. It's truly a shame to find out like this. It hit us like a bucket of cold water. (…) She was very loved, and we hope justice is done. They don't want to tell us anything. We just want justice. She didn't deserve to die like that,"" said a colleague from Vienna.
> 
> ""She's a longtime colleague, a good colleague who has always shared with us. She's never had any problems with us. It's very painful to learn that this happened to her. We want justice for her,"" commented one colleague. Meanwhile, another citizen remembered Viena as a cheerful, helpful, and caring person.

https://www.apnoticias.pe/video/latina-noticias/desaparecio-y-dias-despues-fue-encontrada-muerta-la-encontraron-sin-vida-en-su-habitacion-481902

https://trome.com/actualidad/policiales/independencia-mujer-transgenero-es-hallada-muerta-tras-ser-reportada-como-desaparecida-la-encontraron-en-su-habitacion-video-historia-de-policiales-noticia/

https://larepublica.pe/sociedad/2025/08/29/independencia-mujer-transgenero-reportada-desaparecida-es-hallada-sin-vida-y-allegados-exigen-justicia-1833960

https://latinanoticias.pe/lima/joven-desaparecio-y-dias-despues-fue-hallada-muerta-la-encontraron-sin-vida-en-su-habitacion_20250828/

https://www.tiktok.com/@latinanoticias/video/7543873019450510598

https://www.youtube.com/watch?v=EbszftdSxBk","The body of Rubi Viena was found in her room in Independencia, Lima (Peru) on 28 Aug 2025. #SayHerName #TransLivesMatter #TDoR",https://tdor.translivesmatter.info/reports/2025/08/28/rubi-viena_independencia-lima-peru_7304b292
Paula Rada,28,,2025_08_30_Paula-Rada.jpg,https://elirreverenteibague.com/noticia/2531901/se-identifico-la-mujer-trans-que-al-parecer-tomo-fatal-decision-en-ibague,30-Aug-2025,,,La Martinica,Ibagué,Tolima,Colombia,4.416722221,-75.21393406,suicide,possible suicide,"Paula was found dead in a residence. She may have died by suicide.

> Authorities are investigating the death of Paula Rada, a trans woman found in the La Martinica neighborhood of Ibagué. The results of the forensic medicine are awaited.
> 
> Authorities confirmed the death of Paula Rada, a 28-year-old trans woman  who was found dead in a home in the La Martinica neighborhood of Tolima. The incident, recorded this Saturday, August 30, is under investigation.
> 
> According to initial reports, the possibility of self-inflicted death has not been ruled out, although the exact circumstances have not yet been clarified. Paula  was well-known in Ibagué for her work as a webcam model and for being a well-known figure in her field.
> 
> The police and the Attorney General's Office's CTI (Institutional Investigation Unit) have taken over the investigation and expect to receive the results from the forensic medicine team in the coming days to determine the official cause of death.
> 
> At the same time, LGBTIQ+ community groups have expressed their concern and requested that the investigation be conducted rigorously, ensuring impartiality and without prejudice regarding the victim's identity.

https://www.ecosdelcombeima.com/index.php/judicial/nota-172895-esta-es-la-identidad-de-la-mujer-trans-encontrada-sin-vida-en-el-barrio-la

https://www.elnuevodia.com.co/actualidad/sucesos/hallan-sin-vida-mujer-trans-en-la-martinica-esto-es-lo-que-se-sabe-531281

https://elirreverenteibague.com/noticia/2531901/se-identifico-la-mujer-trans-que-al-parecer-tomo-fatal-decision-en-ibague

https://web.archive.org/web/20250901182213/https://vozdelpueblo920am.com/index.php/2025/09/01/joven-trans-habria-acabado-con-su-vida/
","Paula Rada was found dead in a residence in the La Martinica neighborhood of Ibagué, Tolima (Colombia) on 30 Aug 2025.

She was 28. #SayHerName #TransLifesMatter #TDoR",https://tdor.translivesmatter.info/reports/2025/08/30/paula-rada_ibague-tolima-colombia_043059c6
