Name,Age,Birthdate,Photo,Photo source,Date,TDoR list ref,Address,Locality,Town/City/Municipality,State/Province,Country,Latitude,Longitude,Category,Cause of death,Description,Tweet,Permalink
Babalú,,,,,1-Apr-2025,tgeu/tdor2025/1-Apr-2025/Babalú,Rua Zalu Galvão,,Currais Novos,Rio Grande do Norte,Brazil,-6.26201477,-36.51911416,violence,shot,"Babalú was shot in the early hours of the morning. She died at the scene.

> A trans woman was killed in the early hours of Tuesday (1st) in Currais Novos. According to preliminary information, the victim was hit by three shots. No one has been arrested so far.
> 
> According to the PM, the corporation was called around 1 am. The victim, identified as “Babalú”, was shot in the arm and twice in the chest.
> 
> The victim did not survive her injuries and died at the scene. The crime scene was cordoned off by the Military Police until the arrival of the Civil Police and the team from the Technical-Scientific Institute of Forensics (ITEP), responsible for removing the body and carrying out the forensic examination.
> 
> The circumstances of the crime are still unknown, and the police are investigating the perpetrator and motive for the murder. Witnesses will be interviewed and images from nearby security cameras may help to solve the case.

https://blogdoanthonymedeiros.com.br/mulher-trans-e-morta-a-tiros-em-currais-novos/

https://blogdorai.com.br/mulher-trans-e-assassinada-a-tiros-em-currais-novos-policia-investiga-o-caso/

https://www.vlaudeyliberato.com/mulher-trans-e-morta-a-tiros-em-currais-novos/","Babalú was shot in the early hours of the morning of 1 Apr 2025 in Currais Novos, Rio Grande do Norte ((Brazil).

She died at the scene. #SayHerName #TransLivesMatter #TDoR",https://tdor.translivesmatter.info/reports/2025/04/01/babalu_currais-novos-rio-grande-do-norte-brazil_47e937d5
Mía Zurí Gutiérrez Ramírez,20,,2025_04_02_Mia-Zuri-Gutierrez-Ramirez.jpg,https://www.diarioepoca.com/1348993-hallan-cadaver-de-unajoven-estudiante-transen-uniforme-colegial,2-Apr-2025,,Avenida De los Citricultores and Río Paraná,Bella Vista,Corrientes,Corrientes,Argentina,-28.52487314,-59.0608064,suicide,suicide,"Mia died by suicide. She was studying at the city's Teachers Training College, and iInvestigations are focusing on whether she had been bullied and her home environment.

> Police and the courts are investigating the causes that led a young transgender student to take her own life on the banks of the Paraná River in the city of Bella Vista. A neighbor discovered her body hanging from a tree, with the unusual feature still being her uniform from the city's Teachers' College. They are trying to determine whether the young woman had been suffering bullying because of her gender, or if a family problem was the trigger, as her relatives did not claim the body, which had been in the morgue for more than 12 hours.
> 
> At around 12:20 a.m. yesterday, a resident of Citricultores Avenue, in the southern part of the city, almost adjacent to the Paraná River, alerted the Second Police Station of the gruesome discovery. The man described how he had come across the body of a young person ""[suicide method redacted]"" at a height of two meters.
> 
> When the police commission arrived at the scene, they confirmed the incident and notified prosecutor Ramón Alfredo Muth, who minutes later summoned experts and forensic doctors to begin gathering information about what had happened.
> 
> Fernández also highlighted the fact that the victim was still wearing the Bella Vista Teacher Training School uniform, which she wore at night, and it was there that investigators began investigating her final hours.
> 
> Yesterday, it was also confirmed that the victim is a young transgender woman, identified as Mía Zurí Gutiérrez Ramírez, 20, who, according to sources consulted by the newspaper Época, had some family problems due to her condition.
> 
> After the autopsy, the body was taken to the Bella Vista Hospital morgue, but nearly 12 hours passed before family members claimed it. This happened after the police contacted them based on information they had gathered throughout the morning. The investigation was handed over to the local prosecutor's office in a case currently classified as ""alleged suicide.""

https://www.a24.com/policiales/sufria-bullying-y-tomo-la-peor-y-mas-horrorosa-decision-n1419325

https://www.diariomendoza.com.ar/policiales/investigan-muerte-una-estudiante-trans-sospechan-sufria-bullying-quito-vida-n92070

https://www.quepasasalta.com.ar/policiales/encontraron-sin-vida-a-una-estudiante-tras-la-hallaron-con-el-uniforme-del-colegio/

https://labandadiario.com/corrientes-estudiante-trans-se-quito-la-vida-investigan-si-sufria-bullying/

https://www.tn24.com.ar/2025/04/bella-vista-hallan-asesinada-a-una-joven-trans-y-exigen-que-se-investigue-como-transfemicidio/

https://www.adnsur.com.ar/policiales---judiciales/horror--encontraron-muerta-a-una-joven-mujer-trans-y-revelaron-la-terrible-forma-en-que-murio_a67ef214f9419fb2651c18a71

https://www.diariodecuyo.com.ar/argentina/una-estudiante-trans-se-quito-la-vida-investigan-si-sufria-bullying-1718412.html

https://noticiasdata.com.ar/bella-vista-en-shock-hallan-el-cuerpo-de-una-estudiante-trans-en-un-arbol/

https://www.quepasasalta.com.ar/policiales/una-joven-estudiante-tomo-la-peor-decision-investigan-si-sufria-bullying/

https://www.catamarcaya.com.ar/2012/index.php?modulo=notas&accion=ver&id=83396

https://tn.com.ar/policiales/2025/04/03/una-estudiante-trans-se-quito-la-vida-en-corrientes-investigan-si-sufria-bullying/

https://www.elonce.com/policiales/cadaver-hallado-cerca-del-rio-parana-llevaba-uniforme-colegial-e-investigan-si-sufria-bullying.htm

https://www.diarioepoca.com/1348993-hallan-cadaver-de-unajoven-estudiante-transen-uniforme-colegial

https://www.diariopanorama.com/noticia/513332/consternacion-corrientes-estudiante-trans-se-suicido-e-investigan-si-era-victima-bullying

https://www.cronica.com.ar/policiales/Conmocion-por-la-joven-trans-se-quito-la-vida-en-un-arbol-investigan-si-sufria-bullying-en-la-escuela-y-conflictos-familiares-20250403-0107.html

https://www.eltrecetv.com.ar/noticias/2025/04/03/una-estudiante-trans-se-quito-la-vida-en-corrientes-e-investigan-si-sufria-bullying/

https://www.datachaco.com/626566-corrientes-investigan-la-muerte-de-una-joven-trans-de-20-anos

https://www.nortecorrientes.com/196478-investigan-la-muerte-de-una-joven-trans-hallada-sin-vida-en-el-rio-parana

https://la100.cienradios.com/policiales/horror-en-corrientes-una-estudiante-trans-se-quito-la-vida-e-investigan-si-sufria-bullying/

https://www.contextotucuman.com/nota/343752/una-estudiante-trans-se-quito-la-vida-en-corrientes-investigan-si-sufria-bullying-en-la-escuela.html

https://corrientesaldia.info/2025/04/03/bella-vista-hallan-muerta-a-joven-trans-en-la-costa-del-parana-y-descartan-abuso-o-violencia/

https://diarioprimeralinea.com.ar/conmocion-en-bella-vista-hallaron-en-un-arbol-el-cuerpo-sin-vida-de-una-estudiante-trans/

https://www.diarioellibertador.com.ar/conmocion-por-el-hallazgo-de-una-joven-muerta-cerca-del-rio-parana/

https://www.cadenaderadios.com.ar/noticia/72271_conmocin-por-el-hallazgo-de-una-joven-muerta-cerca-del-ro-paran.htm

https://www.diarioepoca.com/1348937-joven-hallada-muerta-en-el-interior-de-corrientes-descartan-todo-tipo-de-ataque-sexual

https://www.radiodos.com.ar/186882-corrientes-hallan-un-cadaver-con-uniforme-de-estudiante-y-con-signos-de-haber-sido-atacado

https://www.instagram.com/haceinstantesok/p/DH_d3tfTsjr/","Mía Zurí Gutiérrez Ramírez died by suicide in Corrientes (Argentina) on 2 Apr 2025.

She was 20, and was studying at the city's Teachers Training College. #SayHerName #TransLivesMatter #TDoR",https://tdor.translivesmatter.info/reports/2025/04/02/mia-zuri-gutierrez-ramirez_corrientes-argentina_7b1a3f32
Shagufta,,,,,2-Apr-2025,tgeu/tdor2025/2-Apr-2025/Shagufta,,Nizampur,Nowshera,Khyber Pakhtunkhwa,Pakistan,34.0034326,71.97372292,violence,shot,"Shagufta was shot dead by unidentified assailants riding a motorcycle. Several other trans people riding in the same vehicle survived the attack.

> NOWSHERA: One transgender person was killed, while the others miraculously survived in a firing incident in the Nizampur area of Nowshera.
> 
> Reports said four unidentified persons riding two motorcycles opened fire on a vehicle carrying transgender persons returning from a musical event.
> 
> The firing left one transgender person dead. [They were] identified as Shagufta.
> 
> The assailants fled the scene after committing the crime.
> 
> The body of the deceased was shifted to Qazi Hussain Ahmad Medical Complex for postmortem. A case was registered against the unidentified attackers, and the investigation was launched

https://www.thenews.com.pk/print/1297449-transgender-person-killed-in-firing

https://www.youtube.com/watch?v=QP2_r4K2Vn8","Shagufta was shot dead by unidentified assailants riding a motorcycle in Nowshera, Khyber Pakhtunkhwa (Pakistan) on 2 Apr 2025.  #SayHerName #TransLivesMatter #TDoR

Several other trans people riding in the same vehicle survived the attack.",https://tdor.translivesmatter.info/reports/2025/04/02/shagufta_nowshera-khyber-pakhtunkhwa-pakistan_dd4da55d
Faith Roberts,19,,2025_04_04_Faith-Roberts.jpg,by email,4-Apr-2025,,,,Farnham,Surrey,United Kingdom,51.21652611,-0.787299016,suicide,suicide,"Faith died by suicide.

> a friend of mine who had been studying at university took her own life on the 4th of april this year. she attributed it in the note she left to a combination of childhood trauma, and dysphoria, she felt hopeless in her transition, her name was Faith Roberts, her birthday was the 16th of september 2005, she was only 19 at the time, and the only online acknowledgement of her death is the note she left, there haven't been news reports no matter how long i've looked and i just want her to be remembered and acknowledged

Faith's Twitter, Instagram and Itch profiles are https://x.com/sterrenmaid, https://www.instagram.com/sneedmoder/ and https://sterrenmaid.itch.io/.

https://www.instagram.com/p/DCnkZLMq0jY/","Faith Roberts died by suicide in Farnham, Surrey (United Kingdom) on 4 Apr 2025.

She was 19. #SayHerName #TransLivesMatter #TDoR",https://tdor.translivesmatter.info/reports/2025/04/04/faith-roberts_farnham-surrey-united-kingdom_7fac3339
Marcela Valentina,20,,2025_04_04_Marcela-Valentina.jpg,https://www.alagoas24horas.com.br/1660699/jovem-morta-e-deixada-enrolada-em-calcada-em-jatiuca-e-identificada/,4-Apr-2025,tgeu/tdor2025/4-Apr-2025/Marcela Valentina,,Jatiúca,Maceió,Alagoas,Brazil,-9.651104267,-35.7050515,violence,raped and beaten,"Marcela was a makeup artist who lived on the street. Her body was found wrapped in a tarpaulin on the pavement next to a school.

> Last Friday (04) the body of a trans woman was found wrapped in a tarpaulin on the sidewalk of a state school in the Jatiúca neighborhood, in Maceió-AL. The victim was identified as Marcela Valentina, 20 years old. Marcela lived in the Salgado neighborhood, in Caruaru, and worked as a makeup artist.
> 
> Marcela's body was found in an area where garbage is usually dumped. According to witnesses, close to where she was found, Marcela was with a man the night before the crime, in the same place where she was found.
> 
> On Monday (7), the Scientific Police of Alagoas confirmed that the woman died as a result of a traumatic brain injury (TBI). The expert report indicates that she was raped with a blunt instrument, which was confirmed by the IML. The young woman had bruises on her face and punctures in her head from an unidentified object. Personal objects such as a purse and cell phone were found next to the victim's body, but there were no documents. Even though it was broken, the cell phone was collected and will be examined by experts. There was a receipt indicating that she had lunch two days earlier at a restaurant inside a shopping mall.
> 
> Marcela's body was released by her mother this Sunday (6), after the completion of the autopsy examination, which will be sent to the Homicide and Personal Protection Division (DHPP) of the Civil Police, which continues investigating to identify the person responsible for the crime.

A suspect was arrested on 16th July 2025.

https://www.politicaalagoana.com.br/operacao-da-policia-civil-resulta-na-prisao-de-envolvidos-na-morte-de-perola-e-marcela-valentina/

https://www.br104.com.br/policial/mandante-do-assassinato-de-mulher-trans-e-preso-em-maceio-corpo-foi-abandonado-atras-de-escola/

https://sampi.net.br/ovale/noticias/2910286/geral/2025/06/ofereceu-r-10-mil-para-matar-mulher-trans-e-esconder-romance

https://www.alagoasnews.com.br/noticia/11814/mandante-pagou-r-10-mil-para-matar-mulher-trans-para-nao-expor-relacionamento

https://www.gazetaweb.com/noticias/policia/transfobia-e-intolerancia-religiosa-podem-ter-motivado-assassinato-de-mulher-trans-na-jatiuca-811829

https://tribunahoje.com/index.php/noticias/policia/2025/06/17/159892-mulher-trans-foi-morta-apos-ameacar-contar-caso-extraconjungal-com-mandante-do-crime

https://www.zona10.com.br/noticias/2025/06/17/16278-suspeito-de-matar-mulher-trans-e-deixar-corpo-em-escola-e-preso-em-maceio

https://www.tnh1.com.br/noticia/nid/mandante-pagou-r-10-mil-para-matar-mulher-trans-apos-vitima-ameacar-expor-relacionamento/

https://www.alagoas24horas.com.br/1675182/executor-recebeu-r-10-mil-para-matar-e-esconder-relacionamento-com-mulher-trans/

https://www.7segundos.com.br/maceio/noticias/2025/06/17/278093-investigacao-jovem-trans-foi-morta-a-mando-de-amante-que-pagou-r-10-mil-pelo-crime

https://www.cnnbrasil.com.br/nacional/nordeste/al/video-suspeito-de-matar-mulher-trans-empurra-carrinho-de-mao-apos-crime/

https://www.gazetaweb.com/noticias/policia/mandante-pagou-r-10-mil-para-matar-mulher-trans-apos-vitima-ameacar-expor-caso-extraconjugal-822231

https://conexaonoticias.com.br/noticia/33778/policia-civil-prende-suspeito-de-ter-assassinado-mulher-trans-em-maceio.html

https://www.br104.com.br/alagoas/policia-prende-suspeito-de-assassinar-mulher-trans-em-maceio/

https://www.metropoles.com/brasil/suspeito-de-matar-mulher-trans-e-abandonar-corpo-em-saco-e-preso

https://diario.dopovo.com.br/2025/06/17/suspeito-de-assassinar-mulher-trans-e-preso-em-maceio/

https://correiodopovo-al.com.br/noticia/2025/06/17/suspeito-preso-por-assassinato-de-mulher-trans-em-maceio

https://alagoas.al.gov.br/noticia/policia-civil-prende-suspeito-de-ter-assassinado-mulher-trans-em-maceio

https://cbnmaceio.com.br/noticia/21531/policia-prende-homem-que-matou-e-carregou-corpo-de-mulher-trans-em-carrinho-de-mao

https://aquiagoraal.com.br/preso-suspeito-de-matar-mulher-trans-em-maceio/

https://www.tnh1.com.br/noticia/nid/suspeito-de-assassinar-jovem-trans-e-deixar-corpo-em-lona-na-jatiuca-e-preso/

https://www.alagoas24horas.com.br/1675074/suspeito-de-matar-jovem-trans-e-jogar-corpo-em-calcada-na-jatiuca-e-preso/

https://www.7segundos.com.br/maceio/noticias/2025/06/17/278063-suspeito-de-matar-jovem-trans-e-carregar-corpo-em-carrinho-de-mao-e-preso-em-maceio

https://g1.globo.com/al/alagoas/noticia/2025/06/17/pc-prende-suspeito-de-assassinar-mulher-trans-em-maceio.ghtml

https://www.gazetaweb.com/noticias/policia/preso-suspeito-de-matar-mulher-trans-e-abandonar-corpo-em-saco-de-lona-em-maceio-822196

https://ojornalextra.com.br/noticias/alagoas/2025/06/115603-suspeitos-de-morte-de-mulher-trans-sao-presos-pela-policia-civil-em-maceio

https://www.cadaminuto.com.br/noticia/2025/06/17/policia-civil-prende-suspeito-de-ter-assinado-mulher-trans-e-carregado-corpo-em-carrinho-de-mao

https://metropolitanafmcaruaru.com.br/mulher-trans-que-residia-em-caruaru-e-encontrada-morta-enrolada-em-lona-na-cidade-de-maceio-al/

https://interior.ne10.uol.com.br/noticias/2025/04/08/jovem-trans-moradora-de-caruaru-e-assassinada-em-maceio-corpo-foi-encontrado-em-area-de-descarte.html

https://www.tnh1.com.br/noticia/nid/mulher-encontrada-morta-coberta-por-lona-era-trans-e-natural-de-pernambuco/

https://www.gazetaweb.com/noticias/policia/saiba-quem-e-a-mulher-trans-encontrada-morta-em-saco-de-lona-na-jatiuca-811584

https://www.br104.com.br/crime/mulher-trans-de-caruaru-e-encontrada-morta-dentro-de-saco-de-lona-em-maceio/

https://emtemponoticias.com/noticias/2025/04/07/8269-quem-era-marcela-valentina-jovem-trans-encontrada-morta-em-saco-de-lona-na-jatiuca

https://www.gazetaweb.com/noticias/policia/mulher-trans-morreu-vitima-de-traumatismo-craniano-aponta-laudo-do-iml-811607

https://tribunadosertao.com.br/noticias/2025/04/07/665038-policia-cientifica-confirma-causa-da-morte-de-mulher-trans-em-maceio

https://g1.globo.com/al/alagoas/noticia/2025/04/07/pericia-aponta-que-mulher-trans-morreu-de-traumatismo-craniano-em-maceio.ghtml

https://www.alagoas24horas.com.br/1660699/jovem-morta-e-deixada-enrolada-em-calcada-em-jatiuca-e-identificada/

https://emtemponoticias.com/noticias/2025/04/07/8273-policia-cientifica-confirma-causa-da-morte-de-mulher-trans-achada-em-calcada-na-jatiuca

https://g1.globo.com/al/alagoas/noticia/2025/04/05/mulher-encontrada-morta-na-jatiuca-era-trans-e-havia-almocado-dias-antes-em-shopping-de-maceio.ghtml

https://tribunahoje.com/noticias/policia/2025/04/04/154818-mulher-encontrada-morta-em-calcada-de-escola-era-trans-pc-investiga-o-caso

https://www.gazetaweb.com/noticias/policia/policia-investiga-morte-de-mulher-trans-proximo-a-escola-na-jatiuca-811264

https://www.tnh1.com.br/noticia/nid/mulher-e-encontrada-morta-ensanguentada-em-calcada-de-escola-publica/

https://www.tnh1.com.br/videos/single-de-video/vid/mulher-e-morta-na-jatiuca-policia-civil-pede-ajuda-para-prender-suspeito/

https://www.youtube.com/watch?v=bKOpBkpmXZI&t=2s","The body of Marcela Valentina was found wrapped in a tarpaulin on the pavement next to a school in Maceió, Alagoas (Brazil) on 4 Apr 2025.

She was 20, and was a homeless makeup artist. #SayHerName #TransLivesMatter #TDoR",https://tdor.translivesmatter.info/reports/2025/04/04/marcela-valentina_maceio-alagoas-brazil_cd14be7f
Jennifer,23,,2025_04_05_Jennifer.jpg,https://76crimes.com/2025/04/14/transfemicide-in-abidjan-shakes-ivory-coast/,5-Apr-2025,tgeu/tdor2025/4-Apr-2025/Jennifer,,,Abidjan,Abidjan,Ivory Coast,5.34877,-4.1444822,violence,stabbed,"Jennifer was killed on a date. She had fled to Abidjan in 2021 after fleeing from Benin, where she had been assaulted in a bar and stripped naked in public.

> Jennifer, age 23, had been living in Ivory Coast for four years after fleeing her native Benin after she was assaulted in a bar there and stripped naked in public. Since 2021, she had thought she had found a relative haven of peace in Ivory Coast, where she could enjoy her trans identity in peace, far from the inquisitive eyes of her family.
> 
> Until recently, Ivory Coast had been seen as relatively tolerant towards LGBT people, but that image has been shattered by a wave of anti-LGBT hate speech and violence.
> 
> According to those close to Jennifer, she apparently met her murderer on a social network, but had taken precautions before meeting him. She told him beforehand that she was a trans woman in order to avoid any misunderstanding.
> 
> She also avoided going out at night to meet him in an unfamiliar neighborhood. Instead, she arranged to meet him at her home. However, on the night of April 4-5, she was found lifeless in her home, stabbed to death and lying in a pool of blood.
> 
> Before the tragedy, feeling the need to be proactive, she had taken care to send close friends a photo of the young man she was about to meet. As a result, after the murder, the identity of her assailant was quickly revealed on the web.

https://76crimes.com/2025/04/14/transfemicide-in-abidjan-shakes-ivory-coast/

https://www.stophomophobie.com/cote-divoire-hommage-a-jennifer-femme-trans-beninoise-de-23-ans-assassinee-a-abidjan/

https://x.com/nanana365media/status/1910410490146074883","Jennifer was killed on a date in Abidjan (Ivory Coast) on 5 Apr 2025.

She was 23, and had fled to Abidjan from Benin in in 2021 after being assaulted in a bar and stripped naked in public. #SayHerName #TransLivesMatter #TDoR",https://tdor.translivesmatter.info/reports/2025/04/05/jennifer_abidjan-ivory-coast_69f90542
Sara Millerey,32,,2025_04_05_Sara-Millerey.jpg,https://telemedellin.tv/asesinan-mujer-trans-en-bello/750937/,5-Apr-2025,tgeu/tdor2025/5-Apr-2025/Sara Millerey,,Playa Rica,Bello,Antioquia,Colombia,6.341983737,-75.56708701,violence,beaten and thrown into a ravine,"Sara's brutal murder by a group of men who filmed her suffering with broken limbs at the bottom of a ravine caused widespread outrage which spread far beyond her native Colombia.

> Activists and members of the LGBTI+ community in Antioquia are mourning the shocking crime that took the life of Sara ""la Millerey,"" as her friends knew her, in early April 2025.
> 
> According to reports shared on social media, Sara's arms and legs were broken before she was thrown into the Playa Rica ravine in the municipality of Bello.
> 
> On social media, family and friends lamented the news after her death was confirmed on Sunday afternoon, April 6.
> 
> Sara's final hours were the stuff of horror films. Her attackers, not content with just beating her, decided to immobilize her to prevent her from escaping a deadly trap in which, despite her pleas, she ended up losing her way .


The investigation into Sara's murder revealed that at least seven individuals were involved. A reward of up to 100 million pesos has been offered for information on her killers.

One, Juan Camilo Muñoz Gaviria, (also known as ""Teta"") was detained on 30th April on charges of aggravated homicide and torture.

> The Attorney General's Office revealed that at least seven people were allegedly involved in the murder of transgender woman Sara Millerey González, who was brutally murdered on April 4 in the municipality of Bello, Antioquia.
> 
> So far, only one person has been arrested in connection with these incidents, but authorities assure that the investigation remains active and more arrests could be made in the coming days.
> 
> The first person arrested in this case was identified as Juan Camilo Muñoz Gaviria, alias Teta, who was detained on April 30 during a joint operation between the Prosecutor's Office and the National Police. Read: One of the suspects in the brutal murder of Sara Millerey arrested.
> 
> This Friday, May 2, during the indictment hearing, the prosecution maintained that there was evidence indicating that the crime was not committed alone.
> 
> According to the victim's family attorney, Saúl León, a second person has already been identified, and the involvement of at least six individuals in the murder is being investigated. ""There is evidence that prior to the physical assault, she was also verbally abused because of her gender,"" León said in an interview with Noticias Caracol, warning of a possible element of hate linked to Sara's gender identity.


Sara's funeral took place on 8th April. She was described as a happy, joyful and kind-hearted by those who knew her.

She had graduated in 2017, had a strong faith and loved to write.

> Happy, joyful, kind-hearted—those are just a few of the adjectives that best described Sara Millerey González Borja, the trans woman brutally murdered in a river in the municipality of Bello, Antioquia. 
> 
> Sandra Milena Borja, Sara's mother, is navigating these days in a kind of ""sea"" of memories. Surrounded by picture frames containing her daughter's best postcards, Sandra delves into memory to bring her beloved daughter's life back to the present.
> 
> “This is her graduation photo. It was in 2017. She was a girl who loved to write. Very devoted to God. These are the little photos of her I remember,” she says, with that sadness that only mothers feel when they lose a child. It's that absolute desolation and sadness that parents feel when the premise that says they, the children, are responsible for burying their parents, and not the other way around, is shattered.
> 
>  “This was on a birthday,” she adds, holding back tears. “She was very cheerful, very happy. She liked to write about God and the Virgin Mary. I have some writings here, if you want, I can show them to you,”  she tells RED+ NOTICIAS journalist Maicol Buitrago, who in his interview delved into the notebooks containing Sara's unpublished letters and writings, a previously unknown side of the trans woman the entire country is talking about today.
> 
> The texts reveal the other Sara. The Sara who dedicated a few hours of her time to writing letters addressed to God, to the Virgin Mary, and to life, using a black pen, the kind that leaves your fingers stained with ink.
> 
> ""Lord Jesus Christ, please keep my home free from all evil at every moment, hour, minute, and second. Keep me away from tragic and painful situations. May I never fall into evil, much less be trapped.""
> 
> -- excerpt from a letter by Sara Millerey González


In Sara's final diary entry she wrote that she had been threatened and was afraid:

> Sara Millerey's mother, shared with Noticias Caracol the last message her daughter left in her diary. She wrote that she was afraid, afraid of what might happen to her, and that she wished to be healed, both body and soul.
> 
> ""You know I've been through a lot of fear and a lot of threats, which I wouldn't want to come true. Please, I ask you not to let them happen,"" her mother told the aforementioned media outlet.
> 
> Her mother also showed a leaflet that read: “Bring me light. Bathe me in light. Heal my body. Heal my heart. Heal my soul.” She added that her daughter was afraid to go out because she would be attacked or insulted, “but she didn't tell me anything beyond that so I wouldn't worry, because she was a person who didn't harm anyone, anyone. Everyone knew her.”

After Sara's death a mural in her honour was painted near Solla on the Medellín-Bogotá highway.

The mural depicts Sara wearing a blue dress, with 1993 (the year she was born) and 2025 set against the colors of the Pride flag. On the mural is the caption ""Hate is killing us"".

<iframe width=""840"" height=""473"" src=""https://www.youtube.com/embed/kCLTiB0JgPo?si=63HCGj1IUTcYOiXG"" title=""YouTube video player"" frameborder=""0"" allow=""accelerometer; autoplay; clipboard-write; encrypted-media; gyroscope; picture-in-picture; web-share"" referrerpolicy=""strict-origin-when-cross-origin"" allowfullscreen></iframe>

https://agenciapresentes.org/2025/04/09/transfemicidio-de-sara-millerey-la-crueldad-la-complicidad-social-y-los-medios/

https://www.thepinknews.com/2025/04/11/sara-millerey-vigil-trans-colombia/

https://www.lawyer-monthly.com/2025/04/justice-for-sara-millerey-colombia/

https://www.thepinknews.com/2025/04/09/sara-millerey-trans-killing-colombia-lgbtq/

https://www.noticiascaracol.com/colombia/asesinan-a-mujer-trans-en-antioquia-le-fracturaron-piernas-y-brazos-y-la-lanzaron-a-una-quebrada-rg10

https://caracol.com.co/2025/04/07/a-mujer-trans-asesinada-en-bello-la-torturaron-reporto-la-alcaldia/

https://www.vanguardia.com/judicial/2025/04/07/atroz-feminicidio-a-sara-le-fracturaron-las-piernas-y-la-arrojaron-herida-a-una-quebrada/

https://www.semana.com/nacion/medellin/articulo/cruel-asesinato-de-mujer-trans-en-bello-conmociona-a-defensores-de-derechos-humanos/202514/

https://qhubomedellin.com/actualidad/judicial/sara-millerey-mujer-trans-asesinada-en-bello-PA27056485

https://www.elcolombiano.com/antioquia/mujer-trans-asesinada-quebrada-bello-sara-millerey-gonzalez-DA27054711

https://www.eltiempo.com/colombia/medellin/mujer-trans-fallecio-tras-ser-brutalmente-golpeada-y-lanzada-a-una-quebrada-en-bello-antioquia-3442504

https://www.teleantioquia.co/noticias/revelan-detalles-de-crimen-de-mujer-trans-a-quien-despues-de-golpearla-la-arrojaron-a-quebrada-de-bello/

https://www.pulzo.com/nacion/torturan-asesinan-mujer-trans-bello-antioquia-testigos-grabaron-PP4435389A

https://www.noticiasrcn.com/colombia/esto-se-sabe-de-la-mujer-trans-que-fue-hallada-con-sus-extremidades-rotas-en-un-rio-de-bello-877500

https://www.colombiainforma.info/sara-millerey-otra-victima-de-transfeminicidio/

https://elpais.com/america-colombia/2025-04-28/el-congreso-tiene-dos-meses-para-salvar-la-ley-integral-trans.html

https://www.radionacional.co/actualidad/politica/congreso-llevo-cabo-audiencia-publica-sobre-ley-sara-millerey

https://cambiocolombia.com/pais/el-atroz-asesinato-de-sara-millerey-gonzalez-la-mujer-trans-que-murio-tras-ser-lanzada-una

https://www.rtvcnoticias.com/caso-sara-millerey-transfeminicidio-antioquia

https://www.teleantioquia.co/noticias/el-video-que-analizan-las-autoridades-del-asesinato-de-mujer-trans-en-bello/

https://www.alertapaisa.com/noticias/valle-de-aburra/extrana-muerte-de-mujer-trans-en-bello-la-victima-fue-hallada-en-una

https://www.nodal.am/2025/05/el-crimen-de-sara-millerey-y-la-crueldad-hacia-las-personas-trans-en-america-latina/

https://www.eluniversal.com.co/colombia/2025/05/03/muerte-de-sara-millerey-siete-implicados-en-el-crimen-segun-la-fiscalia/

https://mundonow.com/asesinato-mujer-trans-bello/

https://telemedellin.tv/detalles-asesinato-sara-millerey-fiscalia/756126/

https://www.elcolombiano.com/antioquia/alias-teta-carcel-capturado-asesinato-de-sara-millerey-en-bello-MG27305832

https://www.elespectador.com/judicial/caso-sara-millerey-gonzalez-envian-a-la-carcel-a-presunto-responsable-del-crimen-noticias-hoy/

https://www.semana.com/nacion/articulo/a-prision-implicado-en-crimen-de-sara-millerey-gonzalez/202550/

https://mioriente.com/antioquia/por-el-transfeminicidio-de-sara-millerey-envian-a-la-carcel-a-uno-de-los-presuntos-responsables.html

https://www.eluniversal.com.co/sucesos/2025/05/03/a-la-carcel-alias-teta-por-asesinar-a-la-mujer-trans-sara-millerey/

https://www.france24.com/es/video/20250504-colombia-prisi%C3%B3n-preventiva-para-uno-de-los-presuntos-asesinos-de-sara-millerey

https://diariodelnorte.net/nacion/asegurado-presunto-responsable-de-torturar-y-causarle-la-muerte-a-una-mujer-trans-en-antioquia/

https://www.lapatria.com/sucesos/envian-la-carcel-al-acusado-de-torturar-y-asesinar-sara-millerey-la-mujer-trans-en-bello

https://diariodelhuila.com/a-la-carcel-presunto-agresor-de-sara-millerey/

https://diariolalibertad.com/sitio/2025/05/01/legalizan-captura-de-uno-de-los-presuntos-asesinos-de-sara-millerey-gonzalez-en-bello/

https://www.publimetro.co/opinion/2025/05/02/opinion-las-mujeres-trans-son-mujeres/

https://www.pulzo.com/nacion/asesinato-sara-millerey-bello-antioquia-identifican-otros-implicados-PP4488875A

https://www.bluradio.com/regiones/antioquia/caso-sara-millerey-asi-lograron-la-captura-de-presunto-homicida-de-la-mujer-trans-so35

https://colombiacheck.com/investigaciones/transfobia-contra-sara-millerey-gonzalez-busca-tapar-el-crimen-con-acusaciones

https://www.elheraldo.co/colombia/2025/05/02/seis-personas-mas-participaron-en-el-transfeminicidio-de-sara-millerey-fiscalia/

https://www.eluniversal.com.co/colombia/2025/05/03/muerte-de-sara-millerey-siete-implicados-en-el-crimen-segun-la-fiscalia/

https://www.alertapaisa.com/noticias/valle-de-aburra/prision-alias-teta-acusado-de-torturar-y-matar-sara-mujer-trans-en-bello

https://zonacero.com/judiciales/la-carcel-hombre-senalado-de-torturar-y-asesinar-sara-millerey

https://www.lanacion.com.co/carcel-para-presunto-responsable-de-torturar-y-causarle-la-muerte-a-una-mujer-trans-en-antioquia/

https://seguimiento.co/colombia/ordenan-carcel-contra-presunto-asesino-de-sara-millerey-gonzalez-78808

https://www.pulzo.com/nacion/crimen-sara-millerey-detalles-donde-estaba-mujer-trans-envian-prision-PP4490484

https://cambiocolombia.com/pais/sara-millerey-envian-carcel-presunto-asesino-mujer-trans-atacada-bello-antioquia

https://www.infobae.com/america/agencias/2025/05/03/envian-a-la-carcel-al-acusado-de-torturar-y-asesinar-a-una-mujer-trans-en-colombia/

https://www.h13n.com/fue-enviado-a-la-carcel-alias-tete-por-el-crimen-de-sara-millerey-en-bello/323664/

https://xeu.mx/internacional/1371031/dan-prisin-al-asesino-de-mujer-trans-sara-millerey-le-fractur-piernas-brazos-y-la-lanz-al-rio

https://www.ismorbo.com/arrestado-uno-de-los-asesinos-de-sara-millerey-en-colombia/

https://caracol.com.co/2025/05/01/126-horas-de-videos-y-analisis-de-audio-se-consideraron-en-caso-de-sara-millerey-brigadier-general/

https://www.noticiasrcn.com/colombia/asi-reaccionaron-en-antioquia-a-la-captura-del-presunto-asesino-de-sara-millerey-885713

https://www.rcnradio.com/colombia/antioquia/juez-legalizo-la-captura-de-uno-de-los-presuntos-asesinos-de-sara-millerey-gonzalez

https://caracol.com.co/2025/05/01/policia-entrega-detalles-de-la-captura-del-presunto-asesino-de-sara-millerey/

https://www.elcolombiano.com/colombia/prontuario-criminal-asesino-sara-millerey-bello-antecedentes-homicidio-KO27292833

https://www.ecuavisa.com/mundo/acusado-asesinato-mujer-trans-capturado-colombia-BF9263232

https://oem.com.mx/elsoldemexico/mundo/capturan-a-un-acusado-por-asesinato-de-sara-millerey-en-colombia-23056371

https://laprensademonagas.com/colombia-capturan-a-presunto-asesino-de-la-mujer-trans-asesinada-en-rio/

https://abcnoticias.mx/global/2025/4/30/cae-uno-de-los-asesinos-de-sara-millerey-joven-trans-golpeada-arrojada-un-rio-247752.html

https://www.milenio.com/internacional/caso-sara-mirelley-capturan-presunto-implicado-asesinato

https://www.crhoy.com/mundo/capturado-sospechoso-del-brutal-asesinato-de-mujer-trans-en-colombia/

https://elnuevodiario.com.do/capturan-a-un-presunto-responsable-de-torturar-y-asesinar-a-una-mujer-trans-en-colombia/

https://seguimiento.co/colombia/en-bello-capturan-presunto-asesino-de-sara-millerey-gonzalez-78774

https://www.elcolombiano.com/antioquia/captura-homicidio-sara-millerey-bello-antioquia-EP27287175

https://www.elespectador.com/colombia/medellin/capturaron-a-presunto-responsable-del-asesinato-de-sara-millerey/

https://www.eluniversal.com.co/colombia/2025/04/30/capturan-a-uno-de-los-sospechosos-del-cruel-crimen-de-sara-millerey/

https://www.chicanoticias.com/2025/04/30/capturan-asesino-sara/

https://es.globalvoices.org/2025/04/30/basta-ya-una-voz-de-la-comunidad-trans-frente-al-horror-en-colombia/

https://www.lapatria.com/sucesos/hay-un-capturado-por-asesinato-de-la-mujer-trans-sara-millerey

https://www.elheraldo.co/colombia/2025/04/30/capturan-en-antioquia-a-presunto-asesino-de-sara-millerey-gonzalez/

https://qhubomedellin.com/actualidad/local/mural-en-honor-a-sara-millerey-HB27154773

https://www.lafm.com.co/colombia/autoridades-capturan-a-los-presunto-responsable-del-asesinato-de-sara-millerey

https://www.bluradio.com/regiones/antioquia/el-es-el-presunto-asesino-de-la-mujer-trans-sara-millerey-gonzalez-en-medellin-so35

https://www.pulzo.com/nacion/detalles-sara-millerey-madre-dice-como-encontraron-PP4456535

https://qhubomedellin.com/actualidad/local/mural-en-honor-a-sara-millerey-HB27154773

https://www.elheraldo.hn/fotogalerias/mundo/testimonio-madre-sara-millere-trans-asesinada-colombia-JC25410797

https://www.eltiempo.com/colombia/medellin/quien-saco-a-sara-millerey-de-la-quebrada-familia-revela-nuevos-detalles-3445501

https://www.infobae.com/colombia/2025/04/15/identifican-a-6-personas-implicadas-en-el-asesinato-de-la-mujer-trans-sara-millerey/

https://www.lafm.com.co/colombia/caso-sara-millerey-informe-revela-cuantas-personas-participaron-en-el-crimen

https://cambiocolombia.com/pais/caso-sara-millerey-autoridades-identificaron-presuntos-asesinos

https://www.elheraldo.co/colombia/2025/04/15/presuntos-asesinos-de-sara-millerey-ya-habrian-sido-identificados/

https://www.laopinion.co/colombia/presuntos-asesinos-de-sara-millerey-estarian-cerca-de-ser-identificados

https://diariodelnorte.net/nacion/justicia-por-sara-millerey-capturan-al-presunto-asesino-de-la-mujer-trans-en-bello-antioquia/

https://www.pagina12.com.ar/821878-el-crimen-de-sara-millerey-y-la-crueldad-hacia-las-personas-

https://www.radionacional.co/actualidad/politica/congreso-llevo-cabo-audiencia-publica-sobre-ley-sara-millerey

https://desastre.mx/sara-millerey-el-borrado-de-mujeres-y-el-horror-como-espectaculo/

https://www.religiondigital.org/tras_las_huellas_de_sophia/martirio-Sara-Millerey-resurreccion-profetica_7_2772092764.html

https://www.candelaestereo.com/actualidad/quien-saco-a-sara-millerey-la-mujer-trans-de-la-quebrada/

https://www.kienyke.com/las-kienes/quienes-estuvieron-detras-del-crimen-de-sara-millerey-en-bello

https://www.ecuavisa.com/mundo/seis-personas-implicadas-asesinato-sara-millerey-KA9165693

https://www.teleantioquia.co/noticias/atencion-identificaron-a-asesinos-de-sara-millerey/

https://www.eluniversal.com.co/colombia/2025/04/15/presuntos-asesinos-de-sara-millerey-estarian-cerca-de-ser-identificados/


https://flip.org.co/pronunciamientos/amenazan-a-periodistas-de-q-hubo-tras-informar-sobre-el-asesinato-de-sara-millerey

https://telemedellin.tv/responsables-crimen-sara-millerey/752846/

https://www.losreplicantes.com/articulos/asesinato-mujer-trans-colombia-arrojada-rio/

https://www.kienyke.com/las-kienes/fiscalia-identifica-presuntos-responsables-de-matar-sara-millerey

https://www.elespectador.com/colombia/medellin/se-conocen-nuevos-detalles-del-caso-de-sara-millerey-hablo-la-tia/

https://www.elespectador.com/opinion/columnistas/cristina-de-la-torre/sara-millerey-rompe-el-silencio/

https://www.abc.es/sociedad/conmocion-colombia-asesinato-mujer-trans-apalizada-arrojada-20250415094033-nt.html

https://www.elcolombiano.com/opinion/columnistas/juan-david-ramirez-el-arraigo-de-la-violencia-OF27119654

https://www.pulzo.com/nacion/crimen-sara-millerey-ultimas-palabras-mujer-trans-que-murio-bello-PP4451432

https://www.chicanoticias.com/2025/04/14/tia-detalles-herida/

https://www.pulzo.com/nacion/muerte-sara-millerey-gonzalez-madre-dijo-cuales-fueron-sus-ultimas-palabras-PP4451350A

https://www.textual.cl/sara-millerey-bello-gustavo-petro-crimen-odio-52/

https://www.milenio.com/internacional/sara-millerey-ultimas-palabras-a-su-madre-en-hospital-voy-a-morirme

https://confidencialnoticias.com/opinion/que-el-mundo-no-vuelva-a-mirar-hacia-otro-lado/

https://kaosenlared.net/colombia-transfemicidio-de-sara-millerey-cuando-la-crueldad-se-vuelve-viral/

https://www.laizquierdadiario.com/De-Mexico-a-Colombia-Exigen-justicia-para-Sara-Millerey

https://www.chicanoticias.com/2025/04/12/comunidad-procuraduria-trans/

https://www.ecoportal.net/temas-especiales/colombia-homicidio-trans-sara/

https://www.pagina12.com.ar/817920-justicia-por-sara

https://www.jornada.com.mx/noticia/2025/04/11/mundo/conmociona-en-colombia-transfeminicidio-de-sara-mirelley

https://www.milenio.com/espectaculos/famosos/sara-millerey-sacerdote-catolico-exige-justicia

https://e-veracruz.mx/nota/2025-04-10/municipios/asesinan-en-antioquia-mujer-trans-la-grabaron-mientras-se-ahogaba

https://www.milenio.com/espectaculos/famosos/filtran-cartas-de-sara-millerey-pidiendo-a-dios-cuidar-a-su-familia

https://semanariovoz.com/sara-somos-todas-o-de-la-limpieza-social-a-las-mujeres-trans/

https://www.uniradioinforma.com/sociedad/colectivos-mexicanos-exigen-justicia-transfeminicidio-sara-millerey-n813666

https://www.jornada.com.mx/2025/04/12/mundo/017n2mun

https://www.elmundo.es/internacional/2025/04/12/67fa2c6e21efa00f4b8b456e.html

https://www.ismorbo.com/el-brutal-asesinato-transfobico-de-sara-millerey-sacude-a-colombia/

https://www.elcolombiano.com/antioquia/alcaldia-de-bello-disculpas-asesinato-sara-millerey-EM27098963

https://www.elolfato.com/nacion/procuraduria-convoco-mesa-urgente-tras-el-asesinato-de-mujer-trans-en-antioquia

https://www.eluniversal.com.co/colombia/2025/04/11/caso-sara-millerey-evaluan-medidas-de-proteccion-lgbtiq-en-colombia/

https://www.tvnotas.com.mx/espectaculos-mexico/wendy-guevara-alzo-la-voz-en-caso-sara-millerey-una-cosa-horrible

https://www.elcomercio.com/actualidad/mundo/asesinato-mujer-trans-indigna-colombia.html

https://www.noticiasrcn.com/colombia/procuraduria-convoca-mesa-urgente-tras-el-asesinato-de-sara-millerey-879083

https://cronicaglobal.elespanol.com/vida/20250411/la-lgbt-el-de-sara-millerey-barcelona/1003742648505_0.html

https://www.eje21.com.co/2025/04/el-asesinato-de-una-mujer-trans-indigna-a-colombia-que-pide-justicia-en-este-caso/

https://es-us.noticias.yahoo.com/sara-millerey-brutal-asesinato-mujer-140733752.html?guccounter=1

https://formato7.com/2025/04/10/personas-trans-enfrentan-violencia-lo-mismo-en-mexico-que-en-colombia-justicia-para-sara/

https://www.lasillavacia.com/red-de-expertos/red-de-la-educacion/sara-deberia-estar-viva/

https://www.rcnradio.com/colombia/revelan-lo-que-serian-las-ultimas-palabras-de-sara-millerey-en-un-diario-personal?amp

https://www.lja.mx/2025/04/justicia-para-sara-brutal-asesinato-de-una-mujer-trans-en-colombia/

https://da21w.e-veracruz.mx/nota/2025-04-10/mundo/asesinan-en-antioquia-mujer-trans-la-grabaron-mientras-se-ahogaba

https://monclova.com/lo-mas-visto/esta-fue-la-ultima-publicacion-de-sara-millerey-mujer-trans-fue--en-colombia

https://www.eluniversal.com.mx/tendencias/esta-fue-la-ultima-publicacion-de-sara-millerey-mujer-trans-fue-asesinada-en-colombia/

https://radiza.com.mx/radiza2018/noticia.individual.delicias.php?id=189536

https://cnnespanol.cnn.com/2025/04/10/colombia/video/caso-sara-millerey-colombia-orix

https://www.crhoy.com/mundo/testigos-de-la-tortura-de-sara-mirelley-mujer-trans-asesinada-prefirieron-grabar-en-vez-de-salvarla/

https://noticiasdelicias.mx/quien-es-sara-millerey-gonzalez-mujer-trans-fue-brutalmente-torturada-y-asesinada-en-colombia/

https://www.eluniversal.com.mx/mundo/asesinato-de-una-mujer-trans-indigna-a-colombia-piden-justicia-por-sara-millerey/

https://lajornadaestadodemexico.com/transfobia-en-colombia-deja-a-una-mujer-trans-sin-vida/

https://www.eltelegrafo.com.ec/noticias/internacionales/8/conmocion-mundial-transfemicidio-sara-millerey

https://www.elnuevodia.com.co/colombia/526824-revelan-el-diario-de-millerey-la-mujer-trans-torturada-y-asesinada

https://www.crhoy.com/mundo/el-terrible-caso-de-sara-millerey-la-mujer-trans-torturada-y-asesinada-en-colombia/

https://cambiocolombia.com/pais/nazis-asesinaron-sara-gustavo-petro-crimen-mujer-trans-bello

https://www.candelaestereo.com/actualidad/doloroso-el-ultimo-adios-a-sara-millerey/

https://antenasanluis.mx/sara-millerey-fue-brutalmente-asesinada-por-ser-trans-denuncia-su-madre/

https://cwmas.com.co/colombia/2025/04/10/velaton-en-bogota-por-sara-millerey-trans-asesinada-en-antioquia/

https://radio.uchile.cl/2025/04/10/asesinato-de-sara-millerey-el-crimen-que-revela-la-transfobia-en-colombia/

https://atnoticias.com.co/2025/04/10/cali-se-une-al-clamor-por-justicia-para-sara-millerey-mujer-trans-asesinada-en-bello/

https://www.elcolombiano.com/antioquia/sara-millarey-mensaje-mujer-trans-asesinada-bello-HC27074542

https://www.pulzo.com/nacion/asesinato-sara-millerey-mujer-trans-bello-ultimas-palabras-diario-PP4440544A

https://www.milenio.com/internacional/ceremonia-despedida-sara-millerey-mujer-trans-asesinada

https://www.zocalo.com.mx/activistas-protestan-para-exigir-justicia-por-sara-millerey-mujer-trans-asesinada-en-colombia/

https://es-us.noticias.yahoo.com/investigan-homicidio-sara-millerey-mujer-023415652.html

https://www.alertapaisa.com/noticias/valle-de-aburra/hace-parte-de-una-persecucion-contra-la-poblacion-lgtbiq-defensores-de

https://www.laizquierdadiario.com/Microfono-abierto-por-justicia-para-Sara-poesia-y-protesta-en-la-Embajada-de-Colombia-en-CDMX

https://www.milenio.com/estados/activistas-protestan-exigir-justicia-mujer-trans-asesinada-colombia

https://elpopular.mx/secciones/seguridad/2025/04/09/transfeminicidio-sara-millerey-chica-trans-que-fue-asesinada-en-colombia

https://www.lafm.com.co/colombia/madre-de-sara-millerey-ruega-que-haya-justicia-para-su-hija-me-dejaron-marcada-de-por-vida

https://www.uniradiobaja.com/mundo/quien-era-sara-millerey-mujer-trans-asesinada-colombia-n813368

https://agenciapresentes.org/2025/04/09/transfemicidio-de-sara-millerey-la-crueldad-la-complicidad-social-y-los-medios/

https://cronicadelquindio.com/opinion/editorial/intolerable-inhumano/

https://www.elcolombiano.com/antioquia/familiares-de-sara-millerey-gonzalez-borja-hablaron-tras-su-crimen-GD27064288

https://www.sdpnoticias.com/internacional/quien-es-sara-millerey-gonzalez-mujer-trans-fue-brutalmente-asesinada-en-colombia/

https://www.milenio.com/internacional/quien-era-sara-millerey-mujer-trans-asesinada-antioquia-colombia

https://www.milenio.com/internacional/ultima-publicacion-sara-millerrey-trans-torturada-asesinada-colombia

https://www.bluradio.com/judicial/asesinos-de-mujer-trans-en-bello-no-permitian-que-la-rescataran-dice-alcaldia-so35

https://laprensa.com.ec/a-mujer-trans-le-rompieron-brazos-y-piernas-la-arrojaron-al-rio-viva/

https://www.noticiasrcn.com/colombia/desgarrador-relato-de-mama-de-sara-millerey-mujer-transgenero-asesinada-en-antioquia-878310

https://lacaderadeeva.com/actualidad/quien-es-sara-millerey-mujer-trans-asesinada/13409

https://www.alertapaisa.com/noticias/valle-de-aburra/habia-gente-grabando-que-no-permitia-que-le-ayudaran-familiar-de-sara

https://www.informateymas.com/2025/04/09/que-ocurrio-con-sara-millerey-mujer-trans-brutalmente-asesinada/

https://www.eluniversal.com.mx/tendencias/quien-era-sara-millerey-mujer-trans-asesinada-en-colombia/

https://www.e-consulta.com/nota/2025-04-08/mundo/asesinan-en-antioquia-mujer-trans-la-grabaron-mientras-se-ahogaba

https://www.publimetro.co/noticias/2025/04/08/convocan-velatones-y-manifestaciones-por-transfeminicidio-de-sara-millerey/

https://telemedellin.tv/recompensa-asesinato-mujer-trans-bello/751202/

https://www.marca.com/co/2025/04/08/67f5805bca47410f158b4598.html

https://www.elcolombiano.com/antioquia/ofrecen-recompensa-por-asesinos-de-mujer-trans-en-bello-antioquia-GD27061645

https://mioriente.com/valle-aburra/recompensa-sara-millerey-homicidio.html

https://telemedellin.tv/investigacion-crimen-mujer-trans-bello/751144/

https://www.radionacional.co/noticias-colombia/asesinato-de-mujer-trans-en-bello-antioquia-conmociono-al-pais

https://www.eldictamen.mx/asesinato-de-sara-millerey-gonzalez-video/

https://laparadoja.com.mx/2025/04/mujer-trans-fue-brutalmente-golpeada-le-rompieron-sus-extremidades-y-la-lanzaron-a-un-rio

https://www.eluniversal.com.co/sucesos/2025/04/08/ayudenme-en-video-quedo-agonia-de-sara-millerey-tras-ser-torturada/

https://www.pulzo.com/nacion/quien-era-sara-millerey-mujer-trans-asesinada-cruelmente-bello-antioquia-PP4437716A

https://www.aldia.com.ec/sara-millerey-bello/

https://www.alertapaisa.com/noticias/valle-de-aburra/detalles-del-crimen-de-sara-le-partieron-los-brazos-y-piernas-y-la

https://www.elcolombiano.com/colombia/asesinato-sara-millerey-gonzalez-velatones-en-bogota-IA27059256

https://www.eluniversal.com.co/sucesos/2025/04/08/piden-justicia-por-sara-millerey-la-mujer-trans-murio-tras-ser-torturada/

https://www.semana.com/nacion/medellin/articulo/quien-era-sara-mirelley-la-mujer-trans-asesinada-a-golpes-en-bello/202536/

https://www.diarioadn.co/noticias/detalles-del-brutal-asesinato-de-mujer-trans-en-bello-conmocionan-antioquia+articulo+66032

https://zonacero.com/judiciales/atroz-crimen-mujer-trans-le-fracturaron-piernas-y-brazos-y-la-lanzaron-una-quebrada

https://elirreverenteibague.com/noticia/2529169/asesinaron-cruelmente-a-una-mujer-trans-un-crimen-que-conmociona-al-pais

https://expresiondelsur.com.ar/contenido/29595/mujer-trans-es-asesinada-le-quebraron-los-brazos-piernas-y-la-arrojaron-a-un-rio

https://www.wradio.com.co/2025/04/08/indignacion-en-antioquia-por-homicidio-de-mujer-trans-en-bello/

https://www.rcnradio.com/colombia/antioquia/gobierno-exige-accion-urgente-por-asesinato-de-mujer-trans-en-bello-antioquia

https://entrecejayceja.co/noticias/mujer-trans-fue-asesinada-a-golpes-y-lanzada-a-quebrada-en-bello/

https://www.rcnradio.com/colombia/antioquia/gobierno-exige-accion-urgente-por-asesinato-de-mujer-trans-en-bello-antioquia

https://www.instagram.com/p/DIWW6Psu_r9

https://www.instagram.com/reel/DIWxcNBtoR2

https://www.instagram.com/p/DIVCZY6IzuO

https://www.instagram.com/p/DISE7qvOREX

https://www.instagram.com/reel/DIPNU8jvcRR

https://www.instagram.com/reel/DIPSHj1yWIB

https://www.instagram.com/p/DIM8pGrAXYm

https://www.instagram.com/reel/DIO3HRzJ1zY

https://www.instagram.com/reel/DIPzFCepvf2

https://www.instagram.com/reel/DIPi4G7gOpD

https://www.instagram.com/reel/DIPdaq8R7Gn

https://www.instagram.com/reel/DIMjwEhCASt

https://www.instagram.com/reel/DIMQcs2NYV5

https://www.instagram.com/reel/DIMeuoYRJk0

https://www.instagram.com/p/DIKeE78sMjD

https://www.facebook.com/story.php?story_fbid=986174713500226&id=100063231188437

https://www.facebook.com/watch/?v=4038480493060372

https://www.facebook.com/100064908513380/posts/1117285303778410

https://www.facebook.com/100064908513380/posts/1115718950601712

https://www.tiktok.com/@amnistiaar/video/7492111582344842501

https://www.tiktok.com/@telemedellin/video/7490687559706758455

https://www.youtube.com/watch?v=kCLTiB0JgPo

https://www.youtube.com/watch?v=ytPSHVptk5g

https://www.youtube.com/watch?v=47j7KBElBLY

https://www.youtube.com/watch?v=g0_MHc1MfcQ

https://www.youtube.com/watch?v=lWYtrnFEzdM

https://www.youtube.com/watch?v=dliQhNvBM4w

https://www.youtube.com/watch?v=w8JBeIA96Jk

https://www.youtube.com/watch?v=PWLeVrjz8Rc

https://www.youtube.com/watch?v=DtiYyKjK-N0

https://www.youtube.com/watch?v=KckQ6VdZTnU

https://www.youtube.com/watch?v=IHz5lt3sUCE

https://www.youtube.com/watch?v=2UolySoK928

https://www.youtube.com/watch?v=r6SoK__KLOs

https://www.youtube.com/watch?v=lyvafBwVj74

https://www.youtube.com/watch?v=XSZ0kSPmbkk

https://www.youtube.com/watch?v=b0JORm5BYwo

https://www.youtube.com/watch?v=tqP5DywGUFw

https://www.youtube.com/watch?v=bRVi4ZjW53Y

https://www.youtube.com/watch?v=OHaDgYRuLII

https://www.youtube.com/watch?v=skG063ArVfQ

https://www.youtube.com/watch?v=XLw2Z-CkF3o

https://www.youtube.com/watch?v=uzDCXBYfkY0

https://www.youtube.com/watch?v=xNCoiCC_u6s

https://www.youtube.com/watch?v=275McGKpl0Y

https://www.youtube.com/watch?v=R_eI9d1KC_E

https://www.youtube.com/watch?v=596Ad3fq7IA

https://www.youtube.com/watch?v=Rdjja8tTUbA

https://www.youtube.com/watch?v=mVtHUkOhcdI

https://www.youtube.com/watch?v=5Rh2MoTep_U

https://www.youtube.com/watch?v=1QPc480Mx3s

https://www.youtube.com/watch?v=e5YDwHnu-ZY

https://www.youtube.com/watch?v=PNg5FEQ06Fw

https://www.youtube.com/watch?v=y7HEASlsup8

https://www.youtube.com/watch?v=AFYwa-ev2JI

https://www.youtube.com/watch?v=wvjNqCOmZbk

https://www.youtube.com/watch?v=lKrQRezlAHk

https://www.youtube.com/watch?v=Ri0sEmonxAc

https://www.youtube.com/watch?v=PK4fBal2OY0

https://www.youtube.com/watch?v=pO5VqWHoKOw

https://www.youtube.com/watch?v=SUbcyigPQY0

https://www.youtube.com/watch?v=5SRD2gdgscQ

https://www.youtube.com/watch?v=YI0h2ooSuME

https://www.youtube.com/watch?v=XHk5aCL56-k","Sara Millerey was brutally murdered in Bello, Antioquia (Colombia) on 5 Apr 2025. 

Sara was 32. Her killing caused widespread outrage which spread far beyond her native Colombia. #SayHerName #TransLivesMatter #TDoR",https://tdor.translivesmatter.info/reports/2025/04/05/sara-millerey_bello-antioquia-colombia_ec7ac079
Norah Horwitz,38,20-Jun-1986,2025_04_07_Norah-Horwitz.jpg,https://gayleague.com/a-glimpse-into-the-past-of-norah-horwitz/,7-Apr-2025,,Virginia Beach Correctional Center,,Virginia Beach,Virginia,USA,36.753449,-76.0643875,custodial,suicide,"Norah died by suicide in the male wing of Virginia Beach Correctional Center.

> Former Marvel Comics Editor Norah Horwitz has died, at the age of 38, after taking her own life this past weekend.
> 
> Marvel Comics editor Norah Horwitz passed away this last weekend at the age of 38, reportedly after losing her life to suicide. A Marvel Comics editor on titles such as X-Men, Guardians Of The Galaxy, War Machine, Nova, Marvel Zombies, Iron Man, Avengers, Stephen King's The Stand, and The Dark Tower, and creator of the graphic novel The Diary Of Menorah Horwitz, she was also an editor on the original Kick-Ass series by Mark Millar and John Romita Jr. 
> 
> Norah Horwitz was an inmate at the Virginia Beach Correctional Center, and the Virginia Beach Sheriff's Office confirmed that she died by suicide this past Sunday evening. She was found unresponsive by a deputy sheriff conducting a routine security check. Medical staff were called, as was 911, but she was declared deceased.
> 
> Horwitz had been held at the Virginia Beach Correctional Center since June 2023 on charges of second-degree murder and assault after being accused of stabbing to death her father, Virginia Beach dentist Doctor Abbey Horwitz. Norah Horwitz was being held in the male wing of the complex and had been placed on suicide watch. She was charged with second-degree murder and assault during the commission of a felony in connection with her father's death. Norah Horwitz called the police after the incident and told them that she stabbed him when he attacked her because she feared that he was going to rape her, according to testimony from homicide detectives, provided during a 2023 court hearing in which she was indicted.

https://bleedingcool.com/comics/former-marvel-comics-editor-norah-horwitz-has-died-at-the-age-of-38/

https://gayleague.com/a-glimpse-into-the-past-of-norah-horwitz/

https://www.wtkr.com/news/in-the-community/virginia-beach/woman-accused-of-murdering-father-a-well-known-virginia-beach-dentist-dies-by-suicide-in-jail-vbso

https://web.archive.org/web/20250518191709/https://www.13newsnow.com/article/news/local/mycity/virginia-beach/michael-norah-horwitz-dies-suicide-jail-woman-father-virginia-beach-dentist-abbey-horwitz/291-2a4d8e19-846f-4390-9209-8afee0c17fdb","Norah died by suicide in the male wing of Virginia Beach Correctional Center in Virginia Beach, Virginia (USA) on 7 Apr 2025.

She was 38, and a former Marvel Comics editor. #SayHerName #TransLivesMatter #TDoR",https://tdor.translivesmatter.info/reports/2025/04/07/norah-horwitz_virginia-beach-usa_c297c599
Shakira Pereira Guajajara,23,,2025_04_06_Shakira-Pereira-Guajajara.jpg,https://g1.globo.com/ma/maranhao/noticia/2025/04/07/travesti-indigena-e-encontrada-morta-as-margens-do-rio-grajau-no-maranhao.ghtml,7-Apr-2025,tgeu/tdor2025/7-Apr-2025/Shakira Pereira Guajajara,Rio Grajaú,Limoeiro,Grajaú,Maranhão,Brazil,-5.811581162,-46.13969878,uncategorised,drowned,"Shakira was an indigenous trans woman who had been a victim of sexual violence in 2023. After her body was found in a river an autopsy concluded that she died from drowning.

> An indigenous [trans woman] was found dead on the morning of Sunday (6), on the banks of the Grajaú River, 568 km from São Luís.
> 
> Shakira's body was found floating in the waters of the river, in a region known as Limoeiro. The 23-year-old [trans woman] was a resident of Aldeia Cocal, in Grajaú.
> 
> According to the Civil Police of Maranhão, the victim had no signs of violence on her body and, after the forensic work, she was sent to the Forensic Medical Institute (IML) of Imperatriz.
> 
> At the IML it was confirmed that Shakira died by drowning. Before, there was a suspicion that she could have been murdered, since the [trans woman] has previously been a victim of a crime of sexual violence in 2023 when Shakira was beaten and raped on Indigenous Peoples' Day, April 19.
> 
> According to the investigations, the young woman was at a party in the Formigueiro Village, which is within the Morro Branco Indigenous Land, in Grajaú. On the way out of the event, she was raped. The suspect of committing the crime, also indigenous, was arrested days later.
> 
> The Civil Police are continuings to investigate Shakira's death to identify the circumstances of the drowning.

Shakira's Facebook profile is https://www.facebook.com/shakiracosta.silvio.

https://g1.globo.com/ma/maranhao/noticia/2025/04/07/travesti-indigena-e-encontrada-morta-as-margens-do-rio-grajau-no-maranhao.ghtml

https://oimparcial.com.br/noticias/2025/04/corpo-de-indigena-e-encontrado-no-rio-grajau-no-maranhao/

https://agenciatambor.net.br/geral/assassinato-de-rubi-qual-sera-a-reacao-ao-transfeminicidio-e-ao-racismo/

https://bsky.app/profile/g1-news.bsky.social/post/3lmalqhnp362w
","The body of Shakira Pereira Guajajara was found in a river in Grajaú, Maranhão (Brazil) on 7 Apr 2025

She was 23, and was an indigenous trans woman who had been a victim of sexual violence in 2023. #SayHerName #TransLivesMatter #TDoR",https://tdor.translivesmatter.info/reports/2025/04/07/shakira_grajau-maranhao-brazil_44496c43
Bablu/Talha,,,,,10-Apr-2025,tgeu/tdor2025/10-Apr-2025/Bablu/Talha,,Pakki Kotli,Sialkot,Punjab,Pakistan,32.46049222,74.51655136,violence,stabbed,"Bablu/Talha (reports give differing names) was stabbed by unidentified assilants.

> Armed men attacked and killed a transgender guru and injured two over resistance in Pakikotli area of Sadar police station in Sialkot, reported 24NewsHD TV channel on Thursday.
> 
> According to police, a transgender [person] named Bablu was stabbed to death with a sharp instrument.
> 
> Both the armed men fled, leaving their weapons at the scene while fleeing.
> 
> The body of the murdered transgender [person] was shifted to the Civil Hospital.
> 
> The police registered a case and started investigation.

https://24newshd.tv/10-Apr-2025/transgender-person-stabbed-to-death-in-sialkot

https://voicepk.net/2025/04/deadly-attack-highlights-violence-against-transgender-community/","Bablu was stabbed by unidentified assilants in Sialkot, Punjab (Pakistan) on 10 Apr 2025. #SayTheirName #TransLivesMatter #TDoR",https://tdor.translivesmatter.info/reports/2025/04/10/bablu-talha_sialkot-punjab-pakistan_93980e0a
Archita,32,,,,12-Apr-2025,,,,Berhampur,Odisha,India,41.0877394,14.2737955,suicide,suicide,"Archita died by suicide. Her partner (who is alleged by the only source reporting the death to have been abusive) was arrested on charges of abetting her suicide.

> Berhampur: A 26-year-old man was arrested on Wednesday for allegedly abetting the suicide of a transgender artist in Ganjam district's Digapahandi area. The deceased, a performer in a local Danda Nata folk dance group, was found [suicide method redacted] in a restroom at Phasiguda on Saturday.
> 
> The accused, [deadname] alias Bablu, was a co-performer of the deceased, [deadname] alias Archita (32), in the same dance troupe. SP (Berhampur) Saravana Vivek M said sufficient evidence has been found linking [Bablu] to the suicide.
> 
> According to police investigations, the duo had developed an intimate relationship while performing together and were living in a rented house in Gandhi Nagar. But their relationship had reportedly strained leading to frequent quarrels.
> 
> The incident took place during the ongoing Danda Nacha season, where the deceased had invited fellow transgender performers from Surat and Mumbai. On April 10, [Bablu] allegedly abused and physically assaulted [Archita] in front of other artists, causing significant emotional distress.
> 
> The following day, after a dance performance at Phasiguda, [Archita] reportedly skipped dinner and remained in their accommodation while others went to perform. The body was discovered the next morning by the house owner, who immediately alerted the yatra committee.
> 
> The victim's father, Saroj Bisoi, filed an FIR at Digapahandi police station on Saturday, initially suspecting murder. However, police investigation revealed it to be a case of suicide prompted by public humiliation.

https://timesofindia.indiatimes.com/city/bhubaneswar/man-arrested-for-abetting-transgenders-suicide/articleshow/120352725.cms","Archita died by suicide in Berhampur, Odisha (India) on 12 Apr 2025.

She was 32. #SayHerName #TransLivesMatter #TDoR",https://tdor.translivesmatter.info/reports/2025/04/12/archita_berhampur-india_54951466
Valeria,,,,,15-Apr-2025,tgeu/tdor2025/15-Apr-2025/Valeria,Calle 40 & K,,Guayaquil,Guayas,Ecuador,-2.219564592,-79.94316848,violence,shot,"Valeria was shot in the street by assailants riding a motorcycle.

> Asociación Silueta X, a member of Federación Ecuatoriana de Organizaciones LGBTI+, denounces with profound indignation and pain the brutal murder of a trans woman, whom we will refer to by the pseudonym Valeria, to protect her identity and dignity. This crime, which occurred on the night of April 15, 2025, on calles 40 and K, near the Emilio Murillo school, in the suburb of Guayaquil, constitutes a transfemicide that demonstrates the systematic violence against trans people in Ecuador.
> 
> According to the information gathered, Valeria was shot and killed by gunmen who arrived on a motorcycle and fired a volley of bullets at her. This act of extreme violence not only took her life but also reflects the hatred and intolerance toward diverse gender identities. Furthermore, we deeply regret that, in initial reports, Valeria's gender identity was violated by referring to her in the masculine, perpetuating a form of revictimization that denies her existence as a trans woman.

https://siluetax.org/2025/04/20/boletin-mujer-trans-es-asesinada-con-una-rafaga-de-balazos-en-guayaquil-ecuador/

https://www.instagram.com/p/DIuX8ZySkAw/

https://x.com/SiluetaX/status/1914441454078058887","Valeria was shot in the street by assailants in Guayaquil, Guayas (Ecuador) on 15 Apr 2025. #SayHerName #TransLivesMatter #TDoR",https://tdor.translivesmatter.info/reports/2025/04/15/valeria_guayaquil-guayas-ecuador_38bd9b08
J. Jady de Souza Oliveira,22,,2025_04_16_J-Jady-de-Souza-Oliveira.jpg,https://fimdalinha.com.br/28o-homicidio-em-mossoro-2025-mulher-de-22-anos-e-morta-a-facada-no-bairro-aeroporto-ii/,16-Apr-2025,tgeu/tdor2025/16-Apr-2025/J. Jady de Souza Oliveira,,Aeroporto II,Mossóro,Rio Grande do Norte,Brazil,-5.2028888,-37.3833361,violence,stabbed,"J. died at the scene after being stabbed by a neighbour during an argument.

José Diego da Rocha Silva, 28, was arrested shortly after the murder.

> A 22-year-old trans man was stabbed to death on Wednesday morning (16) after an argument with a neighbor in Mossoró, in the West Region of Rio Grande do Norte.
>
> The crime took place around 9 a.m. on Rua Teodoro Ferreira de Sena, in the Quixabeirinha neighborhood. The victim was identified as [deadname] Jady de Souza Oliveira , but did not have a registered social name.
>
> After the crime, the suspect called the Integrated Public Security Operations Center (Ciosp), informed them where he was and surrendered without offering any resistance.
>
> According to the Military Police, witnesses reported that [J.] was accompanied by a cousin and his partner when the disagreement with the neighbor began.
>
> The police reported that they were at the scene approximately 30 minutes before the homicide due to a report of domestic violence involving the victim's cousin. At the time, officers found no visible signs of aggression, and the couple denied any violence.
>
> The couple and the neighbor, who allegedly filed the anonymous complaint, had a disagreement over the incident. During the argument, the man allegedly stabbed Jordana.
>
> The Mobile Emergency Care Service (Samu) was called, but the victim did not survive his injuries and died at the scene.

https://www.gazetadorn.com.br/noticia/aqftvg

https://fimdalinha.com.br/28o-homicidio-em-mossoro-2025-mulher-de-22-anos-e-morta-a-facada-no-bairro-aeroporto-ii/

https://www.mossorohoje.com.br/noticias/53301-jovem-de-22-anos-e-morta-a-facadas-no-bairro-aeroporto-ii-em-mossoro

https://g1.globo.com/rn/rio-grande-do-norte/noticia/2025/04/16/trans-morto-facadas-discussao-vizinho-mossoro.ghtml

https://ocamera.com.br/mulher-e-morta-a-facada-no-bairro-aeroporto-ii-em-mossoro/

https://www.facebook.com/tcmnoticia/posts/o-corpo-de-bombeiros-militar-foi-acionado-na-tarde-desta-quarta-feira-16-para-co/663072333138863/

https://www.instagram.com/p/DIh5Prjsx3W/

https://www.instagram.com/p/DIgqXiHO006","J. Jady de Souza Oliveira died at the scene after being stabbed by a neighbour during an argument in Mossoró, Rio Grande do Norte (Brazil) on 16 Apr 2025.

He was 22. #SayHisName #TransLivesMatter #TDoR",https://tdor.translivesmatter.info/reports/2025/04/16/j-jady-de-souza-oliveira_mossoro-rio-grande-do-norte-brazil_e7efd3b7
Robson Brendo da Silva,29,,2025_04_17_Robson-Brendo-da-Silva.jpg,https://www.instagram.com/p/DIopwA2Jb1y/,17-Apr-2025,"tgeu/tdor2025/17-Apr-2025/Robson Brendo da Silva (Gabriela, Gabi)",Rua Coqueiro,,Extremoz,Rio Grande do Norte,Brazil,-5.703885249,-35.29063003,violence,shot,"Robson was shot in a bar after an argument. A suspect has been identified and is on the run.

> In the early hours of this Thursday ([17]), a homicide shocked residents in the center of Extremoz. 
>
> A 29-year-old man identified as Robson Brendo da Silva was murdered in a cocktail bar in the metropolitan region of Natal. 
>
> The crime occurred around 2 am on Rua Coqueiros, according to the Military Police, when they arrived at the scene the victim was on the ground shot with several gunshots. The main suspect in the crime is missing, and is a teacher of the Extremoz state network in a school in Extremoz. The killer allegedly killed Robson Brendo after a fight over not paying the bill consumed at the location. The accused's vehicle remained at the scene of the crime and inside was found a receipt for the purchase of ammunition. 

<blockquote class=""instagram-media"" data-instgrm-captioned data-instgrm-permalink=""https://www.instagram.com/p/DIopwA2Jb1y/?utm_source=ig_embed&amp;utm_campaign=loading"" data-instgrm-version=""14"" style="" background:#FFF; border:0; border-radius:3px; box-shadow:0 0 1px 0 rgba(0,0,0,0.5),0 1px 10px 0 rgba(0,0,0,0.15); margin: 1px; max-width:540px; min-width:326px; padding:0; width:99.375%; width:-webkit-calc(100% - 2px); width:calc(100% - 2px);""><div style=""padding:16px;""> <a href=""https://www.instagram.com/p/DIopwA2Jb1y/?utm_source=ig_embed&amp;utm_campaign=loading"" style="" background:#FFFFFF; line-height:0; padding:0 0; text-align:center; text-decoration:none; width:100%;"" target=""_blank""> <div style="" display: flex; flex-direction: row; align-items: center;""> <div style=""background-color: #F4F4F4; border-radius: 50%; flex-grow: 0; height: 40px; margin-right: 14px; width: 40px;""></div> <div style=""display: flex; flex-direction: column; flex-grow: 1; justify-content: center;""> <div style="" background-color: #F4F4F4; border-radius: 4px; flex-grow: 0; height: 14px; margin-bottom: 6px; width: 100px;""></div> <div style="" background-color: #F4F4F4; border-radius: 4px; flex-grow: 0; height: 14px; width: 60px;""></div></div></div><div style=""padding: 19% 0;""></div> <div style=""display:block; height:50px; margin:0 auto 12px; width:50px;""><svg width=""50px"" height=""50px"" viewBox=""0 0 60 60"" version=""1.1"" xmlns=""https://www.w3.org/2000/svg"" xmlns:xlink=""https://www.w3.org/1999/xlink""><g stroke=""none"" stroke-width=""1"" fill=""none"" fill-rule=""evenodd""><g transform=""translate(-511.000000, -20.000000)"" fill=""#000000""><g><path d=""M556.869,30.41 C554.814,30.41 553.148,32.076 553.148,34.131 C553.148,36.186 554.814,37.852 556.869,37.852 C558.924,37.852 560.59,36.186 560.59,34.131 C560.59,32.076 558.924,30.41 556.869,30.41 M541,60.657 C535.114,60.657 530.342,55.887 530.342,50 C530.342,44.114 535.114,39.342 541,39.342 C546.887,39.342 551.658,44.114 551.658,50 C551.658,55.887 546.887,60.657 541,60.657 M541,33.886 C532.1,33.886 524.886,41.1 524.886,50 C524.886,58.899 532.1,66.113 541,66.113 C549.9,66.113 557.115,58.899 557.115,50 C557.115,41.1 549.9,33.886 541,33.886 M565.378,62.101 C565.244,65.022 564.756,66.606 564.346,67.663 C563.803,69.06 563.154,70.057 562.106,71.106 C561.058,72.155 560.06,72.803 558.662,73.347 C557.607,73.757 556.021,74.244 553.102,74.378 C549.944,74.521 548.997,74.552 541,74.552 C533.003,74.552 532.056,74.521 528.898,74.378 C525.979,74.244 524.393,73.757 523.338,73.347 C521.94,72.803 520.942,72.155 519.894,71.106 C518.846,70.057 518.197,69.06 517.654,67.663 C517.244,66.606 516.755,65.022 516.623,62.101 C516.479,58.943 516.448,57.996 516.448,50 C516.448,42.003 516.479,41.056 516.623,37.899 C516.755,34.978 517.244,33.391 517.654,32.338 C518.197,30.938 518.846,29.942 519.894,28.894 C520.942,27.846 521.94,27.196 523.338,26.654 C524.393,26.244 525.979,25.756 528.898,25.623 C532.057,25.479 533.004,25.448 541,25.448 C548.997,25.448 549.943,25.479 553.102,25.623 C556.021,25.756 557.607,26.244 558.662,26.654 C560.06,27.196 561.058,27.846 562.106,28.894 C563.154,29.942 563.803,30.938 564.346,32.338 C564.756,33.391 565.244,34.978 565.378,37.899 C565.522,41.056 565.552,42.003 565.552,50 C565.552,57.996 565.522,58.943 565.378,62.101 M570.82,37.631 C570.674,34.438 570.167,32.258 569.425,30.349 C568.659,28.377 567.633,26.702 565.965,25.035 C564.297,23.368 562.623,22.342 560.652,21.575 C558.743,20.834 556.562,20.326 553.369,20.18 C550.169,20.033 549.148,20 541,20 C532.853,20 531.831,20.033 528.631,20.18 C525.438,20.326 523.257,20.834 521.349,21.575 C519.376,22.342 517.703,23.368 516.035,25.035 C514.368,26.702 513.342,28.377 512.574,30.349 C511.834,32.258 511.326,34.438 511.181,37.631 C511.035,40.831 511,41.851 511,50 C511,58.147 511.035,59.17 511.181,62.369 C511.326,65.562 511.834,67.743 512.574,69.651 C513.342,71.625 514.368,73.296 516.035,74.965 C517.703,76.634 519.376,77.658 521.349,78.425 C523.257,79.167 525.438,79.673 528.631,79.82 C531.831,79.965 532.853,80.001 541,80.001 C549.148,80.001 550.169,79.965 553.369,79.82 C556.562,79.673 558.743,79.167 560.652,78.425 C562.623,77.658 564.297,76.634 565.965,74.965 C567.633,73.296 568.659,71.625 569.425,69.651 C570.167,67.743 570.674,65.562 570.82,62.369 C570.966,59.17 571,58.147 571,50 C571,41.851 570.966,40.831 570.82,37.631""></path></g></g></g></svg></div><div style=""padding-top: 8px;""> <div style="" color:#3897f0; font-family:Arial,sans-serif; font-size:14px; font-style:normal; font-weight:550; line-height:18px;"">View this post on Instagram</div></div><div style=""padding: 12.5% 0;""></div> <div style=""display: flex; flex-direction: row; margin-bottom: 14px; align-items: center;""><div> <div style=""background-color: #F4F4F4; border-radius: 50%; height: 12.5px; width: 12.5px; transform: translateX(0px) translateY(7px);""></div> <div style=""background-color: #F4F4F4; height: 12.5px; transform: rotate(-45deg) translateX(3px) translateY(1px); width: 12.5px; flex-grow: 0; margin-right: 14px; margin-left: 2px;""></div> <div style=""background-color: #F4F4F4; border-radius: 50%; height: 12.5px; width: 12.5px; transform: translateX(9px) translateY(-18px);""></div></div><div style=""margin-left: 8px;""> <div style="" background-color: #F4F4F4; border-radius: 50%; flex-grow: 0; height: 20px; width: 20px;""></div> <div style="" width: 0; height: 0; border-top: 2px solid transparent; border-left: 6px solid #f4f4f4; border-bottom: 2px solid transparent; transform: translateX(16px) translateY(-4px) rotate(30deg)""></div></div><div style=""margin-left: auto;""> <div style="" width: 0px; border-top: 8px solid #F4F4F4; border-right: 8px solid transparent; transform: translateY(16px);""></div> <div style="" background-color: #F4F4F4; flex-grow: 0; height: 12px; width: 16px; transform: translateY(-4px);""></div> <div style="" width: 0; height: 0; border-top: 8px solid #F4F4F4; border-left: 8px solid transparent; transform: translateY(-4px) translateX(8px);""></div></div></div> <div style=""display: flex; flex-direction: column; flex-grow: 1; justify-content: center; margin-bottom: 24px;""> <div style="" background-color: #F4F4F4; border-radius: 4px; flex-grow: 0; height: 14px; margin-bottom: 6px; width: 224px;""></div> <div style="" background-color: #F4F4F4; border-radius: 4px; flex-grow: 0; height: 14px; width: 144px;""></div></div></a><p style="" color:#c9c8cd; font-family:Arial,sans-serif; font-size:14px; line-height:17px; margin-bottom:0; margin-top:8px; overflow:hidden; padding:8px 0 7px; text-align:center; text-overflow:ellipsis; white-space:nowrap;""><a href=""https://www.instagram.com/p/DIopwA2Jb1y/?utm_source=ig_embed&amp;utm_campaign=loading"" style="" color:#c9c8cd; font-family:Arial,sans-serif; font-size:14px; font-style:normal; font-weight:normal; line-height:17px; text-decoration:none;"" target=""_blank"">A post shared by Em memoria (@raio_ty_oya)</a></p></div></blockquote>
<script async src=""//www.instagram.com/embed.js""></script>

https://www.instagram.com/p/DIopwA2Jb1y/

https://www.instagram.com/reel/DImd0FqyZ2n/","Robson Brendo da Silva was shot in a bar in Extremoz, Rio Grande do Norte (Brazil) on 17 May 2025.

He was 29. #SayHisName #TransLivesMatter #TDoR",https://tdor.translivesmatter.info/reports/2025/04/17/robson-brendo-da-silva_extremoz-rio-grande-do-norte-brazil_02053a54
Alexandra Ruiz,51,,2025_04_18_Alexandra-Ruiz.jpg,https://www.facebook.com/photo/?fbid=10228669108458261&set=g.1243388582421605,18-Apr-2025,tgeu/tdor2025/18-Apr-2025/Alexandra Ruiz,,Pinamar Norte,Pinamar,Canelones,Uruguay,-34.77725334,-55.8557401,violence,shot,"Alexandra's body was found in her home with a gunshot wound to the chest.

> A 51-year-old trans woman was shot in the chest in her home in Pinamar Norte.
> 
> According to information released by the Canelones Police, a 57-year-old man called 911 in the last few hours to report that he had been trying to contact a friend several times but that she hadn't responded.
> 
> “Personnel from Salinas Precinct 22 went to a home located on 60th Street in the Pinamar Norte area, where they interviewed a 57-year-old man. He stated that he tried to contact his 51-year-old friend (a trans person), and when he didn't get a response, he called 911,” the police report states.
> 
> Once they entered the house, the woman was found ""lifeless."" ""It was determined that she had a gunshot wound to the right side of her chest,"" the police added.
> 
> The case has now been transferred to the Prosecutor's Office and the Homicide Department.

https://www.elobservador.com.uy/nacional/alexandra-ruiz-la-primera-mujer-trans-asesinada-2025-reina-samba-canelones-militante-los-derechos-lgtbi-y-una-vida-sacrificios-n5995955

https://ladiaria.com.uy/feminismos/articulo/2025/4/colectivos-lgbti-repudiaron-transfemicidio-en-pinamar-norte-y-lo-enmarcaron-en-una-ola-de-odio-global-contra-las-identidades-disidentes/

https://www.elobservador.com.uy/nacional/mujer-trans-fue-asesinada-un-disparo-el-pecho-su-casa-pinamar-norte-policia-investiga-el-caso-n5995031

https://metropolitano.uy/colectivo-trans-se-moviliza-este-lunes-por-asesinato-de-mujer-trans-en-pinamar/

https://hiperactivafm.com.uy/una-mujer-trans-de-51-anos-fue-asesinada-de-un-disparo-en-el-pecho-en-pinamar-norte/

https://www.subrayado.com.uy/una-mujer-trans-fue-asesinada-su-casa-pinamar-norte-la-hallaron-un-disparo-el-pecho-n974894

https://grupormultimedio.com/colectivo-trans-del-uruguay-convoca-a-una-marcha-tras-asesinato-en-pinamar-norte-id156787/

https://administrador.m24.com.uy/despertar-y-enfrentar-la-ola-de-odio-reclaman-justicia-por-el-asesinato-de-una-mujer-trans-en-canelones/

https://www.facebook.com/elpaisuy/photos/la-convocatoria-exig%C3%ADa-justicia-por-la-mujer-trans-de-51-a%C3%B1os-que-fue-asesinada-/1025072983087459/

https://diariocambio.com.uy/2025/04/21/colectivo-trans-llamo-a-manifestacion-por-el-homicidio-de-una-mujer-trans/

https://ladiaria.com.uy/feminismos/articulo/2025/4/colectivos-lgbti-repudiaron-transfemicidio-en-pinamar-norte-y-lo-enmarcaron-en-una-ola-de-odio-global-contra-las-identidades-disidentes/

https://www.radiomontecarlo.com.uy/2025/04/19/nacionales/una-mujer-trans-de-51-anos-fue-asesinada-de-un-disparo-en-el-pecho/

https://www.elobservador.com.uy/nacional/colectivo-trans-del-uruguay-se-pronuncio-el-asesinato-mujer-trans-pinamar-norte-y-convoco-una-concentracion-n5995085

https://www.telenoche.com.uy/sociedad/mujer-trans-fue-asesinada-un-disparo-el-pecho-estaba-su-casa-y-tenia-51-anos-n5383116

https://www.radiomontecarlo.com.uy/2025/04/20/nacionales/colectivo-trans-del-uruguay-se-pronuncio-sobre-asesinato-de-mujer-trans/

https://www.elpais.com.uy/informacion/policiales/mujer-trans-de-51-anos-fue-asesinada-de-un-disparo-en-el-pecho-en-pinamar-norte

https://www.montevideo.com.uy/Noticias/Una-mujer-trans-de-51-anos-fue-asesinada-de-un-disparo-en-el-pecho-en-Pinamar-Norte-uc921236

https://www.montevideo.com.uy/Noticias/Spinetti-ante-asesinato-de-mujer-trans--La-vida-es-un-derecho-y-nadie-puede-cagarla--uc921269

https://www.teledoce.com/telemundo/policiales/asesinaron-a-una-mujer-trans-de-51-anos-en-pinamar-norte-la-encontraron-en-su-casa-con-un-disparo-en-el-pecho/

https://www.facebook.com/TelenocheUY/posts/mujer-trans-fue-asesinada-con-un-disparo-en-el-pecho-estaba-en-su-casa-y-ten%C3%ADa-5/1092772202885482/

https://www.facebook.com/photo/?fbid=10228669108458261&set=g.1243388582421605

https://www.instagram.com/p/DIo5U4VKwde/

https://x.com/friedmanntomas/status/1916090709968380324

https://x.com/elpaisuy/status/1913651360785891836

https://x.com/friedmanntomas/status/1913903604005494938","The body of Alexandra Ruiz was found in her home in Pinamar, Canelones (Uruguay) on 18 Apr 2025.

She was 51. #SayHerName #TransLivesMatter #TDoR",https://tdor.translivesmatter.info/reports/2025/04/18/alexandra-ruiz_pinamar-canelones-uruguay_6f032e97
Tanushree,38,,2025_04_20_Tanushree.jpg,https://www.udayavani.com/english-news/crime-transwoman-brutally-murdered-by-friend-in-bengaluru-financial-motive-suspected,20-Apr-2025,tgeu/tdor2025/20-Apr-2025/Tanushree,,Krishnarajapuram,Bengaluru,Karnataka,India,13.005404,77.6842824,violence,stabbed,"Tanushree's body was found with stab wounds in her home. Her husband is on the run from police.

> Bengaluru: A 40-year-old transgender person was found murdered in K R Puram on Sunday, police said. According to police, Tanushree, a member of an NGO working for the welfare of transgender persons, was found in a pool of blood at her house with multiple stab wounds on her body. 
> 
> Tanushree was married to a man named Jagannath, who is currently on the run.
> 
> A member of the NGO where Tanushree worked has written to the police, suspecting Jagannath’s involvement in the murder. 
> 
> Police said the couple had frequent quarrels and disagreements after their marriage. A search is on for Jagannath.

https://indianexpress.com/article/cities/bangalore/3-arrested-for-murdering-trans-woman-in-bengaluru-police-9972456/

https://english.publictv.in/transgender-tanushree-murdered-for-pressuring-male-friend-into-marriage/

https://www.udayavani.com/english-news/crime-transwoman-brutally-murdered-by-friend-in-bengaluru-financial-motive-suspected

https://timesofindia.indiatimes.com/city/bengaluru/transperson-found-dead-in-bengaluru-home-police-suspect-murder-by-husband/articleshow/120461057.cms

https://www.deccanherald.com/india/karnataka/bengaluru/transgender-person-stabbed-to-death-3502098

https://web.archive.org/web/20250421084325/https://bangaloremirror.indiatimes.com/bangalore/crime/trans-woman-murdered/articleshow/120462534.cms

https://www.youtube.com/watch?v=cxPKZds3nIE","Tanushree's body was found with stab wounds in her home in Bengaluru, Karnataka (India) on 20 Apr 2025.

She was 38. #TransLivesMatter #TDoR
",https://tdor.translivesmatter.info/reports/2025/04/20/tanushree_bengaluru-karnataka-india_6d59d97b
Francisco Cadavid,64,,2025_04_21_Francisco-Cadavid.jpg,https://www.elespectador.com/colombia/medellin/asesinaron-a-adulto-mayor-de-la-comunidad-lgbtiq-en-medellin/,21-Apr-2025,tgeu/tdor2025/21-Apr-2025/Francisco Cadavid,,"Sevilla, Commune 4 - Aranjuez",Medellín,Antioquia,Colombia,6.266573611,-75.56509671,violence,beaten,"Francisco's body was found in his home with head wounds. His death is being investigated as a murder.

> The death of 64-year-old Francisco Cadavid, whose body was found in a home in the Sevilla neighborhood of Medellín's Commune 4 - Aranjuez, has generated profound consternation and alarm among LGBTQ+ human rights defenders. Community leaders have confirmed that Francisco was  a trans person  and have denounced that his death could be a hate crime and gender-based persecution.
> 
> According to preliminary information, Francisco Cadavid died from multiple blows to the head. LGBTQ+ groups have indicated that, with this death, Francisco becomes the 31st victim of homophobic violence in the country so far this year, and the 15th in the department of Antioquia, figures that reflect a worrying trend.
> 
> While the police continue their investigation to clarify the exact motives for this crime and determine whether it was indeed an act of violence motivated by the victim's gender identity, the LGBTQ+ community  is demanding justice and urgent measures to stem the growing wave of violence affecting them in the region.

https://www.elcolombiano.com/medellin/homicidio-hernando-cadavid-marulanda-lgbtiq-medellin-y-antioquia-BG27210436

https://www.elnuevodia.com.co/colombia/527181-muerte-de-persona-trans-alarma-defensores-lgtbiq-denuncian-crimen-de-odio

https://www.facebook.com/ElColombiano/posts/pfbid02anTSXoHs2VM7r9qk7tHgVfFnJAYycgb42AfpiWVqAFicyoY96qaWte6SiAJC6ywzl

https://x.com/Caribeafirmativ/status/1915066260305457515","The body of Francisco Cadavid was found in his home in Medellín, Antioquia (Colombia) on 21 Apr 2025.

He was 64. #SayHisName #TransLivesMatter #TDoR",https://tdor.translivesmatter.info/reports/2025/04/21/francisco-cadavid_medellin-antioquia-colombia_07f36e04
Ivanna Pérez,,,2025_04_21_Ivanna-Perez.jpg,https://www.facebook.com/photo?fbid=1072536378231554&set=pcb.1072536408231551,21-Apr-2025,tgeu/tdor2025/21-Apr-2025/Ivana Pérez,,Azacualpilla,Palencia,Guatemala,Guatemala,15.783471,-90.230759,violence,murdered,"Ivana was murdered. No other information is known.

> LAMBDA Association and the Observatory of Human Rights and Violence Based on Sexual Orientation and Gender Identity regret the death of Ivana Pérez.
>
> Ivana was not only a brave person who lived her identity with dignity, but also an essential part of a community that continues to fight for justice, respect, and equality.
>
> Her death is not an isolated event; it is a reflection of the structural violence and transphobia that persists in our society
>
> With profound sadness and total indignation, we regret the vile murder of Ivana Pérez, a trans woman whose life was taken in an act of violence inside a business in the village of Azacualpilla, Palencia.
>
> From this space, we express our most sincere condolences to her family, friends, and the entire trans community, who today mourn an irreparable loss. We stand in solidarity with their pain, but also in their demand for justice. We categorically repudiate and condemn this transfemicide.
>
> We demand that the competent authorities carry out a prompt, exhaustive investigation with a focus on human rights and diversity, which guarantees justice for Ivana and does not allow this crime to go unpunished

<blockquote class=""instagram-media"" data-instgrm-captioned data-instgrm-permalink=""https://www.instagram.com/p/DIt80aCthWi/?utm_source=ig_embed&amp;utm_campaign=loading"" data-instgrm-version=""14"" style="" background:#FFF; border:0; border-radius:3px; box-shadow:0 0 1px 0 rgba(0,0,0,0.5),0 1px 10px 0 rgba(0,0,0,0.15); margin: 1px; max-width:540px; min-width:326px; padding:0; width:99.375%; width:-webkit-calc(100% - 2px); width:calc(100% - 2px);""><div style=""padding:16px;""> <a href=""https://www.instagram.com/p/DIt80aCthWi/?utm_source=ig_embed&amp;utm_campaign=loading"" style="" background:#FFFFFF; line-height:0; padding:0 0; text-align:center; text-decoration:none; width:100%;"" target=""_blank""> <div style="" display: flex; flex-direction: row; align-items: center;""> <div style=""background-color: #F4F4F4; border-radius: 50%; flex-grow: 0; height: 40px; margin-right: 14px; width: 40px;""></div> <div style=""display: flex; flex-direction: column; flex-grow: 1; justify-content: center;""> <div style="" background-color: #F4F4F4; border-radius: 4px; flex-grow: 0; height: 14px; margin-bottom: 6px; width: 100px;""></div> <div style="" background-color: #F4F4F4; border-radius: 4px; flex-grow: 0; height: 14px; width: 60px;""></div></div></div><div style=""padding: 19% 0;""></div> <div style=""display:block; height:50px; margin:0 auto 12px; width:50px;""><svg width=""50px"" height=""50px"" viewBox=""0 0 60 60"" version=""1.1"" xmlns=""https://www.w3.org/2000/svg"" xmlns:xlink=""https://www.w3.org/1999/xlink""><g stroke=""none"" stroke-width=""1"" fill=""none"" fill-rule=""evenodd""><g transform=""translate(-511.000000, -20.000000)"" fill=""#000000""><g><path d=""M556.869,30.41 C554.814,30.41 553.148,32.076 553.148,34.131 C553.148,36.186 554.814,37.852 556.869,37.852 C558.924,37.852 560.59,36.186 560.59,34.131 C560.59,32.076 558.924,30.41 556.869,30.41 M541,60.657 C535.114,60.657 530.342,55.887 530.342,50 C530.342,44.114 535.114,39.342 541,39.342 C546.887,39.342 551.658,44.114 551.658,50 C551.658,55.887 546.887,60.657 541,60.657 M541,33.886 C532.1,33.886 524.886,41.1 524.886,50 C524.886,58.899 532.1,66.113 541,66.113 C549.9,66.113 557.115,58.899 557.115,50 C557.115,41.1 549.9,33.886 541,33.886 M565.378,62.101 C565.244,65.022 564.756,66.606 564.346,67.663 C563.803,69.06 563.154,70.057 562.106,71.106 C561.058,72.155 560.06,72.803 558.662,73.347 C557.607,73.757 556.021,74.244 553.102,74.378 C549.944,74.521 548.997,74.552 541,74.552 C533.003,74.552 532.056,74.521 528.898,74.378 C525.979,74.244 524.393,73.757 523.338,73.347 C521.94,72.803 520.942,72.155 519.894,71.106 C518.846,70.057 518.197,69.06 517.654,67.663 C517.244,66.606 516.755,65.022 516.623,62.101 C516.479,58.943 516.448,57.996 516.448,50 C516.448,42.003 516.479,41.056 516.623,37.899 C516.755,34.978 517.244,33.391 517.654,32.338 C518.197,30.938 518.846,29.942 519.894,28.894 C520.942,27.846 521.94,27.196 523.338,26.654 C524.393,26.244 525.979,25.756 528.898,25.623 C532.057,25.479 533.004,25.448 541,25.448 C548.997,25.448 549.943,25.479 553.102,25.623 C556.021,25.756 557.607,26.244 558.662,26.654 C560.06,27.196 561.058,27.846 562.106,28.894 C563.154,29.942 563.803,30.938 564.346,32.338 C564.756,33.391 565.244,34.978 565.378,37.899 C565.522,41.056 565.552,42.003 565.552,50 C565.552,57.996 565.522,58.943 565.378,62.101 M570.82,37.631 C570.674,34.438 570.167,32.258 569.425,30.349 C568.659,28.377 567.633,26.702 565.965,25.035 C564.297,23.368 562.623,22.342 560.652,21.575 C558.743,20.834 556.562,20.326 553.369,20.18 C550.169,20.033 549.148,20 541,20 C532.853,20 531.831,20.033 528.631,20.18 C525.438,20.326 523.257,20.834 521.349,21.575 C519.376,22.342 517.703,23.368 516.035,25.035 C514.368,26.702 513.342,28.377 512.574,30.349 C511.834,32.258 511.326,34.438 511.181,37.631 C511.035,40.831 511,41.851 511,50 C511,58.147 511.035,59.17 511.181,62.369 C511.326,65.562 511.834,67.743 512.574,69.651 C513.342,71.625 514.368,73.296 516.035,74.965 C517.703,76.634 519.376,77.658 521.349,78.425 C523.257,79.167 525.438,79.673 528.631,79.82 C531.831,79.965 532.853,80.001 541,80.001 C549.148,80.001 550.169,79.965 553.369,79.82 C556.562,79.673 558.743,79.167 560.652,78.425 C562.623,77.658 564.297,76.634 565.965,74.965 C567.633,73.296 568.659,71.625 569.425,69.651 C570.167,67.743 570.674,65.562 570.82,62.369 C570.966,59.17 571,58.147 571,50 C571,41.851 570.966,40.831 570.82,37.631""></path></g></g></g></svg></div><div style=""padding-top: 8px;""> <div style="" color:#3897f0; font-family:Arial,sans-serif; font-size:14px; font-style:normal; font-weight:550; line-height:18px;"">View this post on Instagram</div></div><div style=""padding: 12.5% 0;""></div> <div style=""display: flex; flex-direction: row; margin-bottom: 14px; align-items: center;""><div> <div style=""background-color: #F4F4F4; border-radius: 50%; height: 12.5px; width: 12.5px; transform: translateX(0px) translateY(7px);""></div> <div style=""background-color: #F4F4F4; height: 12.5px; transform: rotate(-45deg) translateX(3px) translateY(1px); width: 12.5px; flex-grow: 0; margin-right: 14px; margin-left: 2px;""></div> <div style=""background-color: #F4F4F4; border-radius: 50%; height: 12.5px; width: 12.5px; transform: translateX(9px) translateY(-18px);""></div></div><div style=""margin-left: 8px;""> <div style="" background-color: #F4F4F4; border-radius: 50%; flex-grow: 0; height: 20px; width: 20px;""></div> <div style="" width: 0; height: 0; border-top: 2px solid transparent; border-left: 6px solid #f4f4f4; border-bottom: 2px solid transparent; transform: translateX(16px) translateY(-4px) rotate(30deg)""></div></div><div style=""margin-left: auto;""> <div style="" width: 0px; border-top: 8px solid #F4F4F4; border-right: 8px solid transparent; transform: translateY(16px);""></div> <div style="" background-color: #F4F4F4; flex-grow: 0; height: 12px; width: 16px; transform: translateY(-4px);""></div> <div style="" width: 0; height: 0; border-top: 8px solid #F4F4F4; border-left: 8px solid transparent; transform: translateY(-4px) translateX(8px);""></div></div></div> <div style=""display: flex; flex-direction: column; flex-grow: 1; justify-content: center; margin-bottom: 24px;""> <div style="" background-color: #F4F4F4; border-radius: 4px; flex-grow: 0; height: 14px; margin-bottom: 6px; width: 224px;""></div> <div style="" background-color: #F4F4F4; border-radius: 4px; flex-grow: 0; height: 14px; width: 144px;""></div></div></a><p style="" color:#c9c8cd; font-family:Arial,sans-serif; font-size:14px; line-height:17px; margin-bottom:0; margin-top:8px; overflow:hidden; padding:8px 0 7px; text-align:center; text-overflow:ellipsis; white-space:nowrap;""><a href=""https://www.instagram.com/p/DIt80aCthWi/?utm_source=ig_embed&amp;utm_campaign=loading"" style="" color:#c9c8cd; font-family:Arial,sans-serif; font-size:14px; font-style:normal; font-weight:normal; line-height:17px; text-decoration:none;"" target=""_blank"">A post shared by Asociación Lambda (@asoclambda)</a></p></div></blockquote>
<script async src=""//www.instagram.com/embed.js""></script>

https://www.facebook.com/AsociacionLambda/posts/%EF%B8%8F-ivana-p%C3%A9rez-fue-asesinada-en-un-contexto-de-violencia-estructural-y-transfobia/1072536408231551a

https://www.instagram.com/p/DIt80aCthWi/","Ivanna Pérez was murdered in Palencia, Guatemala (Guatemala) on 21 Apr 2025. #SayHerName #TransLivesMatter #TDoR",https://tdor.translivesmatter.info/reports/2025/04/21/ivanna-perez_guatemala_1c87c628
Eris Palm,23,,,,22-Apr-2025,,,,Hamburg,Hamburg,Germany,53.54907672,9.992357012,suicide,suicide,"Eris died by suicide.

> Eris Palm, died of suicide on 22 April 2025 at age 23, lived in Hamburg, Germany
>
> Eris had a website that has pretty much only her gloriously weird wrist watch on it, we memorialised the website after her death
> 
> https://fuckup-industries.com/
> 
> Eris loved building weird electronics. She tried to set a record for the longest continuous time spent in the Hamburg hackspace CCCHH, staying there for days in a row without leaving. Her 3D-printed laptop handle was a work of art.
> 
> I’m really not in the headspace to write more than this. I don’t think we need a very long page either, it’s just that having them on the list at all would be a comfort for me.

Source: email","Eris Palm died by suicide in Hamburg (Germany) on 24 Aug 2025.

She was 23. #SayHerName #TransLivesMatter #TDoR",https://tdor.translivesmatter.info/reports/2025/08/24/eris-palm_hamburg-germany_87c1859f
Kelsey Elem,25,5-Nov-1999,2025_04_24_Kelsey-Elem.jpg,https://www.bnd.com/news/local/article305497861.html,24-Apr-2025,tgeu/tdor2025/24-Apr-2025/Kelsey Elem,5800 Grace Avenue,,St Louis,Missouri,USA,38.56928972,-90.25552711,violence,shot,"Kelsey was shot by her abusive boyfriend after - fearing for her safety - she asked a witness to call the police during an argument.

> Her name was Kelsey Elem. She was 25 years old when her boyfriend killed her after an argument. They both lived in St. Louis.
> 
> St. Louis County Police reported an altercation broke out in the 5800 block of Grace Avenue between Kelsey and her partner, Martino Lewis. Reportedly, an eyewitness overheard an argument. Elem’s family said that it escalated into the man they call ‘Tino’ punching Elem so badly in the mouth that she started bleeding.
> 
> According to KSDK, documents from the St. Louis County Prosecuting Attorney’s Office said Elem was afraid Lewis was going to get her gun and asked a witness to call police. While the witness was on the phone with 911, they heard a gunshot and saw Lewis run out of the house to drive away in Elem’s car. 
> 
> Police charged Lewis with second degree murder, armed criminal action and domestic assault.
> 
> Her family had to clean out her apartment, describing harrowing details. It seems like a terrifying violent attack.
> 
> Kelsey was born in Atlanta. Her family relocated to St. Louis where Kelsey attended East St. Louis High School, then studied at Duke University. She worked retail at Hollister and then moved into food service as a manager at McDonalds. She did some training to become a medical assistant. Her Facebook posts reiterate her work ethic – she typically had two jobs, bought her own car and set up her own apartment at age 18.
> 
> Her birthday was November 5. Family said she was an advocate for the transgender community and was a consistent friend to strangers. 
> 
> The day before her death, Kelsey posted a heart wrenching tribute to her transition.
> 
> ""Yall my Transition was so epic it was a surprise to me but a surprise to yall it some I always wanted to do In now I’m happy enough to embrace It took a lot for me get here in a couple years but hey I did I’m proud of my lifeee in so many ways it just shocks me wen I look back like I was tht dude now tht Girl but yea moral of story love your life""
> 
> She didn’t know that might be her last post, but it is a humbling tribute to the resiliency and self-awareness of this young woman. I’m still not sure if its a comfort that she gets to have the final say, however unintentional. It is heartbreaking that her final words came at such a young age.
> 
> She deserved to be loved by someone who would respect and value her.

Kelsey's Facebook profiles are https://www.facebook.com/yung.biggoals/ and https://www.facebook.com/kelsey.elem.3/.

https://www.pghlesbian.com/2025/05/25-year-old-black-trans-woman-fatally-shot-by-boyfriend-in-st-louis/

https://www.ketk.com/news/longview-police-arrest-man-for-shooting-transgender-victim-soliciting-photos-of-minor/

https://www.bnd.com/news/local/article305497861.html

https://www.facebook.com/AmariJaniaYoung/posts/pfbid02jiDpQeVNRgXRwW3YMwrMYH9a4ZK414QDMULHGS93SxwkbCUb3NWqvopKUfzRM5G9l
","Kelsey Elem was shot by her abusive boyfriend in St Louis, Missouri (USA) on 24 Apr 2025.

She was 25. #SayHerName #TransLivesMatter #TDoR",https://tdor.translivesmatter.info/reports/2025/04/24/kelsey-elem_st-louis-missouri-usa_15d7bf85
Sarut,,,,,24-Apr-2025,,,,Bang Kruai,Nonthaburi,Thailand,13.81546326,100.4172246,suicide,suicide,"Sarut died by suicide after losing 7 million baht (about £160,000 or $213,000) in an investment scam.

> A Thai [trans woman] [died by] suicide in her parked car outside her barbecue restaurant in Nonthaburi province, near Bangkok, after reportedly losing over 7 million baht in an investment scam.
> 
> A worker at the restaurant in Bang Kruai district noticed the vehicle belonging to his transgender employer, Sarut, parked outside unusually early on the morning of April 24. He became suspicious, as she had never arrived that early before.
> 
> The staff searched the premises but found no sign of Sarut. Initially, they dismissed the matter until receiving a phone call from her older brother, who reported her missing. The worker then rushed to check inside the car and discovered her lifeless body, subsequently notifying Bang Kruai Police Station.
> 
> Rescue personnel and a medical team from the Institute of Forensic Medicine reported that the transwoman was found dead in the driver’s seat of her white GWM Haval SUV. There were no visible wounds or signs of a struggle. She was believed to have died approximately eight to ten hours before discovery.
> 
> A close friend told Channel 7 that Sarut was a kind and generous person, well-liked in the community. She was known for her friendliness and for regularly feeding stray cats in the area.
> 
> The friend added that Sarut had repeatedly spoken about her financial struggles. They last met on the night before her death.
> 
> Following interviews with other friends and family members, police learned that the [trans woman] had lost over 7 million baht in an investment scam. She did not only spend her life savings on the fraudulent scheme but also borrowed significant sums from others to fund what turned out to be a fake business.
> 
> Creditors reportedly confronted her several times, demanding repayment, adding to her stress. Sarut often told her friends that she wanted to end her life to escape the situation, though none believed she would act on it.
> 
> Police reviewed the restaurant’s CCTV footage and discovered that Sarut unplugged all the cameras before taking her own life in the car.

https://thethaiger.com/news/bangkok/thai-transwoman-commits-suicide-after-losing-7-million-baht-in-scam","Sarut died by suicide in Bang Kruai, Nonthaburi (Thailand) on 24 Apr 2025. #SayHerName #TransLivesMatter #TDoR",https://tdor.translivesmatter.info/reports/2025/04/24/sarut_bang-kruai-nonthaburi-thailand_3dd9d614
Adeline Claire Johnson,19,21-Oct-2005,2025_04_25_Adeline-Claire-Johnson.jpg,https://www.ashevilleareaalternative.com/obituary/Adeline-Johnson,25-Apr-2025,,,,Asheville,North Carolina,USA,35.59622608,-82.5472385,suicide,suicide,"Adeline died by suicide.

> Adeline Claire Johnson, 19, of Asheville, North Carolina, transitioned from this life on April 25, 2025.
>
> Adeline’s kindness, playful spirit, and intellect touched many lives during her short time here. She saw the world in a unique and thoughtful way, bringing a special creativity and sensitivity to everything she did. She loved spending time with children and shared her joyful sense of play with them. Adeline hoped to become a teacher one day. Her cunning, existential wit, brilliance, and gentle nature left a lasting impression on all who knew her.
>
> Adeline was a transgender young woman on the autism spectrum—exquisitely intelligent, with a fierce sense of justice and deep curiosity. She wrote protective legislation for trans youth that was adopted in Illinois, composed music that reflected her rich inner life, and served as a kind, nonjudgmental friend to many. She worked tirelessly to make the world a better place.
>
>The weight of cruelty, injustice, and despair in this world became unbearable. Adeline died by suicide, leaving behind her mother, sister, and community devastated by the loss of her bright and beautiful presence.
>
> Adeline will be deeply missed by her mother, sister, and all who knew and loved her.

Source: email

Adeline's Facebook profile is https://www.facebook.com/asabby.johnson/.

https://www.ashevilleareaalternative.com/obituary/Adeline-Johnson

https://www.findagrave.com/memorial/284699945/adeline-claire-johnson

https://www.gofundme.com/f/adeline-claire-johnson","Adeline Claire Johnson died by suicide in Asheville, North Carolina (USA) on 25 Apr 2025.

She was 19. #SayHerName #TransLivesMatter #TDoR",https://tdor.translivesmatter.info/reports/2025/04/25/adeline-claire-johnson_asheville-north-carolina-usa_b76a2d4d
Lucy Fox,46,,2025_05_25_Lucy-Fox.jpg,email,25-Apr-2025,,,,Hartlepool,Durham,United Kingdom,54.69133796,-1.213119192,uncategorised,not reported,"Lucy passed away several weeks after suffering a brutal transphobic assault outside her home. A day before the attack on Lucy her partner Katy had also been attacked.

> Lucy-Anne Fox passed away, aged 46, on April the 25th 2025. Lucy was a fantastic cook and had been a celebrated Italian chef. She loved video games, fantasy books, the moon, the ocean, and her cats. Her favourite flowers were orchids, and her favourite ice cream flavour was cookie dough. She could do an excellent Mickie Mouse impression. She was always giving, fiercely protective of her friends and community, and endlessly funny.

*[Editor's Note: An anecdotal second hand report from a friend (quoted below) suggests Lucy died by suicide. However, as what happened to her is the subject of an investigation and her partner has been advised not to comment on the circumstances the case has been recorded here as ""Uncategorised"" pending the results of the investigation]*


A GoFundMe set up by a friend to fundraise for medical, therapy, security and moving expenses for Lucy and her partner Katy makes harrowing reading:

> Earlier this month, my two best friends were attacked, each in separate incidences.
> 
> First, Katy was held at knifepoint on the streets in broad daylight in an attempted robbery. They managed to come away physically unharmed, though obviously shaken. The man was eventually arrested and was charged with attempted robbery and unlawful possession of a bladed article (a Stanley knife), plus two other attempted robberies, causing criminal damage to windows, and stealing a pedal cycle. Any news articles about the incident also misgendered Katy.
> 
> The next day, my friend Lucy, Katy’s wife, was subjected to a violent, degrading, and transphobic attack right outside her own home. She was chased by a group of men, physically assaulted, undressed against her will, and subjected to transphobic slurs while they laughed. The attack left her with serious injuries, including to her head, back, and knees, and chunks of her hair were ripped out.
> 
> Police were called, though the three culprits had already fled. Upon arrival, Lucy approached the responding officer, expecting to start telling him what happened. But instead of being rescued from the hate crimes committed against her, Lucy had an extremely distressing interaction with a responding police officer, which resulted in further physical pain, public humiliation, and emotional distress. After this interaction with the officer, the officer then interacted with Katy in a way that they experienced as hostile, dishonest, and ableist. Lucy and Katy believe that the officer was so hostile because she is a disabled and vulnerable trans woman.
> 
> I sat on video call with them that night, Lucy sitting broken and in pain. Her memory barely lasted a minute at a time. It was terrifying seeing her in this state, seeing what had been done to her and what saying effects this will have on both her and Katy. Any sound from the street or car that pulled up had her in a panic, thinking the men may have returned. Katy and I pleaded with her to go to the hospital, but Lucy felt she couldn’t trust another emergency service, not after she felt she had fallen victim to the last one.
> 
> The next morning, Lucy collapsed. An ambulance was called and Lucy was taken to hospital. At A&E, it was discovered that Lucy had multiple head injuries, evidence of a dislocated shoulder and torn muscles in her shoulder and bicep, bruises on her back, and torn and bloody knees. As I sit here writing this, her knees still carry the scabs and scars of the attack.
> 
> The following weeks felt like a living nightmare for Katy and Lucy. They are terrified to leave the house, anxious anytime someone came to the door, and still recovering mentally, physically, and emotionally. Lucy especially is experiencing lasting issues with memory and ongoing pain from her experiences.

https://www.gofundme.com/f/help-Katy-and-lucy-navigate-their-attacks

https://bsky.app/profile/ljmojc.bsky.social/post/3lnp7eganes2f

https://www.instagram.com/p/DI0jdLCxhSu/","Lucy Fox passed away on 25 Apr 2025 - several weeks after suffering a brutal transphobic assault outside her home in Hartlepool, County Durham (United Kingdom).

She was 46. #SayHerName #TransLivesMatter #TDoR",https://tdor.translivesmatter.info/reports/2025/04/25/lucy-fox_hartlepool-durham-united-kingdom_86ef0872
Kira Salim,34,,2025_04_26_Kira-Salim.jpg,https://vancouversun.com/news/vancouver-lapu-day-tragedy-victims-identified-in-memoriam,26-Apr-2025,tgeu/tdor2025/26-Apr-2025/Kira Salim,,New Westminster,Vancouver,British Colombia,Canada,49.2131911,-122.9209647,violence,run over,"Kira identified as nonbinary and was one of eleven people killed when a vehicle ploughed into pedestrains at a festival.

Adam Lo has been charged with eight counts of second-degree murder, with more charges expected.

> A trans teacher-counsellor who moved to Canada from Brazil so they could more safely be queer in public and an energetic five-year-old who was about to graduate from kindergarten are among those who were killed when a vehicle barrelled into a crowded street festival in Vancouver.
> 
> Kira Salim, 34, was identified as a victim in the festival attack by the New Westminster school district, which said the death has left friends and colleagues shocked and heartbroken.
> 
> Mx. Salim, who was trans and non-binary, arrived in New Westminster from Brazil three years ago looking for a safer place to be queer and out, friends said.
> 
> “They were such a big, energetic, beautiful, smiling human,” said Nadia Sorban, who met Mx. Salim when they taught at the American School in Rio de Janeiro a decade ago.
> 
> “It doesn’t feel fair for someone so caring and full of life to have been taken this way.”
> 
> Mx. Salim was among those at the Lapu Lapu Day block party in Vancouver on Saturday when a black SUV hurtled down the crowded, food truck-lined street, striking dozens of people without slowing. Eleven died, including Mx. Salim and the mother of a friend who accompanied them.
>
> As of Monday, 16 others remained in hospital, according to B.C.’s Ministry of Health. Police said seven were in critical condition and three in serious condition.
> 
> A total of 32 patients were rushed to various hospitals Saturday; in all, 13 patients have been discharged with non-life-threatening injuries. Fundraising campaigns have been launched in efforts to support the families of the dead and injured.
> 
> Adam Lo has been charged with eight counts of second-degree murder, with more charges expected. Police say they are confident that the attack was not an act of terrorism, though a motive remains unclear. Mr. Lo had extensive contact with police and health professionals related to his mental health – including one with police from a neighbouring jurisdiction one day before the attack – but never of a criminal nature, police said.

Kira's Facebook profile is https://www.facebook.com/clara.salim.3/.

https://vancouversun.com/news/vancouver-lapu-day-tragedy-victims-identified-in-memoriam

https://voiceonline.com/new-westminster-teacher-counsellor-kira-salim-one-a-victim-of-lapu-lapu-festival-tragedy/

https://web.archive.org/web/20250429045156/https://www.theglobeandmail.com/canada/british-columbia/article-couple-and-five-year-old-daughter-trans-teacher-mourned-after-fatal/

https://www.facebook.com/groups/pgmreal/posts/29354154924231096/","Kira Salim was one of eleven people killed in an attack on pedestrians in Vancouver (Canada) on 26 Apr 2025.

Kira was 34, identified as nonbinary and worked as a teacher-counsellor. #SayTheirName #TransLivesMatter #TDoR",https://tdor.translivesmatter.info/reports/2025/04/26/kira-salim_vancouver-british-colombia-canada_d50bf774
Waranan Pannacha,25,,2025_04_26_Waranan-Pannacha.jpg,https://www.scmp.com/week-asia/people/article/3308488/trans-womans-brutal-murder-exposes-dark-side-thailands-tourist-boom,26-Apr-2025,tgeu/tdor2025/26-Apr-2025/Waranan Pannacha,,Soi Arunothai,Pattaya,Chonburi,Thailand,12.93039785,100.8941571,violence,killed and mutilated,"Waranan's heavily mutilated body was found in a hotel apartment.

Fu Tongyuan, 42, was apprehended by police at Suvarnabhumi Airport.

> PATTAYA — A 42-year-old Chinese national, Mr. Fu Tongyuan, wanted for the gruesome murder of a 25-year-old Thai transgender woman, was apprehended by Immigration police at Suvarnabhumi Airport on Saturday afternoon. The suspect, whose face was covered with scratch marks, was transported back to Pattaya for interrogation.
> 
> The victim’s body was discovered in a rental apartment in Soi Arunothai, Central Pattaya. The deceased, identified as Woranand from Nong Khai province, had suffered horrific injuries. Her body had been cut open from neck to genitals, with her lung missing and heart removed from the body.
> 
> Investigators found a large plastic bag and scissors inside the apartment. The bathroom showed signs of thorough cleaning, with almost no blood stains remaining. Forensic police conducted detailed examinations and collected DNA evidence from the crime scene.
> 
> The apartment housekeeper told police that around 2 AM, she heard an argument between a Chinese man and a transgender woman in the room. She later heard the transgender woman screaming, “Let me go! Don’t hurt me!” This was followed by the sound of footsteps and repeated door kicking that continued for about an hour before falling silent.
> 
> When she woke up in the morning, the housekeeper reported the incident to her employer, who instructed her to knock on the door and warn the tenant. When no one answered, they used a spare key to enter the room, where they discovered the transgender woman’s body lying in a pool of blood. The Chinese man had disappeared. They immediately called the police.
> 
> The apartment manager revealed that the Chinese suspect had rented the room around 9 AM on April 25 for a one-week stay. According to his passport, he had previously visited Thailand 2-3 times as a tourist.
> 
> The suspect was finally arrested at approximately 1:45 PM while attempting to clear immigration at Suvarnabhumi Airport. He was preparing to leave the country on China Eastern Airlines flight MU 742 bound for Kunming, China.


Woranun’s parents, from her home province of Nong Khai, described her as their family’s breadwinner, and said that she sent home around $300 USD each month to support them.

https://www.eonline.com/news/1418236/transgender-woman-killed-in-thailand-tourist-cut-out-heart

https://sicnoticias.pt/mundo/2025-05-03-turista-chines-mata-e-come-pulmao-de-tailandesa-inspirado-numa-serie-de-televisao-2c205d2a

https://www.noticiasdecoimbra.pt/macabro-mata-trans-apos-encontro-retira-coracao-e-come-um-bocado-do-pulmao/

https://www.scmp.com/week-asia/people/article/3308488/trans-womans-brutal-murder-exposes-dark-side-thailands-tourist-boom

https://www.straitstimes.com/asia/se-asia/chinese-tourist-confesses-to-murdering-transgender-woman-in-thailand-removing-her-organs

https://www.antena3.com/noticias/mundo/macabro-asesinato-prostituta-transgenero-turista-mata-arranca-corazon-pulmones-implantes-silicona_202505016813bb77319ae75da4bdbeac.html

https://www.elprogreso.es/articulo/mundo/turista-chino-mata-prostituta-trans-tailandia-mutila-pechos/202505022256021873450.html

https://www.elmundo.es/internacional/2025/05/01/681381f4e4d4d8da028b45e9.html

https://primicia.com.ve/mundo/turista-asesina-a-mujer-trans-le-extrae-los-pulmones-y-el-corazon/

https://www.20minutos.es/internacional/tailandia-mujer-transgenero-asesinada-mutilada-5705803/

https://www.abc.es/internacional/turista-chino-asesina-prostituta-trans-tailandia-extrae-20250501194529-nt.html#

https://www.lavanguardia.com/sucesos/20250502/10638939/turista-chino-asesina-prostituta-trans-tailandia-le-extirpa-protesis-mamarias-come-pulmon-derecho-pmv-asd.html

https://www.gobernantes.com/vernota.php?id=478503

https://www.marca.com/tiramillas/sociedad/2025/05/02/terrible-asesinato-prostituta-transgenero-arrancan-corazon-pulmones-implantes-silicona.html

https://diariodelyaqui.mx/internacional/turista-mata-a-mujer-trans-con-unas-tijeras-le-saco-el-corazon-y-los-pulmones/107956

https://www.catalunyapress.es/articulo/sucesos-internacionales/2025-05-02/5275138-canibalismo-asesinato-macabro-crimen-turista-tailandia

https://www.khaosodenglish.com/news/2025/04/28/body-of-transgender-murder-victim-sent-for-detailed-forensic-analysis/

https://www.khaosodenglish.com/news/2025/04/27/trans-womans-family-enraged-curse-chinese-murder-suspect/

https://www.thestar.com.my/aseanplus/aseanplus-news/2025/04/29/transgender-murder-pattaya-police-beef-up-security-as-they-bring-chinese-suspect-to-reenact-crime

https://www.thaiexaminer.com/thai-news-foreigners/2025/04/27/police-reject-organ-harvesting-rumours-linked-to-a-horrific-murder-on-friday-night-by-a-chinese-tourist/

https://www.pattayamail.com/news/chinese-man-confesses-to-brutal-murder-of-transgender-woman-in-pattaya-victims-father-demands-death-penalty-499065

https://www.thestar.com.my/aseanplus/aseanplus-news/2025/04/29/transgender-murder-pattaya-police-beef-up-security-as-they-bring-chinese-suspect-to-reenact-crime

https://www.straitstimes.com/asia/se-asia/chinese-tourist-confesses-to-murdering-transgender-woman-in-thailand-removing-her-organs

https://www.pattayamail.com/news/chinese-man-murders-transgender-woman-in-pattaya-guesthouse-claims-he-wanted-to-play-with-the-corpse-499060

https://www.nationthailand.com/news/general/40049342

https://asianews.network/chinese-tourist-confesses-to-murdering-transgender-woman-in-thailand-removing-her-heart/

https://www.nst.com.my/world/world/2025/04/1208637/man-confesses-killing-butchering-transgender-woman-after-sex-deal-goes

https://ca.news.yahoo.com/chinese-tourist-confesses-killing-transgender-115009938.html

https://www.bangkokpost.com/thailand/general/3013055/autopsy-underway-on-transwomans-mutilated-body

https://www.bangkokpost.com/thailand/general/3012207/pattaya-transwoman-slain-after-refusing-sex-chinese-suspect

https://www.khaosodenglish.com/news/2025/04/27/sex-deal-gone-wrong-chinese-tourist-confesses-to-pattaya-murder/

https://www.thaiexaminer.com/thai-news-foreigners/2025/04/27/chinese-suspected-monster-arrested-before-boarding-flight-after-hideous-early-morning-murder-in-pattaya/

https://www.khaosodenglish.com/news/2025/04/26/brutal-pattaya-killing-chinese-tourist-caught-at-suvarnabhumi/

https://mustsharenews.com/transgender-woman-murdered-apartment/

https://www.msn.com/en-us/crime/general/transgender-women-protest-following-jack-the-ripper-style-murder-of-compatriot-in-pattaya/vi-AA1DKzNE

https://www.msn.com/en-us/news/crime/moment-chinese-man-who-murdered-trans-girl-in-jack-the-ripper-style-murder-is-arrested-at-airport/vi-AA1DKsJl

https://www.instagram.com/p/DI6DVnAvBhY/

https://www.instagram.com/p/DJNk5i9R7Gq/

https://x.com/SCMPNews/status/1917463110970978720

https://x.com/EdDunn70381450/status/1917538763284140451","Waranan Pannacha's heavily mutilated body was found in a hotel apartment in Pattaya, Chonburi (Thailand) on 26 Apr 2025.

She was 25. #SayHerName #TransLivesMatter #TDoR",https://tdor.translivesmatter.info/reports/2025/04/26/waranan-pannacha_pattaya-chonburi-thailand_8cd3cb9a
"Dahlia Supelanas (""Ka Dahlia"")",25,22-Oct-1999,2025_04_27_Dahlia-Supelanas.jpg,https://x.com/kaubangbisay2/status/1980848091659137187,27-Apr-2025,"tgeu/tdor2025/27-Apr-2025/Dahlia Supelanas (""Ka Dahlia"")",,Barangay Tapi,Kabankalan City,Negros Occidental,Philippines,9.8276489,122.7337666,violence,not reported,"Dahlia was one of seven people killed during a clash with Philippine military forces. According to the authorities all were members of the New People's Army (NPA).

> NEGROS OCCIDENTAL, Philippines – A trans woman activist and former student leader at the University of the Philippines Cebu was among seven individuals killed in what the military described as an armed encounter with suspected New People’s Army (NPA) rebels in Barangay Tapi, Kabankalan City, on Sunday, April 27.
>
> [deadname] “Dee” Supelanas, a UP Cebu communications graduate, was identified by the Army’s 3rd Infantry Division as a political instructor for the NPA’s southwest front in the 6th District of Negros Occidental. The military said she was known in the underground movement as “Dalia.”
>
> Also killed were Reniel Locsin Cellon, Mary Jane Maguilat, Charity Amacan, Jhonrey Mejares, Glenda Tinio Mejares, and a man identified only as Pitong.
>
> Supelanas was remembered by fellow activists and former colleagues as a dedicated student leader who championed academic freedom and youth rights.
>
> UP Cebu’s official student publication, Tug-ani, described her as a “defender of the oppressed” who took part in several national student alliances, including Anakbayan UP Cebu and the National Union of Students of the Philippines Cebu.
>
> She served as University Student Council chairperson from 2019 to 2021, helped revive the student publication Lanog, and held roles in radio stations DYUP-Sugbo and DYCM. She also anchored local programs such as Youth on the March and Pugasan sa Kahanginan.
>
> Nagkahiusang Kusog sa Estudyante-UP Cebu called her “a fearless leader and activist.”
>
> Anakbayan UP Cebu also paid tribute to Supelanas as a “staunch leader of the masses,” praising her resistance to “inequality, militarization, and systemic oppression.”

https://digicastnegros.com/bangkay-sang-alumna-sang-up-cebu-nga-napatay-sa-encounter-sa-kabankalan-nadala-na-sa-cebu/

https://philippinerevolution.nu/angbayan/cebuano-youth-honor-martyred-former-up-cebu-student/

https://kami.com.ph/philippines/175349-transgender-na-cebu-alumna-dating-student-leader-patay-sa-enkwentro-sa-militar-sa-negros/

https://www.bulatlat.com/2025/06/07/up-cebu-honors-dee-supelanas-kabankalan-7/

https://philippinerevolution.nu/2025/04/29/tribute-ka-daisy-a-flower-that-never-wilts/

https://www.facebook.com/BahaghariLGBT/posts/a-trans-woman-in-the-service-of-the-filipino-masses-salute-to-dee-ka-dahlia-supe/705251052015791/

https://x.com/kaubangbisay2/status/1980848091659137187","Dahlia Supelanas was one of seven people killed during a clash with Philippine military forces in Kabankalan City, Negros Occidental (Philippines) on 27 Apr 2025.

She was 25. #SayHerName #TransLIvesMatter #TDoR",https://tdor.translivesmatter.info/reports/2025/04/27/dahlia-supelanas-ka-dahlia_kabankalan-city-negros-occidental-philippines_af0fad84
Lesley Storm,71-72,,2025_04_28_Lesley-Storm.jpg,https://www.scottishpoetrylibrary.org.uk/2025/05/remembering-lesley-storm/,28-Apr-2025,,,,Edinburgh,Scotland,United Kingdom,55.9412907,-3.3701466,uncategorised,not reported,"Lesley was a [published poet](https://www.amazon.co.uk/stores/Lesley-Storm/author/B08XC7GXPQ) who helped people with addiction issues on a voluntary basis.

> I just found out a friend of mine died on Monday [28 Apr 2025]. She was the first one to befriend me when I came out. She took me to a good cafe, and other safe spaces for trans people. I saw her the day before she died, she was walking down the road and I was on the bus. I waved but wasn't sure if she saw me.""


***Remembering Lesley Storm***

> Lesley Storm legally changed her name in August 2010 and had gender confirmation surgery in January 2014 in Brighton. She began performing poetry in 2015 and became quickly known to many in Edinburgh’s writing and publishing community, becoming a regular at the monthly The Heretics meeting. 
> 
> This revived poetry and song collective, started in 1970 by Dolina MacLennan, Liz Lochhead, Robert Garioch, John Herdman, Sorley MacLean, and others, proved an incredibly welcoming launching ground for Lesley as a writer. Her work was always powerful, personal, and as well as occasionally commenting specifically on life as a trans woman, most of Lesley’s poetry concerned the most human of emotions of all — love, loss, grief, joy. All of these emotions Lesley mastered as a writer and presented memorably in her poetry.
> 
> From this huge burst of creativity Lesley produced a strong first and only collection, **It’s About Time**, published in 2021, which although she and her publisher were not aware at the time, was likely the first full collection of poetry by a transgender person in Scotland.
> 
> Lesley was incredibly supportive to many writers, and despite life long depression was usually hilarious company, caustic, critical, gentle as well as understanding, particularly of those in any way marginalised. She thought Brexit was Bollocks and that Boris was the anti-Christ. She wrote poetry constantly and collected poetry books, and has left a mountain of unpublished work.
> 
> Lesley died peacefully at home on 28th April 2025. We believe Lesley’s birth date was 1951 – 1953.


Lesley's Instagram profile is https://www.instagram.com/leithlesley/. In her own words:
  
> ""I’m a woman. I support them. I’m bisexual. I support them. I’m a feminist. I support them. I endure regular abuse for being trans. I support them. I am called a “poof” by the unenlightened. I support them. My name is Lesley, and I'm a woman - that is to say that I am human, just like you, and you like me.""

https://www.scotsman.com/news/people/scotsman-obituaries-lesley-storm-talented-poet-who-brought-neglected-writers-back-into-print-5211672

https://www.scottishpoetrylibrary.org.uk/2025/05/remembering-lesley-storm/

https://leamingtonbooks.com/books/poetry/its-about-time","Lesley Storm passed away in Edinburgh, Scotland (United Kingdom) on 28 Apr 2025.

She was 46, and was a published poet who helped people with addiction issues on a voluntary basis. #SayHerName #TransLivesMatter #TDoR",https://tdor.translivesmatter.info/reports/2025/04/28/lesley-storm_edinburgh-scotland-united-kingdom_2721ebeb
Sophia,,,,,30-Apr-2025,,,,,,United Kingdom,53.57034664,-2.405774454,suicide,suicide,"Sophia reportedly died by suicide two weeks after the [UK Supreme Court ruling](https://goodlawproject.org/for-women-scotland-a-legal-critique/) in favour of the transphobic hate group ""For Women Scotland"".

> Last night, one of our sisters in the UK decided to end her life instead of living in the wake of the Supreme Court ruling.
>
> If you still support anything HP [Harry Potter] you are complicit and can get off my page.


No other information is known, but Sophia's name was revealed by a commenter on the thread in which her death was reported.

> it was someone that I knew from an old forum before Facebook existed. Her name was Sophia.

https://www.facebook.com/TransRights/posts/pfbid02fmkoKc9Fdo9WUzfFm3m76nmu6SkMozCh2U6fq5ZrUJkQLwSu4gQBYAUeTjTWpMUEl

https://www.facebook.com/TransRights/posts/pfbid02fmkoKc9Fdo9WUzfFm3m76nmu6SkMozCh2U6fq5ZrUJkQLwSu4gQBYAUeTjTWpMUEl?comment_id=2012870642536783","Sophia reportedly died by suicide on 30 Apr 2025 - two weeks after the UK Supreme Court ruling in favour of the transphobic hate group ""For Women Scotland"".

No other information is known. #SayHerName #TransLivesMatter #TDoR",https://tdor.translivesmatter.info/reports/2025/04/30/sophia_united-kingdom_ecde2b30
