Name,Age,Birthdate,Photo,Photo source,Date,TDoR list ref,Address,Locality,Town/City/Municipality,State/Province,Country,Latitude,Longitude,Category,Cause of death,Description,Tweet,Permalink
Jonathan Joss,59,22-Dec-1959,2025_06_01_Jonathan-Joss.jpg,https://www.advocate.com/crime/actor-jonathan-joss-killed,1-Jun-2025,,,,San Antonio,Texas,USA,29.4583744,-98.8477483,violence,shot,"Jonathan was a cisgender actor known for roles in King of the Hill and Parks and Recreation. He died defending his partner, a trans man, from a homophobic attack.

Initially police claimed that his murder was not a hate crime, but after widespread outrage they retracted that claim.

> The husband of Jonathan Joss, the “King of the Hill” actor fatally shot by a neighbor in San Antonio, thanked Joss for saving his life in the Sunday altercation. He explained that the actor, whom he had just married on Valentine’s Day, pushed him out of the line of fire at the site of their former home, which had burned down following repeated threats.
> 
> “[The neighbor] started yelling violent homophobic slurs at us. He then raised a gun from his lap and fired. Jonathan and I had no weapons. We were not threatening anyone. We were grieving. We were standing side-by-side. When the man fired, Jonathan pushed me out of the way. He saved my life,” Tristan Kern de Gonzales wrote in a Facebook post on Monday.
> 
> Joss’ neighbor, identified as Sigfredo Alvarez-Cega, was arrested a block away. Alvarez-Cega, who reportedly got into a heated argument with Joss before killing him, has been charged with murder.
> 
> De Gonzales explained that before the neighbor with the gun appeared, they were horrified to discover “the skull of one of our dogs and its harness placed in clear view. This caused both of us severe emotional distress. We began yelling and crying in response to the pain of what we saw,” he said.
> 
> “He was murdered by someone who could not stand the sight of two men loving each other. I was with him when he passed. I told him how much he was loved,” de Gonzales wrote.
> 
> He also explained that during the two years he and Joss had lived at the site, that “people in the area … repeatedly told us they would set it on fire. We reported these threats to law enforcement multiple times and nothing was done.”
> 
> He added that they were “harassed regularly by individuals who made it clear they did not accept our relationship” from people who were “openly homophobic.” De Gonzales said that he and Joss were still newlyweds who were looking for a trailer and “planning our future.”
> 
> He thanked Joss’ friends and fans, concluding his post with, “My focus now is on protecting Jonathan’s legacy and honoring the life we built together … Jonathan saved my life. I will carry that forward. I will protect what he built.”

https://eu.usatoday.com/story/entertainment/celebrities/2025/06/02/jonathan-joss-dead-king-of-the-hill-shooting/83993159007/

https://www.them.us/story/san-antonio-police-hate-crime-statement-jonathan-joss-murder

https://www.them.us/story/san-antonio-police-hate-crime-statement-jonathan-joss-murder

https://www.thepinknews.com/2025/06/06/jonathan-joss-police-backtrack-death-hate-motivated/

https://www.thepinknews.com/2025/06/05/jonathan-joss-husband/

https://www.yahoo.com/news/did-not-accept-relationship-actor-213645592.html

https://gvwire.com/2025/06/02/king-of-the-hill-voice-actor-jonathan-joss-fatally-shot-outside-his-texas-home/

https://www.advocate.com/crime/actor-jonathan-joss-killed

https://www.thewrap.com/jonathan-joss-husband-statement-tristan-kern-de-gonzales/

https://www.the-independent.com/news/world/americas/jonathan-joss-husband-shooting-final-moments-b2763075.html

https://www.them.us/story/jonathan-joss-tristan-kern-de-gonzales-fatal-shooting-hate-crime-arrest

https://www.thepinknews.com/2025/06/03/jonathan-joss-shot-dead-parks-and-recreation-king-of-the-hill/

https://nypost.com/2025/06/02/entertainment/king-of-the-hill-voice-actor-jonathan-joss-killed-in-texas/

https://en.wikipedia.org/wiki/Jonathan_Joss","Jonathan Joss died defending his partner, a #trans man, from a homophobic attack in San Antonio, Texas (USA) on 1 Jun 2025.

He was 59, and was a cisgender actor known for roles in King of the Hill and Parks and Recreation. #SayHisName #TransLivesMatter #TDoR",https://tdor.translivesmatter.info/reports/2025/06/01/jonathan-joss_san-antonio-texas-usa_ffdb53f7
Kayra,20-30,,2025_06_03_Kayra.jpg,https://www.gazetebirlik.com/foto-galeri/kimdir/trans-kayra-kimdir-kac-yasinda-cinsiyeti-ne-neden-oldu-iste-trajik-hikayesi/290247,3-Jun-2025,,,Keşan,Edirne,Edirne,Turkey,40.8604948,26.5638549,suicide,suicide,"Kayra died by suicide.

> A transgender individual who was livestreaming on the social media platform TikTok in Edirne ended her life by [suicide method redacted] despite all the warnings of her followers. The incident caused great sadness and shock among the viewers.
> 
> The young [woman], who live-streamed the moment of [her] suicide, expressed the pressure [she] faced from society and [her] family in [her] last words. He cried out, “They don’t give us the right to live. Nobody, especially my family, accepts me. Everything has become a matter of reputation.” The following statements were also heard during the broadcast: “Tell my mother,” “Connect my mother,” “Share the screen recording, send it to all trans pages,” and “Come on, bye bye.”
> 
> During the broadcast, the voice on the other end of the phone was heard panicking and saying things like, “[Deadname], where are you?”, “For God’s sake, come, I will show you my love,” and “[Deadname], are you gone?” While those following the broadcast addressed the young [woman] as “Kayra” in the comments, it was learned that [her] [deadname] was “[Deadname].”
 
https://www.sendika.org/2025/06/edirnede-trans-kadin-actigi-canli-yayinda-biz-translara-yasam-hakki-vermiyorlar-diyerek-intihar-etti-intihar-degil-cinayet-727498

https://nigdeanadoluhaber.com.tr/haber/trans-kayra-oldu-mu-trans-kayra-kimdir-neden-oldu

https://notigram.com/internacional/nota-roja/mujer-trans-se-quita-la-vida-al-saltar-de-un-edificio-durante-una-transmision-en-vivo-20250605-1501396

https://www.ozgunkocaeli.com.tr/haber/25183718/tiktok-canli-yayininda-canina-kiydi

https://www.evrensel.net/haber/556302/edirnede-bir-trans-kadin-intihar-etti

https://www.akdenizgercek.com.tr/trans-kayra-olum-nedeni-neydi-cinsiyeti-neydi-erkek-miydi

https://www.kanal46.com/trans-kayra-kimdir-ne-zaman-neden-oldu-trans-kayra-olayi-nedir-sosyal-medya-calkalandi

https://www.tele1.com.tr/canli-yayinda-13uncu-kattan-atladi

https://www.flashaber.com.tr/edirnede-trans-birey-kayra-canli-yayin-acarak-13-kattan-asagi-atladi

https://www.gunluk.tv/asayis/trans-birey-canli-yayinda-hayatina-son-verdi/

https://www.gazetebirlik.com/foto-galeri/kimdir/trans-kayra-kimdir-kac-yasinda-cinsiyeti-ne-neden-oldu-iste-trajik-hikayesi/290247

https://www.gunluk.tv/asayis/trans-birey-canli-yayinda-hayatina-son-verdi/

https://www.gazeteyenigun.com.tr/haber/25175834/bir-trans-kadin-actigi-canli-yayinda-yasamina-son-verdi

https://www.bursadabugun.com/haber/canli-yayinda-13-uncu-kattan-atlayarak-intihar-etti-1816358.html

https://www.haberler.com/3-sayfa/trans-birey-canli-yayinda-13-uncu-kattan-18709548-haberi/

https://www.tum-haberler.com/gundem/edirnede-yusuf-kayra-isimli-trans-birey-13-kattan-asagi-atlayarak-intihar-etti-42175

https://www.sondakika.com/3-sayfa/haber-trans-birey-canli-yayinda-13-uncu-kattan-18709549/

https://haber.mynet.com/yer-edirne-canli-yayinda-kan-donduran-intihar-13-kattan-atladigi-anlar-saniye-saniye-kamerada-110107213169

https://www.bursa5n1k.com/gundem/canli-yayinda-sok-olay-13-uncu-kattan-atlayarak-canina-kiydi-390393

https://www.ilkhaber-gazetesi.com/polis-asayis/edirne-de-tiktok-canli-yayin-faciasi-290064",Kayra died by suicide in Edirne (Turkey) on 6 Jun 2025. #SayHerName #TransLivesMatter #TDoR,https://tdor.translivesmatter.info/reports/2025/06/03/kayra_edirne-turkey_595d32e3
Name Unknown,,,,,3-Jun-2025,tgeu/tdor2025/3-Jun-2025/Name Unknown,Bulevar Cuatro Sigloss and Avenida Ramon Rayón,,Ciudad Juárez,Chihuahua,Mexico,31.7305882,-106.483211,violence,tortured,"The body of the victim was found dumped in the steet with a threatening message from a criminal gang tied to her feet and hands.

> Juarez, the Chihuahua – A dead [woman] dressed as a woman was dumped on Bulevar Cuatro Siglos with a threatening message and tied to [her] feet and hands.
>
> The finding was reported at 22:25 hours yesterday, on Bulevar Cuatro Siglos and Avenida Ramon Rayón; the victim is a young man of white complexion, had as clothing a short, shiny dress.
>
> She also had her hands and feet tied with a yellow band and on her back was a card with a threatening message, apparently directed to the La Company criminal gang.

https://www.facebook.com/100070431566890/posts/hallan-a-un-hombre-asesinado-vestido-de-mujer-en-ju%C3%A1rez-estaba-arrado-y-le-dejar/755378263486552/","The body of an unidentified #trans woman was found dumped in the street in Ciudad Juárez, Chihuahua (Mexico) on 3 Jun 2025.

A threatening message from a criminal gang was tied to her feet and hands. #SayHerName #TransLivesMatter #TDoR",https://tdor.translivesmatter.info/reports/2025/06/03/name-unknown_ciudad-juarez-chihuahua-mexico_31bb3bdc
Paulina,,,2025_06_03_Paulina.jpg,https://eltiempomx.com/noticia/2025/mujer-trans-es-asesinada-a-balazos-mientras-trabajaba-en-colima.html,3-Jun-2025,tgeu/tdor2025/3-Jun-2025/Paulina,"Pozole Luisa', calle Balbino Dávalos",Fátima,Colima,Colima,Mexico,19.2534993,-103.7382477,violence,shot,"Paulina was shot by hitmen while she was working at a restaurant.

> COLIMA.- On the night of June 3, Paulina, a trans woman, was shot to death while working at a food establishment in the city of Colima, according to El Heraldo de México.
> 
> According to official reports, armed men shot her at least 10 times outside the ""Pozole Luisa"" business on calle Balbino Dávalos. Although emergency crews arrived at the scene, Paulina was no longer showing any vital signs. The attackers fled the scene and their identities remain unknown.
> 
> The State Attorney General's Office and municipal police cordoned off the area to begin an investigation. Authorities are analyzing whether this was a hate crime based on her gender identity or whether there were prior threats against her.

https://vadenuez.info/wp/ejecutan-a-balazos-a-un-hombre-en-un-negocio-de-comida-en-la-colonia-fatima-en-colima/

https://www.elimparcial.com/mexico/2025/06/05/asesinan-a-paulina-mujer-trans-con-10-balazos-en-colima-investigan-crimen-de-odio/

https://heraldodemexico.com.mx/nacional/2025/6/4/asesinan-balazos-paulina-mujer-trans-afuera-de-su-trabajo-investigan-crimen-de-odio-en-colima-704615.html

https://elpulsodecolima.com/2025/06/06/asesinan-a-mujer-trans-en-colima-comunidad-exige-justicia/

https://www.milenio.com/policia/mujer-trans-es-asesinada-a-balazos-en-negocio-de-colima

https://www.tribuna.com.mx/seguridad/2025/6/4/paulina-una-mujer-trans-fue-asesinada-balazos-en-su-lugar-de-trabajo-en-colima-403609.html

https://www.meganoticias.mx/xalapa/noticia/ejecutan-a-un-hombre-en-negocio-de-la-colonia-fatima/629976

https://www.facebook.com/TelediarioGuadalajara/photos/paulina-mujer-trans-es-asesinada-mientras-trabajaba-en-colima-en-pleno-inicio-de/1040603268184106/

https://www.youtube.com/watch?v=q_woJGAKXAg

https://www.youtube.com/watch?v=TAsrX1kE15M",Paulina was shot by hitmen while she was working at a restaurant in Colima (Mexico) on 3 Jun 2025. #SayHerName #TrannsLivesMatter #TDoR,https://tdor.translivesmatter.info/reports/2025/06/03/paulina_colima-mexico_3254ad21
Tessa June,21,,,,4-Jun-2025,,,,,North Carolina,USA,35.64675443,-79.8582876,suicide,suicide,"Tessa died by suicide.

> ""Tessa was a gentle and kind soul, who loved to read and had aspirations to become a published author someday. She cared deeply about those around her, and the world at large, and was always willing to help out any way she was able. She enjoyed traveling and good food, was especially fond of cats, and spending time online, gaming and chatting with her friends. She had a love for eclectic music, complex and thought provoking stories, took joy in simple and lovely things, and was incredibly intelligent and hardworking. She enjoyed kayaking and spending time in nature, and just being in the presence of loved ones on a regular basis.""
> 
> She was nearly 22, and had been doing her best to manage her Major Depressive Disorder with PTSD (she was bullied all throughout school, and dealt with the struggles of low support needs autism). She had also been dealing with severe gender dysphoria since age 17, and had just started medically/physically transitioning last August. She was seeing a regular trans friendly therapist and taking her meds as directed, and was always open with her father and I when things were getting bad. In the last month prior to her suicide, she had expressed fears about staying in the States, had some high school friends reject her identity and cut her off, suddenly lost her beloved cat, and in hindsight, I genuinely think her meds were also a significant factor in acting on her ideation. I didn't know exactly what she was taking since she was an adult and all, but now that I do, there were a few members of her biological family that had really bad suicidal ideation and mental breaks while on the same medication.
>
> She must have had a moment of crisis while at home by herself, took all of her meds, and by the time we found her that afternoon, they had ravaged her system. The emergency staff did absolutely everything to save her, but to no avail. We were there beside her right through the end.
> 
> Her name was Tessa June. She died on June 4th, 2025. 
> 
> We don't hold any harsh judgments of her for what happened; I feel like she wasn't even herself in the moment. Her father and I take solace in knowing that she felt safe and supported here at home to be her true self, but there are still so many ""should have could have"" thoughts that will plague our minds from now on, I'm afraid. We miss her like hell, and I don't think I'll ever be the same without her here.

* -- One of Tessa's parents*

Source: email","Tessa June died by suicide in North Carolina (USA) on 4 Jun 2025.

She was 21. #SayHerName #TransLivesMatter #TDoR",https://tdor.translivesmatter.info/reports/2025/06/04/tessa-june_north-carolina-usa_dea80270
Jax Gratton,34,,2025_06_06_Jax Gratton.jpg,https://www.instagram.com/p/DISIZnExYss/,6-Jun-2025,,9600 West Colfax Avenue,,Lakewood,Colorado,USA,39.74005704,-105.1052109,uncategorised,not reported,"Jax's body was found just under two months after she had gone missing on 15th April. Her death is consdered suspicious, but a coroner was unable to determine her cause of death.

> Jax Gratton, a 34-year-old hair stylist from Denver who had been missing since April 15, was found dead in Lakewood, Colorado, her family announced on Saturday, after Gratton's body was discovered in an alley the day prior.
> 
> The Lakewood Police Department said in a post that didn't identify Gratton, who is a transgender woman, as the deceased, that law enforcement was investigating a ""suspicious death"" after a bystander found remains in an advanced state of decomposition.
> 
> ""The body was in advanced stages of decomposition and could not be positively identified,"" Lakewood Police wrote in a press release on Facebook. ""It does appear to be the body of an adult.""
> 
> While authorities have not yet officially confirmed the identity, Gratton's relatives stated the body was hers.
> 
> ""With a broken heart, I share the news that our beloved Jax Gratton has been found — and she is no longer with us,"" Cherilynne Gratton-Camis, Gratton's mother, wrote in a post on Facebook. ""There are no words strong enough for the grief we are feeling. The light she carried, the love she gave so freely, and the joy she brought into our lives have been taken from this world far too soon.""
> 
> John Romero, a public information officer with the Lakewood Police Department, told Newsweek via email on Saturday evening that the ""coroner has not made positive ID on the body that was found yesterday. As soon as that happens, we can and will release more.""
> 
> The discovery brought an end to a search that mobilized friends, family, and the wider Denver community for nearly two months.
> 
> The outcome leaves pressing questions for authorities and loved ones regarding the circumstances that led to Gratton's death and the need for closure in such cases.
> 
> What To Know:
>
> A bystander found the body in an alley late Friday on the 9600 block of West Colfax Avenue in Lakewood, the press release from the police said. Law enforcement responded to the scene and described the remains as being in an advanced stage of decomposition. Investigators have not yet publicly released a positive identification or details regarding the cause or manner of death.
> 
> Friends and family said Gratton was last seen around 10 p.m. on April 15, leaving her residence in Denver.
> 
> According to friends, her roommate said she indicated she would be gone for about three hours that night and did not return, local news station Denver7 previously reported.

In early August 2025 the local authorities announced that the cause of Jax's death could not be determined.

Jax's Instagram profile is https://www.instagram.com/p/DISIZnExYss/.

https://coloradosun.com/2025/06/15/jax-gratton-transgender-opinion-nicolais/

https://people.com/denver-hairstylist-jax-gratton-cause-of-death-cant-be-determined-11764862

https://denvergazette.com/news/local/jax-gratton-death-autopsy-coroner/article_e82ebed9-a886-4e99-8ff5-aaa6d3877dc1.html

https://www.msn.com/en-us/news/crime/coroner-releases-findings-from-autopsy-on-woman-found-dead-in-lakewood/

https://www.denverpost.com/2025/08/11/jax-gratton-trans-hairstylist-death-autopsy/

https://people.com/denver-hairstylist-jax-gratton-cause-of-death-cant-be-determined-11764862

https://denvergazette.com/news/local/jax-gratton-death-autopsy-coroner/article_e82ebed9-a886-4e99-8ff5-aaa6d3877dc1.html

https://www.msn.com/en-us/news/crime/mother-seeks-answers-month-after-body-of-missing-trans-advocate-found-in-lakewood-alley/ar-AA1I9ebK

https://www.lavelez.com.ar/news/jax-gratton-peluquero-trans-denver-recordado-como-lleno-de-vida/80021/

https://www.denverpost.com/2025/06/10/jax-gratton-memorial-denver-hairdresser-lgbtq/

https://www.westword.com/news/denver-lgbtq-activist-honored-after-body-found-in-lakewood-24762859

https://www.thepinknews.com/2025/06/10/jax-gratton-trans-woman-found-dead-34/

https://www.cbsnews.com/colorado/news/friends-colleagues-remember-jax-gratton-denver-hairstylist-found-dead/

https://people.com/missing-denver-hairstylist-jax-gratton-found-dead-according-to-her-mother-11750321

https://www.iheart.com/content/2025-06-09-missing-transgender-woman-jax-gratton-found-dead-at-34/

https://people.com/missing-denver-hairstylist-jax-gratton-found-dead-according-to-her-mother-11750321

https://www.newsweek.com/missing-denver-hairstylist-found-dead-after-two-month-search-2082392

https://www.denver7.com/news/local-news/denver-hair-stylist-missing-since-april-found-dead

https://www.denvervoice.org/archive/2025/5/14/community-unites-to-find-jax-gratton-missing-since-april

https://people.com/hairstylist-left-apartment-vanished-over-month-later-mom-fears-worst-exclusive-11747638

https://www.youtube.com/watch?v=GfSQFlAoe70

https://www.youtube.com/watch?v=s419RPZYO2o

https://www.youtube.com/watch?v=zFKIZ8CrbLk","The body of Jax Gratton was found just under two months after shhe had gone missing on 15th April.

She was 34, and her death is consdered suspicious. #SayHerNamee #TransLivesMatter #TDoR",https://tdor.translivesmatter.info/reports/2025/06/06/jax-gratton_lakewood-colorado-usa_4afc86c1
Dorothy KhaØs Waste,31,,2025_06_07_Dorothy-Waste.jpg,https://f4.bcbits.com/img/a1181573032_10.jpg,7-Jun-2025,,,,,,France,47.10658934,2.362885596,suicide,suicide,"Dorothy died by suicide. She was an electronic, industrial, and witch house-influenced music artist originally from Budapest but had moved to France to escape persecution.

> Dorothy was a dear friend of mine. We met in person through politics and a shared love for dark and heavy music. For years, our paths crisscrossed but never truly met. I learned later that the reason I so seldomly saw her throughout those years was connected with her going through a very dark period and not being able to cope with living.
> 
> She moved back to Budapest, in her home country of Hungary at a time where being a trans woman was and is dangerous. Throughout the years there, our online tendencies and joint passion for similar music put us in touch together, this time less superficially, not just about an album we liked, but opening up to each other and checking in on each other. There, she managed to produce and release quite a lot of music, at first under the moniker Dorothy Waste and later as Meet Me After Sundown. She also managed to find a place to perform live in Budapest. I remember receiving the news of how excited she was with having found a place she felt at home to play live.
> 
> Around three years ago she met her partner, with whom she stayed until the end [they will remain unnamed]. I still remember the joy radiating from her texts shortly after their first date. Mostly, I remember years later, having moved in together, receiving a text saying the place she lived felt like home for the first time in her life. She had been addressing her mental health and addiction issues throughout the years and through music and love seemed to be finding her place.
> 
> Unfortunately, the world had other plans. Dorothy and her partner had to move away from Hungary for fear of persecution due to being trans. They found a home in France, although I never learned where. She kept releasing music until shortly after her death. She kept being kind and wonderful and checkin in with her friends until less than a month before she passed away. She is dearly missed.

Dorothy's music can be found at https://dorothywaste.bandcamp.com/, https://meetmeaftersundown.bandcamp.com/
and https://soundcloud.com/drthywst. The photo above was also the cover of the last EP she released, titled “[nosleeep vol.2: this world is full of hell and beauty](https://meetmeaftersundown.bandcamp.com/album/nosleeep-vol-2-this-world-is-full-of-hell-and-beauty)”.

Her Instagram profile and Facebook page are https://www.instagram.com/dorothywaste/ and https://www.facebook.com/meetmeaftersundown.","Dorothy Waste died by suicide in France on 7 Jun 2025.

She was 31, and an electronic, industrial, and witch house-influenced music artist originally from Budapest but who had moved to France to escape persecution. #SayHerName #TransLivesMatter #TDoR",https://tdor.translivesmatter.info/reports/2025/06/07/dorothy-khaos-waste_france_4640148f
Hope Lyca Youngblood,49,,2025_06_07_Hope-Lyca-Youngblood.jpg,https://www.pghlesbian.com/2025/06/trans-woman-hope-youngblood-49-killed-on-los-angeles-highway/,7-Jun-2025,tgeu/tdor2025/7-Jun-2025/Hope Lyca Youngblood,,Palms,Los Angeles,California,USA,34.0549076,-118.242643,uncategorised,run over,"Hope died after being struck by multiple vehicles on a freeway, but only one driver stopped. Before being hit she had reportedly been sitting on the central divider.

It is not known whether her death was accidental or intentional.

> Hope Lyca Youngblood was 49 years old when she was killed in vehicular incident in Los Angeles on June 7, 2025. Hope identified as a trans woman.
> 
> ""[They were] struck and killed Saturday by multiple vehicles near a freeway offramp to the Santa Monica (10) Freeway in the Palms community of Los Angeles, authorities said. The crash occurred about 6:10 a.m. on the eastbound freeway, at the La Cienega Boulevard offramp, according to the California Highway Patrol. The victim, who was wearing a black shirt and blue shorts, had been sitting on top of the center divider. They were struck by multiple vehicles"", the CHP said.
> 
> Sadly, reporting in Los Angeles misgendered Hope. Her family does not.
> 
> I’ve been mulling over Hope’s death – clearly violent, but was it an accident? I came across the California Highway Patrol’s log of that morning. It seems conflicting reports on whether Hope was trying to cross the highway or standing on the divider, or perhaps both? It does suggest one vehicle who struck her stopped to call first responders, remaining on the scene. So that driver didn’t commit a criminal act, but what about the others of the “multiple vehicles” - did they stop? Does it matter?
> 
> Yes, it matters. When you hit a human body with your car, you stop. You answer questions. You learn the name of the person so you can carry them forward with you when you are next behind the wheel.
> 
> And now maybe you find out how to get someone sitting on a divider safely across the road.


Hope was originally from Mayfield, Kentucky. Her brother paints a vivid picture of a person who was incredibly creative and proud of her trans identity:

> “She was an avid record collector, a talented visual artist and writer, an absolute shredder on guitar, a cigar connoisseur, and a proud trans woman. We ask that you respect Hope’s name and pronouns. Her trans identity was one of the few things that brought her joy and peace in the last few years. We will make another announcement when funeral arrangements have been arranged.”

Hope had been diagnosed with schizophrenia and manic depression at the age of 17, and sadly may have been having an episode when she died.

Hope's website is https://hopeyoungblood.org/. Her Instagram and LinkedIn profiles are https://www.instagram.com/hope_youngblood_heck/ and https://www.linkedin.com/in/hope-youngblood-14a354194/.

https://www.pghlesbian.com/2025/06/trans-woman-hope-youngblood-49-killed-on-los-angeles-highway/

https://www.hollywoodlanews.com/hope-youngblood-dead/

https://www.namus.gov/UnidentifiedPersons/Case#/146354/details

https://vimeo.com/310472124

https://www.instagram.com/reel/DKcVLknRprf/","Hope Lyca Youngblood died after being struck by multiple vehicles on a freeway in Los Angeles, California (USA) on 7 Jun 2025.

She was 49. #SayHerName #TransLivesMatter #TDoR",https://tdor.translivesmatter.info/reports/2025/06/07/hope-lyca-youngblood_los-angeles-california-usa_b86bccd8
Laura Schueler,47,,2025_06_07_Laura-Schueler.jpg,https://local12.com/news/local/friends-calling-police-investigate-cincinnati-trans-woman-murder-hate-crime-transgender-loved-ones-lgbtq-community-gay-neighborhood-killer-targeted-pleading-gunshots-overnight-answers,7-Jun-2025,tgeu/tdor2025/7-Jun-2025/Laura Schueler,1500 Jonathan Avenue,Evanston,Cincinnati,Ohio,USA,39.14339664,-84.47938076,violence,shot,"Laura was shot just down the street from her home.

> Laura Schueler, a Black trans woman, was 47 when she was killed in Cincinnati, Ohio on Saturday, June 7, 2025. TransVitae and Planet Trans first covered her story.
> 
> Local police responded to the deadly shooting on the 1500 block of Jonathan Avenue around 6:50 a.m. Saturday in the Evanston neighborhood. They found Laura at the scene with a gunshot wound.
> 
> It is a little unclear if Laura was still alive when police arrived, but she was declared dead by EMS.
> 
> While police have released few details in her murder, Schueler’s loved ones believe she was running away from her killer, stating that Schueler lived just yards from where her body was found, according to Local12.
> 
> Anyone with information regarding the death, police ask that you contact the CPD Homicide Unit at 513-352-3542.


Laura loved animals, was well known in the LGBTQ+ community and had attended a friend’s birthday party the night before she was killed. Her loss came as a huge shock to those who knew her.

> On Saturday night, Schuler’s family and friends lit candles in the same spot where her body was found, which was just down the street from her home. They told WLWT that she was into fashion, an animal lover, a generous soul and an outspoken voice in her community.
>
> The Cincinnati police have yet to release specific details about a possible suspect or what may have led up to Schueler's shooting. WCPO likewise reported the absence of such disclosures, emphasizing the unresolved nature of this investigation. 

https://shinemycrown.com/tragic-losses-three-black-trans-women-killed-in-a-span-of-just-weeks-amid-rising-violence/

https://eu.cincinnati.com/story/news/2025/06/13/the-beyonce-of-our-city-friends-mourn-laura-schueler-black-transgender-woman-who-was-killed/84184065007/

https://www.pghlesbian.com/2025/06/cincinnati-black-trans-woman-laura-schueler-shot-to-death/

https://www.citybeat.com/news/black-trans-woman-shot-and-killed-in-evanston-investigation-ongoing-19718384

https://local12.com/news/local/friends-calling-police-investigate-cincinnati-trans-woman-murder-hate-crime-transgender-loved-ones-lgbtq-community-gay-neighborhood-killer-targeted-pleading-gunshots-overnight-answers

https://hoodline.com/2025/06/cincinnati-mourns-transgender-woman-s-death-as-police-seek-clues-in-evanston-shooting-during-pride-month/

https://web.archive.org/web/20250609053433/https://www.wlwt.com/article/cpd-47-year-old-woman-killed-after-shooting-in-evanston/64999911","Laura Schueler was shot just down the street from her home in Cincinnati, Ohio (USA) on 7 Jun 2025.

She was 47, loved animals and was well known in her community. #SayHerName #TransLivesMattter #TDoR",https://tdor.translivesmatter.info/reports/2025/06/07/laura-schueler_cincinnati-ohio-usa_7070e841
Emma Slabach,24,15-Apr-2001,2025_06_09_Emma-Slabach.jpg,https://www.dignitymemorial.com/obituaries/fort-wayne-in/owen-slabach-12412351,9-Jun-2025,,,,Fort Wayne,Indiana,USA,41.08008827,-85.14246871,suicide,possible suicide,"Emma may have died by suicide.

> emma was the sweetest girl i’ve ever met, and that’s all i ever knew her as. her energy lit up every room she entered. you could tell her anything and she would listen to you without judgement. it’s a shame this world and the people in it treated her the way they did.

According to her obituary Emma had a talent for music and technology.

> [Emma] loved music and performing. [She] had an ear for music from a very young age. Picking up [her] PaBow’s guitar as a young toddler and strumming the strings for the first time and minutes later the tune of Happy Birthday could be heard being plucked slowly from the strings. [Emma] had a deep love for all things gaming and a natural talent for technology. When [she] wasn’t on stage delivering powerful performances, [she] could often be found behind a screen, mastering complex game mechanics, building custom PCs, or exploring the latest in cutting-edge tech.

https://www.dignitymemorial.com/obituaries/fort-wayne-in/owen-slabach-12412351","Emma Slabach passed away in Fort Wayne, Indiana (USA) on 9 Jun 2025.

She was 24. #SayHerName #TransLivesMatter #TDoR",https://tdor.translivesmatter.info/reports/2025/06/09/emma-slabach_fort-wayne-indiana-usa_4c2f63d5
Rakhi,,,,,9-Jun-2025,,,"Bhanpur Multi, Chola Mandir",Bhopal,Madhya Pradesh,India,23.28377332,77.42143469,suicide,suicide,"Rakhi died by suicide.

> A 24-year-old individual, identified as [deadname] alias Rakhi, a transgender person from Jhalawar, tragically died by suicide after [suicide method redacted] in their rented accommodation in the Bhanpur Multi area under Chola Mandir police station limits. The decomposed body was discovered by police on Wednesday after neighbors reported the closed gate of the rented room for two consecutive days.
> 
> The incident has brought to light a poignant dispute over the deceased's identity. While a large number of transgender individuals gathered at the mortuary, asserting that [deadname] had fully embraced a transgender identity and worked within their community, the family claims that the deceased had lived as a boy in their native village of Jhalawar.
> 
> According to police reports, [deadname], [daughter] of Ramgopal Mali, had moved to Bhopal approximately a year ago with the promise of employment in a beauty parlor. However, Sub-Inspector Mahesh Sarayam stated that [deadname] later became involved with a transgender group and began begging with them, residing with the community in Bhanpur Multi.
> 
> The last known contact with [deadname] was on June 7, when they spoke to their brother, Bajrang, over the phone. After this conversation, all contact ceased. Concerns grew when the rented room's gate remained shut for two consecutive days, prompting neighbors to alert the police. Upon arrival, officers were forced to break open the gate, where they discovered the decomposed body.
> 
> The family was promptly informed and arrived in Bhopal on Wednesday. The post-mortem examination was conducted in their presence, after which the body was handed over for final rites. No suicide note was recovered from the scene, leaving the precise reason behind the suicide unclear. Police have seized the deceased’s mobile phone as part of their ongoing investigation, hoping to uncover clues that might shed light on the circumstances leading to this tragic death. The case remains under active investigation as authorities work to determine the full context of the incident.

https://www.dailypioneer.com/2025/state-editions/transgender-commits-suicide-after-dispute-with-family--community.html","Rakhi died by suicide in Bhopal, Madhya Pradesh (India) on 9 Jun 2025. #SayHerName #TransLivesMatter #TDoR",https://tdor.translivesmatter.info/reports/2025/06/09/rakhi_bhopal-madhya-pradesh-india_a720e118
Carmen de Oliveira Alves,25,,2025_06_12_Carmen-de-Oliveira-Alves.jpg,https://www.metropoles.com/sao-paulo/policia-suspeitos-estudante-trans,12-Jun-2025,tgeu/tdor2025/12-Jun-2025/Carmen de Oliveira Alves,,,Ilha Solteira,São Paulo,Brazil,-20.4289672,-51.4178747,violence,murdered,"Carmen was murdered by her boyfrend, with the assistance of a police officer who was alleged to be his lover. Her body has not yet been found.

Two suspects were arrested.

> Police say Carmen de Oliveira Alves, 25, was murdered on June 12, Valentine's Day, in Ilha Solteira, São Paulo. Roberto Carlos de Oliveira, who was in a relationship with Marcus Yuri, acted as an accomplice, according to police. The pair were arrested on Thursday (10).
> 
> The police chief investigating the disappearance of 25-year-old transgender student Carmen de Oliveira Alves revealed that her boyfriend, the prime suspect in the crime, refused to acknowledge the relationship, which may have motivated the murder in Ilha Solteira, São Paulo. The investigation indicated that he committed the crime on June 12, Valentine's Day, when the victim disappeared.
> 
> Carmen's disappearance completes four weeks on Saturday (12). As reported by the report, the occurrence, which was initially treated as a disappearance of a person, is now being investigated as femicide. However, the police have not located Carmen's body.
> 
> On Thursday night (10), the police served temporary arrest warrants, for 30 days, against her boyfriend, Marcos Yuri Amorim, and the reserve environmental military police officer, Roberto Carlos de Oliveira, who worked in Ilha Solteira. Miguel Rocha told TV TEM that the investigation revealed that Carmen pressured Yuri to assume the relationship, in addition to discovering that he committed crimes, such as theft, which would also have motivated the murder.
> 
> ""On Valentine's Day, he ended up killing her. In our investigation, we discovered a folder deleted on the 12th, containing a dossier Carmen had compiled against Yuri,"" the police chief commented. The police also concluded that Roberto Carlos, in turn, acted as Yuri's accomplice, as he also had a relationship with him. According to the police chief, the emotional and financial ties between the suspects were revealed to be part of the dynamic.
> 
> The pair were interviewed and denied the crime, according to the police chief. Roberto's defense attorney, Miguel Micas, told G1 that he will prove his innocence. The report is still trying to contact Yuri's defense.
> 
> Furthermore, tracking of the student's cell phone showed that the last place she was was her boyfriend's house in a settlement. Security camera footage also shows that she left Unesp, entered her boyfriend's residence, but did not leave. According to the delegate, the investigation revealed that the suspects killed Carmen and hid the body.
> 
> According to the mother's report to the police, the day before her disappearance, on Wednesday (11), around 11 pm, the young woman left home with a black electric bicycle. Her bicycle was not found. Family members also claim that Carmen had never disappeared before.
> 
> After the incident, family and friends helped the police in the search and held several demonstrations demanding answers in the case.

https://regiaonoroeste.com/buscas-por-corpo-de-estudante-trans-desaparecida-em-ilha-solteira-sao-encerradas/

https://regiaonoroeste.com/marinha-e-unesp-reforcam-buscas-por-estudante-trans-desaparecida-em-ilha-solteira/

https://www.rp10.com.br/2025/07/marinha-reforca-buscas-por-corpo-de-estudante-trans-desaparecida-em-ilha-solteira/

https://povonarua.com.br/corpo-de-estudante-trans-desaparecida-e-procurado-pela-marinha/

https://alfinetei.com.br/marinha-atua-em-buscas-por-corpo-de-estudante-trans-desaparecida/

https://www.terra.com.br/noticias/misterio-marinha-auxilia-policia-em-busca-de-estudante-trans-desaparecida-em-sp,9097ceb6fbf1d0502e4248b5dfadb7c0igx6iuvy.html

https://contigo.com.br/noticias/noticias/misterio-marinha-auxilia-policia-em-busca-de-estudante-trans-desaparecida-em-sp.phtml

https://www.metropoles.com/sao-paulo/marinha-estudante-trans-desaparecida

https://g1.globo.com/sp/sao-jose-do-rio-preto-aracatuba/noticia/2025/07/19/equipe-da-marinha-faz-buscas-por-estudante-trans-assassinada-em-ilha-solteira.ghtml

https://regiaonoroeste.com/policia-encontra-ossos-queimados-em-propriedade-de-namorado-de-estudante-trans-desaparecida/

https://www.cnnbrasil.com.br/nacional/sudeste/sp/aluna-trans-desaparecida-em-sp-policia-encontra-ossos-em-sitio-de-suspeito/

https://g1.globo.com/sp/sao-jose-do-rio-preto-aracatuba/noticia/2025/07/18/policia-encontra-restos-de-ossos-queimados-em-propriedade-do-namorado-da-estudante-trans-morta-em-ilha-solteira.ghtml

https://midiamax.uol.com.br/policia/2025/policia-encontra-fragmentos-de-ossos-no-endereco-do-ex-namorado-da-estudante-desaparecida-em-sp/

https://noticias.uol.com.br/cotidiano/ultimas-noticias/2025/07/19/busca-por-corpo-de-aluna-trans-inclui-analise-de-ossos-e-apoio-da-marinha.htm

https://www1.folha.uol.com.br/cotidiano/2025/07/policia-encontra-ossos-em-terreno-de-suspeito-de-desaparecimento-de-aluna-da-unesp.shtml

https://midiamax.uol.com.br/policia/2025/morador-de-ms-irmao-de-estudante-desaparecida-em-sp-fala-sobre-a-dor-de-nao-viver-o-luto/?__goc_wbp__=125684002u5ffdjU3wxcgFJ4Pk8h8CzfR-V0

https://www.diariodigital.com.br/policia-procura-corpo-de-estudante-trans-morta-pelo-namorado-com-ajuda-de-policial-militar-17-07-2025

https://atanews.com.br/noticia/85768/policial-suspeito-de-envolvimento-assassinato-estudante-trans

https://www.votunews.com.br/assassinato-de-estudante-trans-da-unesp-veja-a-cronologia-do-desaparecimento-as-buscas-pelo-corpo-da-jovem/

https://www.tnh1.com.br/noticia/nid/policia-prende-mandante-de-homicidio-de-mulher-trans-que-teve-corpo-abandonado-por-tras-de-escola/

https://www.hojemais.com.br/tres-lagoas/noticia/policia/caso-carmen-de-oliveira-policia-trata-desaparecimento-de-estudante-trans-como-feminicidio

https://www.hojemais.com.br/andradina/noticia/policia/assassinato-de-estudante-trans-da-unesp-veja-a-cronologia-do-desaparecimento-as-buscas-pelo-corpo-da-jovem

https://www.faroldabahia.com.br/noticia/suspeito-de-matar-estudante-trans-mantinha-relacionamento-com-pm-que-era-o-sugar-daddy-da-relacao

https://surgiu.com.br/2025/07/16/suspeito-de-matar-estudante-trans-estava-inscrito-em-concurso-da-pm-e-mantinha-relacao-com-policial-investigado/

https://www.diariodigital.com.br/policia-procura-corpo-de-estudante-trans-morta-pelo-namorado-com-ajuda-de-policial-militar

https://contigo.com.br/noticias/noticias/namorado-de-aluna-trans-morta-era-bancado-por-pm-e-tentou-entrar-na-policia-militar.phtml

https://g1.globo.com/sp/sao-jose-do-rio-preto-aracatuba/noticia/2025/07/16/policial-suspeito-de-envolvimento-em-assassinato-de-estudante-trans-bancava-o-namorado-dela-oportunista-diz-delegado.ghtml

https://revistaforum.com.br/brasil/2025/7/16/pm-preso-era-sugar-daddy-de-suspeito-de-matar-namorada-trans-183471.html

https://www.midianews.com.br/cotidiano/pm-era-sugar-daddy-de-homem-preso-por-matar-aluna-trans-em-sp-diz-policia/498462

https://midiamax.uol.com.br/policia/2025/triangulo-amoroso-e-sugar-daddy-policia-investiga-morte-de-estudante-na-divisa-com-ms/

https://noticias.uol.com.br/cotidiano/ultimas-noticias/2025/07/16/pm-era-sugar-daddy-de-preso-por-matar-aluna-trans-da-unesp-diz-policia.htm

https://g1.globo.com/sp/sao-jose-do-rio-preto-aracatuba/noticia/2025/07/16/estudante-trans-da-unesp-veja-a-cronologia-do-desaparecimento-as-buscas-pelo-corpo.ghtml

https://www.estadaomatogrosso.com.br/brasil/homem-e-suspeito-de-matar-namorada-trans-apos-ser-pressionado-para-assumir-relacionamento/118571

https://www.terra.com.br/noticias/brasil/cidades/suspeito-de-assassinar-universitaria-trans-tinha-pm-como-sugar-daddy,a8100a2e91f3dd1f5071690e8bccf975owk9yf3j.html

https://www.folhamax.com/mundo/suspeito-de-matar-trans-estava-envolvido-com-policial-militar/501555

https://www.votunews.com.br/buscas-por-corpo-de-estudante-trans-desaparecida-ha-mais-de-um-mes-em-ilha-solteira-sao-feitas-com-ajuda-de-pescadores/

https://180graus.com/plantao-policial/estudante-trans-desaparecida-montou-dossie-contra-namorado-antes-de-ser-assassinada/

https://ndmais.com.br/seguranca/homem-que-matou-estudante-trans-tinha-caso-com-pm/

https://www.cliquef5.com.br/policia/estudante-trans-da-unesp-tinha-dossie-contra-o-namorado-suspeito-de-mata-la/395318

https://jovempan.com.br/noticias/brasil/suspeito-de-sumir-com-aluna-trans-da-unesp-vivia-triangulo-amoroso-com-pm-da-reserva.html

https://www.terra.com.br/noticias/brasil/cidades/aluna-trans-desaparecida-fez-dossie-contra-o-namorado-suspeito-de-mata-la-diz-policia,27a4a02de8a373c4a3bfd73828657db3ya3h1quw.html

https://g1.globo.com/sp/sao-jose-do-rio-preto-aracatuba/noticia/2025/07/15/buscas-por-corpo-de-estudante-trans-desaparecida-ha-mais-de-um-mes-em-ilha-solteira-sao-feitas-com-ajuda-de-pescadores.ghtml

https://noticias.uol.com.br/ultimas-noticias/agencia-estado/2025/07/15/suspeito-de-sumir-com-aluna-trans-da-unesp-faria-prova-para-oficial-da-pm.htm

https://www.metropoles.com/sao-paulo/suspeito-matar-trans-envolvido-pm

https://www.terra.com.br/noticias/brasil/cidades/suspeito-de-sumir-com-aluna-trans-da-unesp-vivia-triangulo-amoroso-com-pm-da-reserva,682e0d870c4148becf87350d3ef79070e48m4h95.html

https://www.correio24horas.com.br/brasil/suspeito-de-matar-universitaria-trans-vivia-triangulo-amoroso-com-policial-0725

https://www.brasil247.com/regionais/sudeste/estudante-trans-da-unesp-foi-morta-pelo-namorado-e-pm-amante-do-homem-diz-policia

ttps://g1.globo.com/sp/sao-jose-do-rio-preto-aracatuba/noticia/2025/07/15/estudante-trans-da-unesp-desaparecida-ha-mais-de-um-mes-tinha-dossie-contra-namorado-diz-policia.ghtml

https://sampi.net.br/bauru/noticias/amp/2915793/geral/2025/07/suspeito-de-matar-aluna-trans-vivia-triangulo-amoroso-com-pm

https://www.reporterdiario.com.br/noticia/3668881/desaparecimento-de-aluna-trans-da-unesp-e-apurado-como-feminicidio/

https://g1.globo.com/sp/sao-jose-do-rio-preto-aracatuba/noticia/2025/07/15/policia-investiga-desaparecimento-de-estudante-trans-ha-mais-de-um-mes-como-feminicidio-entenda-a-lei.ghtml

https://noticias.uol.com.br/cotidiano/ultimas-noticias/2025/07/15/suspeito-de-matar-aluna-trans-da-unesp-vivia-triangulo-amoroso-com-policial.htm

https://www.terra.com.br/noticias/brasil/cidades/o-que-se-sabe-sobre-caso-de-aluna-trans-da-unesp-que-esta-desaparecida,f34651158e7eda31abe8732ee9ac0e38de5qlf2l.html

https://tribunadosertao.com.br/noticias/2025/07/14/698444-o-que-se-sabe-sobre-caso-de-aluna-trans-da-unesp-que-esta-desaparecida

https://srzd.com/blog/brasil/sao-paulo-brasil/desaparecimento-de-aluna-trans-da-unesp-levanta-suspeita-de-feminicidio/

https://veja.abril.com.br/coluna/maquiavel/policia-investiga-desaparecimento-de-aluna-trans-da-unesp-como-feminicidio/

https://regiaonoroeste.com/bombeiros-buscam-corpo-de-estudante-trans-desaparecida-proximo-a-casa-do-namorado/

https://gpsbrasilia.com.br/desaparecimento-de-universitaria-trans-e-investigado-como-feminicidio/

https://g1.globo.com/sp/sao-jose-do-rio-preto-aracatuba/noticia/2025/07/14/mulher-trans-e-garconete-quem-e-a-estudante-desaparecida-ha-mais-de-1-mes-em-ilha-solteira.ghtml

https://www.terra.com.br/noticias/brasil/cidades/desaparecimento-de-aluna-trans-da-unesp-e-investigado-como-feminicidio-entenda,3a11f9297060b509ff7418f1655f84967d3wk0sq.html

https://www.acritica.net/editorias/policia/desaparecimento-estudante-trans-feminicidio-unesp-ilha-solteira/831647/

https://jovempan.com.br/noticias/brasil/desaparecimento-de-aluna-trans-da-unesp-e-investigado-como-feminicidio.html

https://www.radiojotafm.com.br/aparecida-do-taboado/caso-carmen-feminicidio-e-ocultacao-de-cadaver-sao-investigados-em/68892/

https://www.band.com.br/noticias/desaparecimento-de-aluna-trans-da-unesp-e-investigado-como-feminicidio-entenda-202507141139/amp

https://www.doistercos.com.br/estudante-trans-foi-morta-pelo-namorado-que-se-recusava-a-assumir/

https://www.g5news.com.br/policia/namorado-mata-jovem-trans-para-nao-assumir-namoro-pm-amante-do-assassino-e-comparsa/201628

https://dol.com.br/noticias/brasil/914723/namorado-matou-trans-na-unesp-para-nao-assumir-relacao-diz-policia?d=1

https://www.band.com.br/noticias/quem-e-a-estudante-da-unesp-desaparecida-ha-um-mes-policia-prende-suspeitos-de-feminicidio-202507120727/amp

https://www.estadao.com.br/sao-paulo/quem-e-a-estudante-da-unesp-que-esta-desaparecida-ha-um-mes-policia-prende-suspeitos-de-feminicidio-nprm/

https://www.band.com.br/noticias/estudante-trans-da-unesp-teria-sido-morta-por-namorado-que-se-recusava-a-assumir-relacao-202507120629

https://noticias.uol.com.br/cotidiano/ultimas-noticias/2025/07/12/namorado-matou-aluna-trans-da-unesp-para-nao-assumir-relacao-diz-policia.htm

https://regiaonoroeste.com/familiares-e-amigos-de-estudante-trans-desaparecida-fazem-novo-protesto-em-busca-de-respostas/

https://g1.globo.com/sp/sao-jose-do-rio-preto-aracatuba/noticia/2025/06/26/familia-e-amigos-seguem-a-procura-de-estudante-trans-desaparecida-ha-15-dias-em-ilha-solteira.ghtml

https://www.metropoles.com/sao-paulo/jovem-namorado-feminicidio-infancia

https://dol.com.br/noticias/brasil/914794/irmao-diz-que-namorado-de-aluna-trans-morta-era-aproveitador

https://contigo.com.br/noticias/famosos/familia-da-jovem-trans-morta-pelo-namorado-se-pronuncia-precisamos-do-corpo.phtml

https://diariodonordeste.verdesmares.com.br/ultima-hora/pais/quem-e-carmen-aluna-da-unesp-que-esta-desaparecida-ha-um-mes-em-sp-1.3669688

ttps://d24am.com/policia/video-travesti-e-esfaqueada-em-praca-publica-de-parintins-no-am/

https://www.nsctotal.com.br/noticias/quem-e-aluna-trans-morta-em-ilha-solteira-em-sp

https://www.estadao.com.br/sao-paulo/aluna-da-unesp-desaparecida-fez-dossie-contra-namorado-documento-foi-deletado-no-dia-do-crime-nprm/

https://www.folhamax.com/mundo/policia-prende-namorado-de-trans-e-pm-que-teriam-caso-amoroso/501131

https://www.cnnbrasil.com.br/clima/caso-carmen-de-oliveira-estudante-trans-foi-morta-pelo-namorado-para-nao-assumir-relacao-diz-delegado/

https://tanabinoticias.com.br/noticia/2089/ltriangulo-amorosor-estudante-trans-desaparecida-foi-morta-por-namorado-com-ajuda-do-amante

https://www.folhape.com.br/noticias/aluna-trans-da-unesp-desaparecida-fez-dossie-contra-namorado/424361/

https://diariodoestadogo.com.br/pai-de-estudante-trans-desaparecida-desabafa-apos-prisao-do-namorado-tinha-outra-visao-dele-caso-de-feminicidio-em-ilha-solteira-sp/

https://ric.com.br/seguranca/assassinatos/jovem-e-preso-suspeito-de-matar-mulher-trans-para-nao-assumir-namoro/

https://www.nsctotal.com.br/noticias/quem-e-estudante-trans-morta-pelo-namorado-que-se-recusava-a-assumir-relacao-segundo-policia

https://npexpresso.com.br/geral/namorado-mata-jovem-trans-para-esconder-relacao-diz-policia

https://emtempo.com.br/414476/policia/estudante-trans-desaparecida-teria-sido-morta-por-namorado/

https://www.7segundos.com.br/maceio/noticias/2025/07/12/279735-namorado-teria-matado-estudante-trans-para-nao-assumir-relacao

https://www.romanews.com.br/brasil/namorado-teria-matado-mulher-trans-para-nao-assumir-relacionamento-diz-policia-0725

https://midiamax.uol.com.br/brasil/2025/homem-matou-namorada-trans-para-nao-assumir-relacao-diz-policia/

https://ndmais.com.br/seguranca/namoro-secreto-e-chantagem-o-que-a-policia-suspeita-sobre-desaparecimento-de-estudante-trans/

https://www.hojemais.com.br/andradina/noticia/policia/policia-prende-namorado-de-aluna-da-unesp-por-suspeita-de-feminicidio

https://www.rp10.com.br/2025/07/marinha-entra-nas-buscas-por-corpo-de-universitaria-trans-desaparecida/

https://jornalpequeno.com.br/2025/07/12/namorado-e-preso-suspeito-de-matar-estudante-trans-com-ajuda-de-amante-policial/

https://vitorianews.com.br/aluna-da-unesp-desaparecida-tentou-forcar-namorado-a-assumir-relacionamento-afirma-policia/

https://www.radiocacula.com.br/caso-carmen-marinha-entra-nas-buscas-pelo-corpo-da-universitaria-trans-desaparecida-ha-um-mes-em-sp/

https://fatoamazonico.com.br/namorado-teria-matado-estudante-trans-para-nao-assumir-relacao/

https://surgiu.com.br/2025/07/12/estudante-trans-e-assassinada-por-namorado-que-nao-queria-tornar-relacionamento-publico-familia-cobra-justica/

https://www.faroldabahia.com.br/noticia/estudante-trans-foi-morta-em-sp-pelo-namorado-que-se-recusava-a-assumir-relacao-pm-da-reserva-era-amante-do-suspeito-e-atuou-no-crime

https://www.gp1.com.br/sp/sao-paulo/noticia/2025/7/12/estudante-desaparecida-em-sao-paulo-pode-ter-sido-morta-por-namorado-diz-policia-598887.html

https://www.metropoles.com/sao-paulo/feminicidio-trans-desaparecida

https://www.gazetaweb.com/noticias/brasil/namorado-mata-jovem-trans-para-esconder-relacao-diz-policia-826110

https://www.brasil247.com/regionais/sudeste/namorado-e-preso-por-feminicidio-de-aluna-trans-da-unesp-apos-se-recusar-a-assumir-relacionamento

https://povonarua.com.br/namorado-matou-aluna-trans-da-unesp-para-esconder-relacao-diz-policia/

https://tnonline.uol.com.br/noticias/cotidiano/namorado-mata-jovem-trans-para-esconder-relacionamento-1004534

https://www.metropoles.com/sao-paulo/namorado-matou-trans-relacao

https://www.meionews.com/policia/namorado-mata-jovem-trans-para-esconder-relacao-suspeito-tinha-caso-com-policial-536038

https://www.gazetainterior.com.br/view/61464/Namorado-e-suspeito-de-matar-estudante-trans-em-Ilha-Solteira-SP-por-nao-assumir-o-namoro

https://g1.globo.com/sp/sao-jose-do-rio-preto-aracatuba/noticia/2025/07/12/pai-de-estudante-trans-desaparecida-desabafa-apos-prisao-do-namorado-dela-suspeito-de-envolvimento-em-assassinato-tinha-outra-visao-dele.ghtml

https://iclnoticias.com.br/namorado-matou-aluna-trans-da-unesp/

https://www.votunews.com.br/estudante-trans-foi-morta-pelo-namorado-que-se-recusava-a-assumir-relacao-e-amante-dele-atuou-no-crime-triangulo-amoroso-diz-delegado/

https://jovempan.com.br/noticias/brasil/policia-prende-dois-suspeitos-de-matar-estudante-em-ilha-solteira-interior-de-sp.html

https://www.gazetanews.com/noticias/brasil/2025/07/501331-policia-prende-2-suspeitos-de-matar-estudante-em-ilha-solteira-em-sp.html

https://agenciabrasil.ebc.com.br/geral/noticia/2025-07/policia-prende-2-suspeitos-de-matar-estudante-em-ilha-solteira-em-sp

https://iclnoticias.com.br/policia-suspeita-que-aluna-trans/

https://vitorianews.com.br/policia-suspeita-que-aluna-trans-da-unesp-desaparecida-esteja-morta-mas-nao-encontra-corpo/

https://g1.globo.com/sp/sao-jose-do-rio-preto-aracatuba/noticia/2025/07/11/estudante-trans-foi-morta-pelo-namorado-que-se-recusava-a-assumir-relacao-e-amante-dele-atuou-no-crime-triangulo-amoroso-diz-delegado.ghtml

https://www.rp10.com.br/2025/07/estudante-trans-desaparecida-policia-prende-dois-suspeitos-e-investiga-feminicidio/

https://oextra.net/52539/policia-prende-suspeitos-de-feminicidio-contra-universitaria-da-unesp

https://018news.com.br/materia/policia-de-ilha-solteira-prende-suspeitos-pelo-sumico-da-trans-carmem

https://regiaonoroeste.com/policia-prende-suspeitos-no-caso-do-desaparecimento-de-estudante-trans/

https://www.metropoles.com/sao-paulo/policia-suspeitos-estudante-trans

https://thmais.com.br/cidades/aracatuba/policia-prende-dois-suspeitos-de-desaparecimento-de-universitaria-trans-em-ilha-solteira/

https://www.votunews.com.br/policia-prende-suspeitos-de-envolvimento-no-desaparecimento-de-estudante-trans-em-ilha-solteira/

https://g1.globo.com/sp/sao-jose-do-rio-preto-aracatuba/noticia/2025/07/11/policia-prende-suspeitos-de-envolvimento-no-desaparecimento-de-estudante-trans-em-ilha-solteira.ghtml

https://www.instagram.com/p/DMBZimVypat/

https://www.youtube.com/watch?v=8Ss2QM2ES1M

https://www.youtube.com/watch?v=w8_LwqpQb6s

https://www.youtube.com/watch?v=UPHUOz9gxM0

https://www.youtube.com/watch?v=bVIH9YIvOBA","Carmen de Oliveira Alves was murdered by her boyfrend in Ilha Solteira, São Paulo (Brazil) on 12 Jun 2025.

She was 21. #SayHerName #TransLivesMatter #TDoR",https://tdor.translivesmatter.info/reports/2025/06/12/carmen-de-oliveira-alves_ilha-solteira-sao-paulo-brazil_7f131b33
Jimena,30,,,,13-Jun-2025,tgeu/tdor2025/13-Jun-2025/Jimena,Avenidas  Francisco I. Madero y Joaquín Amaro,Lázaro Cárdenas,Apatzingán,Michoacán,Mexico,19.09507737,-102.3500128,violence,shot,"Jimena was shot by unidentified gunmen who invaded the gym where she was exercising. She died in hospital.

> Jimena C., a woman belonging to the trans community, was murdered this Friday night at the Spartan Gym in the municipality of Apatzingán, after receiving at least ten gunshot wounds from armed individuals who entered the establishment.
> 
> The crime against the victim from the LGBTTTIQ+ community was confirmed by the Apatzingán Human Security Observatory (OSHRA), which reported that the attack took place at the building located at the intersection of avenidas Francisco I. Madero and Joaquín Amaro in the Lázaro Cárdenas neighborhood.
> 
> According to reports, the alleged criminals entered the gym where they shot Jimena, who was 30 years old, leaving her lying on the floor and then fled without any information about their whereabouts.
> 
> After the incident, the victim was taken by paramedics to the Apatzingán General Hospital where she sadly died a few minutes later due to the bullet wounds she received.
> 
> The motive behind the murder is currently unknown; whether it was due to hate speech perpetrated because of her gender identity or other unrelated circumstances will be determined during the investigation.
> 
> Jimena's death comes during LGBTTTIQ+ Pride Month, where traditional marches led by diversity groups are held in various municipalities. In Apatzingán, this will be on June 28.

https://1plana.com/de-diez-balazos-matan-a-mujer-trans-en-gimnasio-de-apatzingan/

https://mexico.quadratin.com.mx/asesinato-de-trans-en-apatzingan/

https://paginacentral.com.mx/jimena-es-asesinada-a-balazos-en-gym/

https://www.debate.com.mx/policiacas/Jimena-mujer-trans-fue-asesinada-a-balazos-dentro-de-un-gym-investigan-crimen-de-odio-20250614-0131.html

https://oem.com.mx/elsoldemorelia/policiaca/asesinan-a-mujer-trans-dentro-de-un-gimnasio-en-apatzingan-24239221

https://mimorelia.com/noticias/nota-roja/de-diez-balazos-privan-de-la-vida-a-mujer-trans-gimnasio-de-apatzing%C3%A1n

https://primeraplana.mx/archivos/1069908

https://www.quadratin.com.mx/justicia/asesinan-a-mujer-trans-en-un-gimnasio-de-apatzingan/

https://cbtelevision.com.mx/asesinan-a-mujer-trans-en-un-gimnasio-de-apatzingan/

https://diarioabcdemichoacan.com.mx/lasnoticias/atacan-a-balazos-a-una-mujer-trans-en-apatzingan/","Jimena died after being shot by unidentified gunmen who invaded the gym where she was exercising in Apatzingán, Michoacán (Mexico) on 13 Jun 2025.

She was 30. #SayHerName #TransLivesMattter #TDoR",https://tdor.translivesmatter.info/reports/2025/06/13/jimena_apatzingan-michoacan-mexico_d696e3bc
Sogand Pakdel,27,,2025_06_13_Sogand-Pakdel.jpg,https://hengaw.net/en/reports-and-statistics-1/2025/07/article-7,13-Jun-2025,tgeu/tdor2025/13-Jun-2025/Sogand Pakdel,,,Kavar,Fars,Iran,29.20874718,52.68917135,violence,shot,"Sogand was shot dead by her uncle as she arrived at her cousin's wedding.

*Editor's Note: the exact date of her murder is not known, but it reportedly took place ""several days"" before the start of the 12-day war on 13th June.*

> Sogand Pakdel, a 27-year-old trans woman, was brutally shot and killed by her uncle last month in Kavar, Fars Province. The killing, which had gone unreported until now, was confirmed by the Hengaw Organization for Human Rights. 
> 
> Sources close to Hengaw confirmed that Pakdel, a supporter of the Women, Life, Freedom (Jin, Jiyan, Azadi) movement, was murdered during her cousin’s wedding ceremony, just days before the start of the 12-day war between Iran and Israel. Her uncle shot her at the event after repeated attempts by the family to prevent her attendance on so-called “honor” grounds. 
> 
> Pakdel had long faced violence and rejection from her family, who viewed her gender identity and expression as a disgrace. “Sogand always stood up for her rights as a trans woman and for the rights of others. She had a resilient spirit,” one source told Hengaw. 
> 
> Prior to the murder, Pakdel had taken refuge in a hostel in Shiraz along with other trans individuals from various cities. She was fleeing domestic violence and living in precarious conditions due to the absence of support systems and societal protections. Another source said: “Male relatives would repeatedly take her out to the desert and beat her. The last time this happened, she recorded a video and shared it, saying: ‘Let us live.’” 
> 
> On the day of the wedding, despite the family's threats, Pakdel attended in her feminine gender expression. As the couple arrived, her uncle fired two bullets — one into the air and the second directly at her head—killing her instantly. 
> 
> Pakdel belonged to the Galleh-Zan clan of the Qashqai Turk ethnic group, and her killing was motivated by so-called “honor.” 

https://www.en-hrana.org/trans-woman-sogand-pakdel-killed-by-uncle-in-honor-related-shooting/

https://www.iranintl.com/en/202507250459

https://hengaw.net/en/reports-and-statistics-1/2025/07/article-7

https://www.facebook.com/IranIntlEnglish/photos/a-25-year-old-transgender-woman-sogand-pakdel-was-shot-in-the-head-by-her-own-un/1243457934457964/

https://www.instagram.com/p/DMhgf_voAVr/

https://x.com/Hengaw_English/status/1948114101403578631

https://x.com/HRANA_English/status/1948680710195118442","Sogand Pakdel was shot dead by her uncle when she arrived at her cousin's wedding in Kavar, Fars (Iran) a few days before 13 Jun 2025.

She was 27 and had faced long term violence and rejection from her birth family. #SayHerName #TransLivesMatter #TDoR",https://tdor.translivesmatter.info/reports/2025/06/13/sogand-pakdel_kavar-fars-iran_853de4fc
Zaibi Malik,,,2025_06_13_Zaibi-Malik.jpg,https://www.youtube.com/watch?v=09NpRajnZns,13-Jun-2025,tgeu/tdor2025/13-Jun-2025/Zaibi Malik,College Road,Sir Syed Colony,Abbottabad,Khyber Pakhtunkhwa,Pakistan,34.19716202,73.23300255,violence,shot,"Zaibi died after being shot by a man she knew. Her companion Benish was critically injured in the same attack.

The assailant was arrested following a protest by community members.

> A transgender woman named Zaibi was shot dead and her companion Benish critically injured during a wedding function in Abbottabad, marking the seventh murder of a transgender individual in Khyber Pakhtunkhwa so far this year. 
> 
> The tragic incident underscores the alarming rise in violence against the transgender community, with over 2,800 cases of murder, assault, abduction, extortion, and other crimes reported since 2015.
> 
> The shooting took place on College Road in Sir Syed Colony, where a man identified as Malik Tauqeer opened fire on the transgender performers. Zaibi, originally from Sargodha, died on the spot, while Benish, hailing from Lahore, sustained serious injuries.
> 
> District Police Officer Umar Tufail took immediate notice of the incident, and the suspect was swiftly arrested by Mirpur police. 
> 
> According to initial investigations, police revealed that the accused had a personal relationship with the victim, and an argument over mobile phone images led to the fatal confrontation.
> 
> An FIR was registered based on Benish’s complaint. However, members of the transgender community protested, demanding that the case be filed on behalf of the deceased’s family instead. 
> 
> They staged a sit-in outside Mirpur Police Station and later blocked the Silk Route, disrupting traffic and causing significant inconvenience to commuters.
> 
> The protest ended only after police assured them of proper action and confirmed the suspect’s arrest.
> 
> Activists working for transgender rights said that since 2015, at least 154 transgender individuals have been killed in Khyber Pakhtunkhwa, with over 2,800 total crimes committed against them. 
> 
> This year alone, seven transgender people have been murdered across Mardan, Peshawar, and now Abbottabad, highlighting the continued vulnerability of the community.

https://tnnenglish.com/zaibi-becomes-7th-transgender-murder-victim-this-year-in-kp-as-crimes-against-community-cross-2800-in-a-decade

https://tribune.com.pk/story/2550718/trans-person-shot-dead-at-wedding-party

https://www.urdupoint.com/en/pakistan/transgender-person-shot-dead-in-abbottabad-we-1996190.html

https://voicepk.net/2025/06/nightmare-without-end-another-transgender-killed-in-khyber-pakhtunkhwa/

https://www.app.com.pk/domestic/transgender-person-shot-dead-in-abbottabad-wedding-suspect-arrested-within-hours/

https://www.youtube.com/watch?v=09NpRajnZns","Zaibi Malik died after being shot in Abbottabad, Khyber Pakhtunkhwa (Pakistan) on 13 Jun 2025. #SayHerName #TransLivesMattter #TDoR",https://tdor.translivesmatter.info/reports/2025/06/13/zaibi-malik_abbottabad-khyber-pakhtunkhwa-pakistan_a7a74edc
Enileidis Quintero Brito,38,,2025_06_17_Enileidis-Quintero-Brito.jpg,https://www.alertacaribe.com/noticias/mujer-trans-fue-asesinada-en-establecimiento-publico-en-riohacha-cuando-compartia-con,17-Jun-2025,tgeu/tdor2025/16-Jun-2025/Enileidis Quintero Brito,,"31 de Octubre, Commune 10",Riohacha,La Guajira,Colombia,11.5489466,-72.9209256,violence,shot,"Enileidis was shot by two assailants on a motorcycle while out with friends. She died at the scene.

The attack was recorded by security cameras but no arrests have yet been made.

> A new bloodbath occurred in the city of Riohacha (La Guajira), where a trans woman was killed while visiting a public establishment with friends in the district's Commune 10.
> 
> The victim was identified as 38-year-old Emileidis López Bolívar, who apparently belonged to the LGBTI community. She was left lying on the floor of the establishment called ""Los recuerdos de ella"" (Her Memories) after being shot five times in the head and chest.
> 
> A police source learned that the gunmen arrived on a black and red motorcycle, and the passenger got off the vehicle, approached the victim, and fired shots. The incident caused fear among those present who were sharing the scene.

https://www.alertacaribe.com/noticias/mujer-trans-fue-asesinada-en-establecimiento-publico-en-riohacha-cuando-compartia-con

https://hoydiariodelmagdalena.com.co/archivos/1136261/mataron-a-bala-a-mujer-de-la-comunidad-lgtbi/

https://web.archive.org/web/20250617015430/https://laguajirahoy.com/judiciales/mujer-trans-fue-asesinada-a-tiros-en-una-tienda-del-barrio-31-de-octubre.html","Enileidis Quintero Brito was shot by two assailants on a motorcycle while out with friends in Riohacha, La Guajira (Colombia).

She was 38. #SayHerName #TransLivesMatter #TDoR",https://tdor.translivesmatter.info/reports/2025/06/17/enileidis-quintero-brito_riohacha-la-guajira-colombia_a0ef078e
Chabela Rodríguez,about 38,,,,18-Jun-2025,tgeu/tdor2025/18-Jun-2025/Chabela Rodríguez,"Los Ramoncitos bar, calle Francisco Villa",División del Norte,Guadalupe,Nuevo León,Mexico,25.67402555,-100.1898434,violence,shot,"Chabela was killed by hitmen while working in a bar.

> MONTERREY.-  A transgender person, who worked as a waiter at a bar in Guadalupe, was executed with five gunshots after being surprised by armed men posing as customers.
> 
> The attack caused panic among the club's waiters and customers, who fled through various entrances, fearing that it was a massacre. However, everything seems to indicate that the attack was directed against the victim, who has not yet been identified.
> 
> The events were reported in the early hours of Wednesday, inside the ""Los Ramoncitos"" bar located on calle Francisco Villa, in the División del Norte neighborhood .
> 
> To date, the deceased has not been officially identified, being a person of approximately 38 years of age. However, the executed person was unofficially identified as ""Chabela,"" who had been working as a waiter for several years.
> 
> Upon arrival of the first Municipal Police units, the presence of an injured person was confirmed, so assistance from emergency services was requested. Paramedics arrived at the scene and, after examining the man, confirmed that he no longer had vital signs and had been shot at least three times.
> 
> The area was cordoned off, and officers from the State Investigation Agency and experts from the Institute of Criminalistics and Forensic Services arrived at the scene and began their investigation and gathering evidence. The body was transferred by the Forensic Medical Service for a legal autopsy, while the investigation continues to clarify the facts and find those responsible.

https://elporvenir.mx/amp/justicia/asesinan-a-transexual-en-un-bar-de-guadalupe/871561","Chabela Rodríguez was killed by hitmen while working in a bar in Guadalupe, Nuevo León (Mexico) on 18 Jun 2025. #SayTheirName #TransLivesMatter #TDoR",https://tdor.translivesmatter.info/reports/2025/06/18/chabela-rodriguez_guadalupe-monterray-mexico_cd94ce85
Carla,,,,,19-Jun-2025,tgeu/tdor2025/19-Jun-2025/Carla,Avenida Luis Hernández Barrera y calle Abolición de la Esclavitud,Miguel Hidalgo,Zamora,Michoacán,Mexico,19.99164342,-102.3038293,violence,shot,"Carla's body was found dumped in the street with a messagee from a criminal gang.

> The person murdered early this morning in the Miguel Hidalgo neighborhood of Zamora has been identified by the State Attorney General's Office (FGE) . She is a trans woman.
> 
> According to information revealed by sources close to the case, on Thursday afternoon, the body of CAS, G., 19 years old, also known as ""Carla"" , a resident of the Juan Gutiérrez Flores neighborhood, was claimed at the facilities of the Forensic Medical Service (Semefo).
> 
> It's worth remembering that the crime took place on Avenida Luis Hernández Barrera at the corner of calle Abolición de la Esclavitud, where the killers abandoned the body along with a narco message written on a piece of cardboard.
> 
> Ministerial Police continue the corresponding investigations to clarify the crime and capture those responsible.
> 
> Just six days ago, another murder was recorded: a trans woman, [Jimena C](https://tdor.translivesmatter.info/reports/2025/06/13/jimena_apatzingan-michoacan-mexico_d696e3bc), who was killed with 10 gunshots at the Spartan Gym in Apatzingán. Both murders occured during LGBTQ+ Pride month.

https://oem.com.mx/elsoldezamora/local/colectivo-diverso-zamora-exige-justicia-por-carla-mujer-trans-asesinada-en-colonia-miguel-hidalgo-24360009

https://ignaciomartinez.com.mx/noticias/mujer_trans_la_persona_asesinada_en_la_miguel_hida_267942

https://changoonga.com/2025/06/19/michoacan-acaban-con-la-vida-de-otra-chica-trans-ahora-en-zamora-suman-2-en-6-dias/

https://www.lavozdemichoacan.com.mx/seguridad/homicidio/era-mujer-trans-la-persona-asesinada-en-la-colonia-miguel-hidalgo-de-zamora/

https://informativozamora.com/mujer-trans-la-persona-asesinada-en-la-colonia-miguel-hidalgo/","Carla's body was found dumped in the street with a message from a criminal gang in Zamora, Michoacán (Mexico) on 19 Jun 2025. #SayHerName #TransLivesMatter #TDoR",https://tdor.translivesmatter.info/reports/2025/06/19/carla_zamora-michoacan-mexico_fcd9e2a3
JJ Godbey,26,,2025_06_19_JJ-Godbey.jpg,https://www.pghlesbian.com/2025/07/status-of-missing-canton-drag-artist-jj-godbey-now-a-homicide-investigation-with-suspect-in-custody/,19-Jun-2025,tgeu/tdor2025/19-Jun-2025/JJ Godbey,,,Canton,Ohio,USA,40.8252971,-81.5218252,violence,murdered,"JJ was reported missing on 19th June. Several weeks later police charged their boyfriend with homicide.

*Editor's Note: As there are conficting reports of how JJ identified, gender neutral pronouns are used in this report.*

> Last week, we reported on the disappearance of a 26 year old trans drag artist from Canton, Ohio. Sadly, police have now determined this is a homicide investigation.
> 
> Canton police announced late Thursday that the disappearance of JJ Godbey is now a homicide investigation. They’ve charged Daniel Mattay, Ryan’s former boyfriend, with four felonies: murder, felonious assault, strangulation and domestic violence.“New evidence has led our agency to transition the case from a missing person to a homicide investigation,” Canton Police Chief John Gabbard wrote in a news release. “While [JJ] Godbey has not yet been located, the new evidence makes it clear that [they are] deceased and that Mr. Mattay is responsible.”
> 
> I cannot begin to imagine how JJ’s family and friends are coping with these developments, waiting for someone to find them. That’s an ‘in between’ space of such heartbreak.
> 
> Note: There are conflicting reports on how JJ identified. I will default to gender nonconforming (GNC) as a broad category and use they/them pronouns as well as the name JJ Godbey. The tragedy is that this young beautiful soul was robbed of life by someone they trusted, maybe loved. We should honor their identity, of course, but until that becomes more clear – and I don’t know how that could happen – I’m choosing to honor them in this way.
> 
> JJ was born and raised in the Canton, Ohio area. They graduated from Massillon Washington High School in 2017. Their social media lists Mariah Carey and Lady Gaga as favorites along with Pink and Ciara. JJ was also a fan of the Pittsburgh Steelers. Their page lists a wide range of movies they enjoyed.
> 
> JJ was very popular in the regional LGBTQ community – supporting causes and local businesses as well as standing with the victims of the Pulse nightclub shooting and supporting transgender rights. JJ was considered an excellent makeup artist, was named to homecoming court in high school and may have been in the band.
> 
> A few weeks before their disappearance, they shared a desire to take sewing lessons to make costumes. Prior to that, they expressed interest in learning how to tend bar.
> 
> JJ gave their first drag performance in September 2024. On their TikTok, they shared a video saying their interest in drag started very early.
>
> Rest in power, Jj. Your beautiful and generous spirit changed your community. I am sorry violence stole your life as you just got started.  I hope the overwhelming number of people who came looking for you is a source of comfort. They will always come looking. That’s our promise to you.
> 
> May your memory be a revolution.

In October 2025 authorities confirmed that partial remains found in July belonged to JJ.

https://www.pghlesbian.com/2025/07/status-of-missing-canton-drag-artist-jj-godbey-now-a-homicide-investigation-with-suspect-in-custody/

https://www.yahoo.com/news/ryan-godbey-supporters-rally-canton-165137283.html

https://eu.cantonrep.com/story/news/crime/2025/07/04/ryan-godbey-disappearance-now-homicide-investigation/84469510007/

https://www.news5cleveland.com/news/missing-persons/flyers-posted-around-canton-as-concern-grows-over-missing-man-ryan-godbey

https://www.pghlesbian.com/2025/07/26-year-old-drag-artist-missing-from-canton-ohio/

https://web.archive.org/web/2/https://www.the-sun.com/news/14627376/ryan-godbey-missing-jj-canton-daniel-mattay/

https://www.facebook.com/ProphetReubenMitchell/posts/pfbid0jPeKkMtprGABsn7yhAm2VJQs6vVSgLBFLWisy4NgGoF3MfnN1Z24jLzs19xFSykAl","JJ was reported missing from Canton, Ohio (USA) on 19 Jun 2025. Several weeks later police charged their boyfriend with homicide.

We don't know how JJ identified, but they were 26. #SayTheirName #TransLivesMatter #TDoR",https://tdor.translivesmatter.info/reports/2025/06/19/jj-godbey_canton-ohio-usa_2a71b832
Name Unknown,,,,,19-Jun-2025,tgeu/tdor2025/19-Jun-2025/Name Unknown,calle 15 de Agosto,Lomas de Tzompantle,Cuernavaca,Morelos,Mexico,18.96190646,-99.27487224,violence,shot,"The victim's body was found in the street. Her identity is not known.

> On Thursday morning, a transgender woman was found dead in the Lomas de Tzompantle neighborhood of Cuernavaca.
> 
> Based on information from sources consulted by La Unión de Morelos, a call to the 911 emergency number reported the discovery of a person lying on calle 15 de Agosto in the aforementioned neighborhood.
> 
> A few minutes later paramedics and police officers arrived at the scene and reported that the woman had suffered gunshot wounds.
> 
> After the victim's death was confirmed, police secured the area, personnel from the Metropolitan Regional Prosecutor's Office. Once the investigation was completed, forensic assistants transported the body to the morgue, where it remained unidentified at the time of publication.

https://www.launion.com.mx/morelos/justicia/noticias/274129-una-mujer-trans-fue-asesinada-a-tiros.html

https://oem.com.mx/elsoldecuernavaca/seguridad/hallan-cuerpo-sin-vida-en-lomas-tzompantle-de-cuernavaca-24336462","The body of an unidentified #trans woman was found in the street in Cuernavaca, Morelos (Mexico) on19 Jun 2025. #SayHerName #TransLivesMatter #TDoR",https://tdor.translivesmatter.info/reports/2025/06/19/name-unknown_cuernavaca-morelos-mexico_0fc8e51b
Christina Hayes,28,,2025_06_21_Christina-Hayes.jpg,https://www.facebook.com/photo/?fbid=10163969089007915&set=gm.4160186230976335&idorvanity=1570448163283501,21-Jun-2025,tgeu/tdor2025/21-Jun-2025/Christina Hayes,17600 Woodward Ave,,Detroit,Michigan,USA,42.4206745,-83.1093774,violence,strangled,"Christina was killed and then robbed by a client after he learned that she was trans.

> Christina Hayes, 28, from Taylor, was found dead behind a laundromat in the 17600 block of Woodward Avenue on June 21, 2025, at around 3 p.m. with injuries to her face and neck.
> 
> Malique Javon Fails, 18, was charged in connection with her murder.
> 
> Fails is accused of assaulting Hayes and robbing her of money and her phone before leaving the scene at around 4:30 a.m. on June 21.
> 
> According to prosecutors, Fails gave Hayes some money in exchange for sexual acts. During the transaction, prosecutors said Fails learned Hayes was transgender, which led to him allegedly strangling her to death.
> 
> Fails then reportedly took the money, her shoes and her phone before leaving the alley. He was later seen on security footage trying to sell Hayes’ phone at a kiosk, prosecutors said.
> 
> Fails was arrested on Aug. 15 and was charged with felony murder, larceny from a person and a hate crime.
> 
> “This case represents a continuing pattern of vicious attacks and murders on trans women of color. Every single citizen of Wayne County has the right to lead their lives and be safe. We will bring the alleged murderer of Christina Hayes to justice,” said Wayne County Prosecutor Kym Worthy.
> 
> Fails was arraigned in court on Aug. 18. The judge said he was a “significant danger to the community” and was remanded. He is expected to return to court on Aug. 26, 2025.

https://www.fox2detroit.com/news/detroit-man-charged-allegedly-choking-transgender-woman-death

https://www.yahoo.com/news/articles/trans-womans-body-found-behind-204448799.html

https://www.cbsnews.com/detroit/news/highland-park-man-accused-murdering-transgender-woman-detroit/

https://www.metrotimes.com/news/highland-park-teen-charged-with-hate-crime-murder-of-transgender-woman-in-detroit-40266101

https://www.msn.com/en-us/news/crime/taylor-transgender-woman-found-dead-behind-detroit-laundromat-man-charged/ar-AA1KLQa5

https://www.thenewsherald.com/2025/08/18/taylor-transgender-woman-found-dead-behind-detroit-laundromat-man-charged/

https://pridesource.com/article/christina-hayes-murder

https://web.archive.org/web/20250818203556/https://www.audacy.com/wwjnewsradio/news/local/local-teen-charged-with-murder-of-transgender-woman

https://www.clickondetroit.com/news/local/2025/08/18/man-accused-of-paying-for-sex-strangling-taylor-woman-to-death-after-learning-she-was-transgender/

https://eu.detroitnews.com/story/news/local/wayne-county/2025/08/18/man-accused-slaying-transgender-woman-detroit-charged/85711629007/

https://www.deadlinedetroit.com/articles/33538/highland_park_man_charged_in_murder_of_transgender_woman_in_detroit

https://www.facebook.com/photo/?fbid=10163969089007915&set=gm.4160186230976335&idorvanity=1570448163283501

https://www.facebook.com/watch/?v=3686028615036501","Christina Hayes was killed and then robbed by a client in Detroit, Michigan (USA) on 21 Jun 2025 after he learned that she was #trans.

She was 28. #SayHerName #Trans LivesMatter #TDoR",https://tdor.translivesmatter.info/reports/2025/06/21/christina-hayes_detroit-michigan-usa_609fb95d
Baba,,,,,22-Jun-2025,,Raza Muhammad Plaza,,Swabi,Khyber Pakhtunkhwa,Pakistan,34.12635397,72.47037137,suicide,suicide,"Baba died by suicide.

> SWABI:A transgender person here on Sunday allegedly committed a suicide when she was found dead in her room, said police officials.
> 
> She was living with her other friends in a house in the Link Road area in Raza Muhammad Plaza and it was not immediately known why she had committed a suicide.The transgender, whose [deadname] was [Deadname], and was known by Baba, allegedly ended her life by [suicide method redacted] in her room. Her friends, however, said she ended her life as she was very frustrated when they met her for the last time.

https://www.dawn.com/news/1919195/transgender-person-dies-by-suicide

https://www.thenews.com.pk/print/1323977-transgender-person-found-dead","Baba died by suicide in Swabi, Khyber Pakhtunkhwa (Pakistan) on 22 Jun 2025. #SayHerName #TransLivesMatter #TDoR",https://tdor.translivesmatter.info/reports/2025/06/22/baba_swabi-khyber-pakhtunkhwa-pakistan_5f81c52f
"Gabrielle Nguyen (""Cam"")",,,2025_06_22_Gabrielle-Nguyen.jpg,email,22-Jun-2025,,,,,Colorado,USA,38.9724465,-108.191979,suicide,suicide,"Cam died by suicide.

> Gabrielle ""Cam"" Nguyen (they/them) was an agender lesbian college student who loved Speech and Debate. They planned to become a Speech and Debate coach post pursuing a graduate degree in Communications. Gabrielle also loved anything pink, LOONA, cooking authentic Vietnamese food, and had a knack for writing--one that often culminated in long, thoughtful, letters by their loved ones. They passed by suicide on June 22nd, 2025, in Colorado.

Cam's partner [Lily-Dawn Harkins](https://tdor.translivesmatter.info/reports/2025/06/22/lily-dawn-harkins_colorado-usa_f57d8258) passed away on the same day.

Source: email","Gabrielle Nguyen (""Cam"") died by suicide in Colorado (USA) on 22 Jun 2025. #SayTheirName #TransLivesMatter #TDoR",https://tdor.translivesmatter.info/reports/2025/06/22/gabrielle-nguyen-cam_colorado-usa_2ca0843e
Lily-Dawn Harkins,,,2025_06_22_Lily-Dawn-Harkins.jpg,email,22-Jun-2025,,,,,Colorado,USA,38.9724465,-108.191979,suicide,suicide,"Lily-Dawn died by suicide.

> Lily-Dawn Harkins ""Chi/L Nguyen"" (She/Her) was a transgender woman who recently graduated with her degree in supply chain management. Recognized as a genius for her IQ of over 140, she loved Magic the Gathering, cooking (and burning) food for her loved ones, volunteering for local organizations, and giving back to others in any way she could. She was fluent in German, and known for her absurdist humor and infectious smile and laugh. She passed by suicide on June 22nd, 2025, in Colorado.

Lily-Dawn's partner [Gabrielle ""Cam"" Nguyen](https://tdor.translivesmatter.info/reports/2025/06/22/gabrielle-nguyen-cam_colorado-usa_2ca0843e) passed away on the same day.

Source: email",Lily-Dawn Harkins died by suicide in Colorado (USA) on 22 Jun 2025. #SayHerName #TransLivesMatter #TDoR,https://tdor.translivesmatter.info/reports/2025/06/22/lily-dawn-harkins_colorado-usa_f57d8258
Ali Jejhon Macalintal,39,,2025_06_23_Ali-Jejhon-Macalintal.jpg,https://www.hrw.org/news/2025/06/26/philippines-trans-rights-activist-murdered,23-Jun-2025,tgeu/tdor2025/23-Jun-2025/Ali Macalintal,,,General Santos,South Cotabato,Philippines,6.113596969,125.1606884,violence,shot,"Ali worked as a radio presenter and owned an acupuncture clinic. Her death at the hands of a hooded gunman appears to have been a targeted execution.

> (Manila) – A hooded gunman in General Santos City in the southern Philippines carried out an apparent targeted killing on June 23, 2025, of a transgender rights activist who worked as a radio commentator, Human Rights Watch said today.
> 
> The media reported that an unidentified man shot Ali Jejhon Macalintal several times at the acupuncture clinic she owned in General Santos City, and fled on a motorcycle. Police said they were investigating whether Macalintal's history of activism, as well as her recent business ventures, were possible motives for the attack.
> 
> “Ali Macalintal's murder is a brutal reminder that engaging in any kind of activism in the Philippines carries grave risks,” said Carlos Conde, senior Asia researcher at Human Rights Watch. “The authorities should leave no stone unturned in finding out why she was killed and who was responsible.”
> 
> Macalintal, a 39-year-old trans woman, was an activist for the rights of lesbian, gay, bisexual, and transgender (LGBT) people on the southern Philippine island of Mindanao, where she also advocated for the rights of Muslim Filipinos, known as Moros, and Indigenous peoples. She was the deputy-secretary general of the human rights group Karapatan in General Santos City until 2018. She also worked as media liaison for the leftist activist group Bagong Alyansang Makabayan.
> 
> The authorities should fully and impartially investigate whether Macalintal’s killing was motivated by her political activism or her gender identity, Human Rights Watch said.
> 
> In 2002, Macalintal and two other Moros were arrested for allegedly taking part in the bombing of a department store in General Santos City in which 15 people were killed. At the time, she was a member of the activist group Bayan Muna, which Philippine officials often targeted for harassment and “red-tagging” – the practice of alleging that individuals are members or sympathizers of the communist insurgent group New People’s Army.
> 
> Macalintal and her co-accused spent eight years in police detention before a court acquitted them in 2010, ruling that the evidence submitted by the authorities was inadmissible. She and the others alleged that they were mistreated and tortured in custody.
> 
> After her release, Macalintal continued her activism despite the threats she faced. In a statement, Karapatan said that Macalintal, in messages to them in 2024, reported harassment by government security forces. In 2019, in text messages viewed by Human Rights Watch, Macalintal received threats, one of them in the form of a media advisory that she had been shot to death. The threats did not deter her activism. “She was never afraid to speak truth to power and expose uncomfortable truths,” Reyna Valmores Salinas, spokesperson for the LGBT rights group Bahaghari, said in a statement.
 
https://www.hrw.org/news/2025/06/26/philippines-trans-rights-activist-murdered

https://chr.gov.ph/2025/statements/press-statement/statement-of-the-commission-on-human-rights-condemning-the-recent-killings-of-transgender-women/

https://dailyguardian.com.ph/trans-women-slain-in-days-chr-condemns-impunity/

https://www.hrw.org/news/2025/06/26/philippines-trans-rights-activist-murdered
","Ali Jejhon Macalintal was shot in General Santos, South Cotabato (Philippines) on 23 Jun 2025.

She was 39 and worked as a radio presenter. #SayHerName #TransLivesMatter #TDoR",https://tdor.translivesmatter.info/reports/2025/06/23/ali-jejhon-macalintal_general-santos-south-cotabato-philippines_4d4729dc
Chayene Pereira Lima,29,,2025_06_23_Chayene-Pereira-Lima.jpg,https://massa.com.br/seguranca/mulher-trans-encontrada-morta/,23-Jun-2025,tgeu/tdor2025/23-Jun-2025/Chayene Pereira Lima,Rua Amazonas,Campos do Iguaçu,Foz do Iguaçu,Paraná,Brazil,-25.5274501,-54.55947919,violence,murdered,"Chayene was homeless and was sheltering in a vacant lot near a bus station when she was killed. It is not known who killed her or why.

> A trans woman was found dead on Monday morning (23) in a vacant lot near the Foz do Iguaçu International Bus Station, in western Paraná.
> 
> The location is known for sheltering homeless and socially vulnerable people. According to the Military Police (PM), the body was found after reports from local residents.
> 
> The victim was identified as Chayene Pereira Lima, 36 years old. During the initial investigation, a perforation in the head was found, but it is not yet known whether it was caused by a firearm or a blunt object.
> 
> The body was collected and sent to the Forensic Medical Institute (IML), where it will undergo autopsy examinations, which should clarify the cause of death.
> 
> According to reports from residents, it is common for the land to be used by wanderers and people living in precarious conditions, who build improvised shacks there.
> 
> One of the witnesses said he had seen Chayene the day before, while she was setting up a makeshift structure to protect herself from the cold. The case is still being investigated by the Foz do Iguaçu Homicide Department.

https://www.bandab.com.br/noticias-parana/mulher-trans-encontrada-morta-terreno-baldio-foz-do-iguacu/

https://massa.com.br/seguranca/mulher-trans-encontrada-morta/

https://goio.news/noticias/1969/46185/mulher-trans-e-agredida-ate-a-morte-no-oeste-do-parana

https://diariovanguardia.com.py/hallan-el-cuerpo-sin-vida-de-mujer-trans-en-un-terreno-baldio-de-foz/

https://cgn.inf.br/noticia/1869808/mulher-trans-e-encontrada-morta-em-lote-baldio-proximo-a-rodoviaria-de-foz-do-iguacu

https://foz.portaldacidade.com/noticias/policial/mulher-trans-e-encontrada-morta-com-ferimentos-pelo-corpo-em-terreno-baldio-442","The body of Chayene Pereira Lima was found in the vacant lot where she was sheltering in Foz do Iguaçu, Paraná (Brazil) on 23 Jun 2025.

She was 29.  #SayHerName #TransLivesMatter #TDoR",https://tdor.translivesmatter.info/reports/2025/06/23/chayene-pereira-lima_foz-do-iguacu-parana-brazil_cbff7a2d
Ezra Hulett,24,,2025_06_23_Ezra-Hewlett.jpg,https://www.pghlesbian.com/2025/07/trans-intersex-us-citizen-ezra-hulett-24-brutally-detained-then-dies-in-a-dominican-republic-immigration-camp/,23-Jun-2025,tgeu/tdor2025/23-Jun-2025/Ezra Hulett,,,Jarabacoa,La Vega,Dominican Republic,19.1240421,-70.6555253,custodial,died in custody,"Ezra died in custody in an immigration detention center after being detained without the medical attention he needed.

> On June 23, 2025, a 24-year-old American citizen was found dead in custody of an immigration detention center in the Dominican Republic. Ezra Hulett identified as an intersex transgender person. He died at the Haina Detention Center in the Dominican Republic. Ezra also used the name Ezri Hajiune. To the best of my knowledge, Hajiune was a chosen name based in Japanese anime culture.
> 
> Ezra was a person who had lived with significant mental health illnesses and the impact of childhood trauma as per the family crowdfund.
> 
> The family reports that Ezra traveled to Puerto Rico where he went missing in March 2025. Some reports state Ezra living in a permanent residence for patients with mental illness in Puerto Rico. One social worker from Puerto Rico claims Ezra had been missing for over four months from the treatment program. From PR, Ezra attempted to travel to the Dominican Republic where he was detained by immigration authorities on March 15, 2025. He appeared via Punta Cana International Airport where security footage documented his arrival. Puerto Rican sources claim Ezra had a passport unbeknownst to the treatment facility.
> 
> Another source claims Ezra was taken into custody after being found homeless, wandering, showing signs of disconnection from reality, unable to identify himself, and amid reports of alleged assault, They further claim that Ezra displayed severe communication difficulties, an inability to self-identify, and behaviors that indicated a compromised mental health status. He was evaluated by mental health professionals, diagnosed with a psychotic disorder, and received treatment in the Dominican Republic.
> 
> The family contends that Ezra was detained allegedly due to a lack of documentation. He was then sent Sabana de la Mar on April 19, where he remained in custody for two days. It appears charges were not filed, but Ezra was sent on to the Haina detention center on April where he remained until his death in June.
> 
> Dominican authorities conducted an autopsy that found no signs of violence even though Ezra allegedly reported multiple incidents of sexual assault while in custody. They state that Ezra self-identified as male, using the name Ezri Hajune, which led to placement in the men’s area. Authorities also noted erratic behavior and inconsistencies about his nationality in addition to Ezra’s lack of Spanish.
> 
> Carlos Sanchez, a human rights attorney for The National Council for Human Rights advocated for Ezra, securing a court ordered evaluation in early May that was delayed by immigration officials until June 17. At that point, Ezra was transferred to a women’s unit where he died a few days later. Ezra’s family is further concerned that authorities did not release the body until June 27
> 
> Director Nelson Gutiérrez alleged that, during detention, Ezra was subjected to repeated sexual assaults by male detainees, claiming at least fifteen perpetrators were involved.
> 
> Ezra seems clearly to have been struggling with his mental health, self-care, safety, their literal nationality, and certainly language. That’s a lot of alarm bells. Sanchez figured it out, so it is deplorable for the Dominican government to claim they did not have the resources to meet the needs of Ezra or anyone else detained. But here in the US, we know how this plays out.
> 
> So the crime is certainly Ezra’s death, but also includes the allegations of multiple sexual assaults, the details around their detention, the details around their residential treatment in Puerto Rico, the policies of Dominican immigration authorities, the accuracy of existing documentation. Then there are questions about why Ezra left Puerto Rico and the trans/queer competency of their treatment. Questions about the Dominican Republic’s LGBTQ+ policies and immigration protocols.
> 
> According to the family GoFundMe, he was born at St. Peter’s Hospital in Albany, NY, and grew up in Clifton Park, attending Karigon Elementary/Gowana Middle School (Shenendehowa CSD) and winning an academic scholarship to Emma Willard School in Troy. Ezra had a gentle soul, a calm presence, and an extraordinary mind. He was deeply compassionate, sensitive, and brilliant—someone who moved through the world with quiet kindness.

https://www.pghlesbian.com/2025/07/trans-intersex-us-citizen-ezra-hulett-24-brutally-detained-then-dies-in-a-dominican-republic-immigration-camp/

https://diarioaldia.com/familia-pide-esclarecer-caso-de-ciudadana-estadounidense-en-haina/

https://www.prensaxtremard.com/nacional/trabajadora-social-de-pr-revela-fallecida-en-haina-fue-diagnosticada-con-esquizofrenia/

https://www.diariodigital.com.do/2025/07/10/familia-exige-justicia-por-trans-fallecida-bajo-custodia-migratoria-en-rd.html/

https://www.elnuevodia.com/noticias/mundo/notas/estuvo-en-puerto-rico-familia-de-joven-trans-fallecida-en-carcel-de-republica-dominicana-exige-justicia/

https://noticiassin.com/familia-de-extranjera-fallecida-en-vacacional-de-haina-pide-ayuda-economica-para-realizar-autopsia-en-ee-uu-que-esclarezca-su-muerte-1883409/

https://noticiassin.com/familiares-de-americana-fallecida-en-haina-piden-fondos-para-repatriacion-1884220/

https://dominicantoday.com/dr/local/2025/07/03/ellen-frances-family-considers-legal-action-and-second-autopsy/

https://deultimominuto.net/en/dominican-news/help-they-are-torturing-me-the-last-words-of-a-foreign-woman-before-dying-in-vacacional-de-haina/

https://migracion.gob.do/en/american-woman-who-died-at-dgm-center-was-receiving-protection-and-medical-care/

https://dominicantoday.com/dr/local/2025/06/26/dual-identity-and-alleged-abuse-raise-alarms-in-death-of-u-s-detainee-at-haina-center/

https://dominicantoday.com/dr/local/2025/06/25/ellen-frances-hulett-identified-as-u-s-citizen-who-died-at-dgm-facility/

https://noticiassin.com/mi-hija-no-merecia-morir-asi-dice-madre-de-ellen-frances-hulett-quien-murio-bajo-custodia-de-migracion-1876182/

https://dr1.com/forums/threads/the-sad-case-of-us-citizen-who-had-to-be-identified-by-her-facial-recognition.415373/page-2

https://www.gofundme.com/f/help-bring-ezra-home-seek-the-truth

https://www.instagram.com/reel/DL0sABzslUb/

https://www.youtube.com/watch?v=uVx0fey_xlY","Ezra Hulett died in custody in an immigration detention center in Jarabacoa (Dominican Republic) on 23 Jun 2025 after being detained without the medical attention he needed.

He was 24. #SayHisName #TransLivesMatter #TDoR",https://tdor.translivesmatter.info/reports/2025/06/23/ezra-hulett_jarabacoa-la-vega-dominican-republic_a9092780
Kierra Apostol,18,,2025_06_23_Kierra-Apostol.jpg,https://www.facebook.com/WarrenGudduQueen/posts/pfbid02aFUHhwN1ypT1SdrBXPMUJW2tfZgZw2esCKpTjcJP75KLsXjWzEwMkBYvpRPvaYSil,23-Jun-2025,tgeu/tdor2025/23-Jun-2025/Kierra Apostol,,Between Amulung and Iguig,,Cagayan,Philippines,17.79805739,121.7185334,violence,murdered,"Kierra was a business management student. Her body was found in a river two days after she had gone missing.

> MANILA – An eighteen-year-old trans woman was found lifeless in a Cagayan province river this Monday, June 23, days after she was reported missing. 
> 
> The most recent victim was Kierra Apostol, formerly known as [deadname] Molina, a resident of Zone 7, Centro, Peñablanca and a business management student of Cagayan State University.
> 
> Bahaghari, a Philippine alliance of LGBT organizations, said the incident is another harrowing case of violence against Filipino trans women.
> 
> “Kierra could’ve been celebrating with her community in Cagayan this Pride month, but her life was cut short due to hate perpetuated by a macho-patriarchal culture,” Reyna Valmores Salinas said, Bahaghari chairperson said.
> 
> In an interview with the local media 95.7 XFM Tuguegarao, the mother of the victim said that her child asked for permission to sleep over at the home of a friend in the same town around 8:00 p.m. It was the last time [Kierra] was seen alive and all attempts to contact her by phone since have failed.
> 
> Kierra was feared missing when two of her friends visited their home to ask about her whereabouts on Sunday evening. Molinea reported the incident to the Peñablanca Police Station on Monday, June 23.
> 
> The victim’s mother revealed visible signs of physical assault when the body was found floating in the river.

https://www.bulatlat.com/2025/06/26/transwomans-killing-call-for-legislative-protection-sogiesc-equality-bill-passage/

https://mb.com.ph/2025/06/28/transwoman-murdered-in-cagayan

https://dailyguardian.com.ph/trans-women-slain-in-days-chr-condemns-impunity/

https://www.facebook.com/WarrenGudduQueen/posts/pfbid02aFUHhwN1ypT1SdrBXPMUJW2tfZgZw2esCKpTjcJP75KLsXjWzEwMkBYvpRPvaYSil","The body of Kierra Apostol was found in a river in Cagayan (Philippines) on 23 Jun 2025.

She was 18, was studying business management and had been missing for two days. #SayHerName #TransLivesMatter #TDoR",https://tdor.translivesmatter.info/reports/2025/06/23/kierra-apostol_cagayan-philippines_0809de75
Jessy Beltrán,,,2025_06_24_Jessy-Beltran.jpg,https://www.facebook.com/soydebuenaventura/posts/pfbid0SyNmWKVSwZLkX6FnBuPrRYsndSEeEMmrXkptXnugZXsJQ4HGe2woJkbPBJCvaFDTl,24-Jun-2025,tgeu/tdor2025/24-Jun-2025/Jessy Beltrán,,Ciudadela San Antonio,Buenaventura,Valle del Cauca,Colombia,3.880628284,-77.01839692,violence,murdered,"Jessy was killed in the Ciudadela San Antonio neighborhood of Buenaventura. Media reports describe her as an activist but give little other information.

> June 24, 2025. On Tuesday afternoon, a trans woman was murdered in the Ciudadela San Antonio neighborhood, Phase 1, in Buenaventura. The victim was identified as Jessy Beltrán, a young woman recognized for her activism on social media and her presence in community spaces in the city.
> 
> The events, which occurred just minutes ago, are still being investigated. According to preliminary information, authorities arrived at the scene after receiving a report of a dead body, but no details are yet known about the circumstances of the crime or who may be responsible.
> 
> This new case adds to the worrying number of homicides against trans people in Colombia in 2025, amid rising violence and stigmatization of the LGBTIQ+ population, especially in areas with high levels of conflict and the absence of a state. According to data from the Caribe Afirmativo Human Rights Observatory, this is the 45th case recorded in Colombia.
> 
> The State must guarantee justice and implement urgent measures to protect trans women, particularly in areas like Buenaventura where being diverse is a constant risk. An official statement from the Police and the Prosecutor's Office is still expected in the coming hours; however, in light of this situation, the organization reminds authorities of their obligation to apply the guidelines established in Directive 006 of 2023 of the Attorney General's Office, which orders prosecutors to adopt measures to diligently investigate acts of violence motivated by prejudice against LGBTIQ+ people with enhanced due diligence. This directive also requires that the hypothesis of a hate crime be considered from the outset.
> 
> Caribe Afirmativo strongly rejects these events and hopes for a swift investigation and a prompt clarification of the facts.

https://caribeafirmativo.lgbt/asesinada-mujer-trans-en-buenaventura-es-el-asesinato-numero-46-en-el-primer-semestre/

https://buenaventuraenlinea.com/🔴-asesinato-de-jessi-beltran-lider-lgbti-conmociona-buenaventura-exigen-justicia-y-proteccion-🔴/

https://www.facebook.com/BuenaventuraEnLinea/posts/pfbid0PLi3mfgtbavSf8goHVMAj6QqWLv7bJg2MZcxDXRW5eisMswtTwBUMjLgVZG3f58pl

https://www.facebook.com/soydebuenaventura/posts/pfbid0SyNmWKVSwZLkX6FnBuPrRYsndSEeEMmrXkptXnugZXsJQ4HGe2woJkbPBJCvaFDTl

https://www.facebook.com/noticiasalinstantebuenaventura/posts/pfbid0a47Zvr8X2DM7GUgojLFYzBn52RAYMzi7hPV4JsBUyPcTBrR8b4kivhMozz1viduLl

https://www.instagram.com/p/DLTiB9SsIZa/

https://www.tiktok.com/@reportandonoticias/photo/7519611967858920709

https://x.com/Caribeafirmativ/status/1937682736648450339","Jessy Beltrán was killed in the Ciudadela San Antonio neighborhood of Buenaventura, Valle del Cauca (Colombia) on 24 Jun 20025.

 Media reports describe her as an activist and give little other information about who she was. #SayHerName #TransLivesMatter #TDoR",https://tdor.translivesmatter.info/reports/2025/06/24/jessy-beltran_buenaventura-valle-del-cauca-colombia_3dd8d858
Kia-Leigh Tabitha Roberts,55,5-Dec-1969,2025_06_24_Kia-Leigh-Tabitha-Roberts.jpg,,24-Jun-2025,,,,West Valley City,Utah,USA,40.6790803,-112.0500093,suicide,suicide,"Kia-Leigh died by suicide. After she passed away her birth family attempted to erase her identity.

> Kia-Leigh Tabitha Roberts, a proud transgender woman, was born on December 5, 1969, in Pasadena, Texas, and passed away from suicide on June 24, 2025, in West Valley, Utah. She lived with courage, honesty, and deep emotional strength through years of depression and the systemic injustices faced by many in the transgender community.
> 
> Shy but sweet, Kia-Leigh was known for her warmth, her intellect, and her desire to connect with others. She was a friend to many.
> 
> She loved engaging with the transgender community in all capacities, especially circles of trans sisterhood, and often opened her heart to share what she experienced. She was close with her friend Jeri Linford, who was a source of light in her life. We all can learn from her bravery and resilience in speaking her truth amidst life’s struggles.
> 
> Kia-Leigh’s life was a testament to spirited resistance and the everyday courage of living authentically. She died during Pride Month, a time of celebration and reflection for the LGBTQ+ community, and a reminder of how vital support, connection, and care are to those who are struggling. If you or someone you know is struggling, please call or text 988, or reach out to Trans Lifeline at 877-565-8860, peer support by and for the trans community.
> 
> She had a special fondness for her dog Simba the Second, red lipstick, watermelon-flavored gum, LiveWire Mountain Dew, manicures, and the character Tigger from Winnie the Pooh, whose boundless energy and joy mirrored her own playful spirit.
> 
> Kia-Leigh was well-read; she loved literature. As an imaginative and creative soul, she found deep meaning in science fiction, drawn to the imagined futures of Star Trek and Star Wars, where chosen families thrive and new worlds hold space for everyone. She saw herself in these universes, where differences were destiny and chosen families were written into the stars.
> 
> Observant and introspective, she lived in awe of the transgender people who came before her, those who paved the way through resistance, artistry, and survival. Kia-Leigh carried their stories close to her heart, honoring them through her own journey, her poetry, and her quiet acts of visibility and care.
> 
> Kia-Leigh was a lifelong learner. She studied electrology at Cameo College of Essential Beauty in Murray, Utah, and dreamed of helping others through permanent hair removal, an affirming service to help others feel at home in their bodies. She loved working and learning alongside others in a salon atmosphere. She loved the sisterhood feel of the school and treasured the friendships with many of her instructors, especially Anna Hernandez-Ray. She approached the trade with attention to detail and heart, encouraging others to pursue their own paths.
> 
> Academically gifted, she attended Utah Valley Community College (now Utah Valley University), where she earned an Associate’s Degree. She later transferred to Brigham Young University, proudly graduating with a bachelor’s degree in English. Her love of language and expression blossomed into poetry, much of which explored her transition and her pursuit of becoming her highest self.
> 
> Ever the wordsmith, she served a Spanish-speaking mission for The Church of Jesus Christ of Latter-day Saints in the Los Angeles, California, Mission. Her spirituality remained an important part of her life. She truly honored the spirit of Love One Another. She is remembered by many for her philosophies about life, outlooks on the world and humanity, and for sharing her insights and inner workings.
> 
> She had been previously married and shared many years with her ex-wife, Trichelle, with whom she raised four children: Tyler, Alexis, Olivia, and Abigail. Parenthood was of great importance to her; Kia-Leigh’s heart was enormous, and she loved all of her children immensely. Being a grandparent brought her joy, and she wished the world for her grandchildren.

A memorial service was held for Kia-Leigh on Saturday 16th August.

https://www.qsaltlake.com/news/2025/08/05/kia-leigh-tabitha-roberts/

https://www.reddit.com/r/LGBTQSaltLake/comments/1mkcwax/kialeigh_roberts_celebration_of_life_aug_16th/

https://www.instagram.com/p/DM9TXPSRa_K/","Kia-Leigh Tabitha Roberts died by suicide in West Valley City, Utah (USA) on 24 Jun 2025.

She was 55. #SayHerName #TransLivesMatter #TDoR",https://tdor.translivesmatter.info/reports/2025/06/24/kia-leigh-tabitha-roberts_west-valley-utah-usa_5092b8b2
René,,,,,26-Jun-2025,tgeu/tdor2025/26-Jun-2025/René,,San Pedro,Ayangue,Santa Elena,Ecuador,-1.973351065,-80.75000793,violence,shot,"René was shot. Not much is known about her or the circumstances of her death.

> Asociación Silueta X, in aliance  with Federación Ecuatoriana de Organizaciones LGBTI+ y la Plataforma Nacional Trans “CoaliTrans”,  indignantly denounces the information from the Chicas Trans Ruta Spondylus Collective about the murder of a trans woman in the province of Santa Elena.
> 
> On Thursday, June 26, in the San Pedro commune, north of Santa Elena, a violent incident ended the life of a member of the LGBTI community known as René (pseudonym, Runa Sipiy code SX-SAN-25061226), according to preliminary information. The police were immediately alerted, and investigations are ongoing to clarify this crime that has shocked the town. The Runa Sipiy Report by Silueta X records this case as part of the alarming wave of transfemicides in 2025, demanding that the State Attorney General's Office, the National Police, and the Ministry of Women and Human Rights carry out an immediate and thorough investigation.
> 
> René, known by the pseudonym Runa Sipiy in the report, was a young trans woman whose life was marked by adversity from childhood. She stood out for her beauty and charisma, which won over teachers and classmates at Colegio Manglaralto around 2002, where she studied for two years before facing family problems that led her to San Pedro. Protected by her general inspector, who became her friend and defender, René returned home after legal proceedings in Guayaquil, always displaying gratitude and the innocent smile that characterized her. A month ago, in a final conversation in Valdivia, she was warned against keeping bad company, but she was shot dead on June 26, 2025, in the San Pedro commune, leaving a legacy of resilience and a deep void in those who knew her.
> 
> We demand justice and urgent measures to protect trans people, whose vulnerability continues to be ignored.

https://eldiverso.com/2025/07/02/tragedia-en-santa-elena-ecuador-rene-mujer-trans-asesinada-en-ataque-violento/

https://siluetax.org/2025/07/02/rene-victima-de-sicariato-en-san-pedro-basta-de-impunidad-contra-trans/

https://x.com/SiluetaX/status/1940569572262006950",René was shot in the San Pedro commue of Santa Elena (Ecuador on 26 Jun 2025. #SayHerName #TransLivesMatter #TDoR,https://tdor.translivesmatter.info/reports/2025/06/26/rene_ayangue-santa-elena-ecuador_9ebb3fdc
Kamora Woods,27,,2025_06_27_Kamora-Woods.jpg,https://www.pghlesbian.com/2025/08/black-trans-woman-kamora-woods-27-was-shot-to-death-in-indianapolis/,27-Jun-2025,tgeu/tdor2025/27-Jun-2025/Kamora Woods,6400 Maidstone Road,,Indianapolis ,Indiana,USA,39.8407679,-86.27216212,violence,shot,"Kamora was shot in her apartment. James Wallace, 23, was arrested and charged with murder, murder during commission of a felony and robbery.

Wallace also stole Kamora's phone.

> INDIANAPOLIS – With a suspect finally behind bars, a grieving mother feels one step closer to getting justice after finding her daughter murdered on June 26.
> 
> Danielle Dehoniesto went to check on 27-year-old Kamora Woods at her northwest side apartment on Maidstone Road after neither she nor Woods’ friends could reach her. The door was unlocked, and Dehoniesto said the scene inside was something no parent should ever have to walk into.
> 
> “I will never get that image out of my head,” Dehoniesto said. “I touched her, I said, ‘Kamora.’ When I touched her, she was cold. She was stiff.”
> 
> Dehoniesto found Woods half-naked in her bedroom, shot in the head. She then waited seven weeks for an arrest.
> 
> Court documents detail how detectives identified a suspect by using a fingerprint on a condom wrapper collected at the scene. It matched 23-year-old James Wallace, a convicted felon with an active warrant for allegedly tampering with his GPS monitor in November.


Kamora's mother described her as “very loved,” an animal-lover who could make anyone laugh. Someone with a big heart and a life cut far too short.""

> “She had no problem letting it be known she’s transgender. My daughter was not that type of person. I know there’s a lot of people out there that’s quick to say, ‘Well, she probably didn’t reveal it.’ No. Not with my daughter,” Dehoniesto said. “Regardless of her sexuality, regardless of what she was doing, it doesn’t make it right for somebody to take her life and make excuses for it.”
> 
> “Love your child. Accept your child for who they are because life is too short,” Dehoniesto said. “You don’t know what can happen.”

Wallace has a prior conviction for armed robbery, criminal confinement and resisting law enforcement.

https://www.pghlesbian.com/2025/08/black-trans-woman-kamora-woods-27-was-shot-to-death-in-indianapolis/

https://eu.indystar.com/story/news/crime/2025/08/18/kamora-woods-shot-dead-inside-scarborough-lake-apartment-indianapolis-police-make-arrest/85677678007/

https://cbs4indy.com/news/indycrime/i-just-dont-understand-why-indy-mother-describes-finding-daughter-murdered-suspects-arrest-7-weeks-later/amp/

https://www.wrtv.com/news/local-news/crime/impd-investigates-homicide-on-indys-northwest-side

https://www.wishtv.com/news/crime-watch-8/indianapolis-woman-found-dead-scarborough-lake-apartments/

https://fox59.com/news/indycrime/man-found-to-death-on-indys-northwest-side/

https://cbs4indy.com/news/impd-investigates-pair-of-homicides-that-left-man-woman-dead/

https://gunmemorial.org/2025/06/26/kamora-woods

https://www.gofundme.com/f/give-kamora-woods-a-dignified-farewell

https://www.tiktok.com/@prophetreubenm/video/7527793430336933133","Kamora Woords was shot dead in her apartment in Indianapolis, Indiana (USA) on 27 Jun 2025.

She was 27. #SayHerName #Trans LivesMatter #TDoR
",https://tdor.translivesmatter.info/reports/2025/06/27/kamora-woods_indianapolis-usa_a24ac8ba
Marion Lapo Morocho,53,,2025_06_27_Marion-Lapo-Morocho.png,https://www.facebook.com/permalink.php?story_fbid=pfbid0o9xSHCXcBL83YJptcQVqA2XY7rrUo88zBJnpGWJ3CVA8uBiuKmpc8YnEYdcBpssfl&id=100063178122218,27-Jun-2025,tgeu/tdor2025/27-Jun-2025/Name Unknown,,La Guabita,Pasaje ,El Oro,Ecuador,-3.3256,-79.80697,violence,shot,"Marion was shot dead by a man who approached her on a volleyball court. Her assailant and his accomplice escaped on a motorcycle.

> On the afternoon of Friday, June 27, at approximately 5:40 p.m., a violent crime shook the Buenavista parish in the Pasaje canton. Marion Lapo Morocho, a well-known local trans woman, was shot and killed while on an volleyball court.
>
> According to preliminary reports, a man approached the scene and shot her several times, hitting her in the head and killing her instantly. After the attack the assailant escaped on a motorcycle driven by an accomplice.
>
> This incident has caused profound shock in the LGBTI community of El Oro province, whose representatives announced they will issue an official statement in the coming hours.
>
> Staff from Dirección Nacional de Del!tos contra la Vida, Mu€rtes V!olentas, Desapariciones, Extors!ón y Secu€stros (Dinased) are investigating the case and it is hoped that the authorities will provide official information that will help clarify this unfortunate incident and find those responsible.

https://siluetax.org/2025/07/31/transfemicidio-en-pasaje-en-cancha-de-voley-a-tiros-el-oro-ecuador/

https://www.extra.ec/noticia/provincias/transfemicidio-oro-exigen-justicia-crimen-activista-marion-lapo-131557.html

https://conexioninformativaec.com/44432-2/

https://www.facebook.com/tvorense/posts/pfbid0dDmJ3ABmwWa9grUajadjkva8hbbqXEsChB2aokjKvm9qhYi3EU8y5xTVLYKe9TYKl

https://www.facebook.com/permalink.php?story_fbid=pfbid0o9xSHCXcBL83YJptcQVqA2XY7rrUo88zBJnpGWJ3CVA8uBiuKmpc8YnEYdcBpssfl&id=100063178122218

https://www.facebook.com/MPNoticiasMachala/posts/pasajeec-hombre-es-asesinado-con-disparos-sucesosmp-marion-lapo-fue-v%C3%ADctima-de-u/1066811458914012/","Marion Lapo Morocho was shot dead by a man who approached her on a volleyball court in Pasaje, El Oro (Ecuador) on 27 Jun 2025.

She was 53. #SayHerName #TransLivesMatter #TDoR",https://tdor.translivesmatter.info/reports/2025/06/27/marion-lapo-morocho_pasaje-el-oro-ecuador_cc990770
"Valeria (""La Vale"")",17,,2025_06_28_Valeria.jpg,https://revistaespejo.com/2025/07/12/justicia-para-la-vale-exigen-investigar-su-asesinato-como-crimen-de-odio-en-ahome/,28-Jun-2025,"tgeu/tdor2025/28-Jun-2025/Valeria (""La Vale"")",Ejido 5 de Mayo,,Ahome,Sinaloa,Mexico,25.91878066,-109.1710704,violence,murdered,"La Vale's body was found dumped just under two weeks after she had gone missing.

> Sinaloa.- LGBTIQA+ organizations and human rights activists issued a statement demanding that the murder of La Vale, a trans woman found dead on June 28 in Ahome, be investigated as a hate crime based on gender identity.
> 
> Vale had been reported missing since June 15 and was found dead days later, on a plot of land in Ejido 5 de Mayo, in the aforementioned municipality.
> 
> Tiago Ventura, president of the Sinaloa Inclusive civil association, stated that La Vale's murder was not a crime of passion or a coincidence, but rather a hate-filled transfeminicidal crime. He therefore called on authorities to act with diligence, a gender perspective, and a differentiated approach.
> 
> In a joint statement signed by Erika Acosta, an LGBTIQA+ activist from Ahome, and Tiago Ventura, they condemned La Vale's murder and urged the State Attorney General's Office to investigate the incident as a hate crime based on gender identity, following protocols for action with a perspective on sexual diversity and human rights.
> 
> At the same time, they demanded that the media stop violating the memory and identity of trans people, as they have found that various media outlets have reported on the case using language that denies or erases their gender identity.
> 
> Finally, they demanded that the Sinaloa government implement urgent actions, with resources and political will, to prevent and eradicate violence against LGBTIQA+ populations, particularly trans women.
> 
> “We stand in solidarity with her family, her friends, and all the trans women who today feel fear, anger, and exhaustion. Vale had a name, a story, and dreams. She was murdered for who she was. This is called transphobia, and we cannot allow it to continue to be normalized,” they stated.

<blockquote class=""instagram-media"" data-instgrm-captioned data-instgrm-permalink=""https://www.instagram.com/p/DMHYmQ0tJIt/?utm_source=ig_embed&amp;utm_campaign=loading"" data-instgrm-version=""14"" style="" background:#FFF; border:0; border-radius:3px; box-shadow:0 0 1px 0 rgba(0,0,0,0.5),0 1px 10px 0 rgba(0,0,0,0.15); margin: 1px; max-width:540px; min-width:326px; padding:0; width:99.375%; width:-webkit-calc(100% - 2px); width:calc(100% - 2px);""><div style=""padding:16px;""> <a href=""https://www.instagram.com/p/DMHYmQ0tJIt/?utm_source=ig_embed&amp;utm_campaign=loading"" style="" background:#FFFFFF; line-height:0; padding:0 0; text-align:center; text-decoration:none; width:100%;"" target=""_blank""> <div style="" display: flex; flex-direction: row; align-items: center;""> <div style=""background-color: #F4F4F4; border-radius: 50%; flex-grow: 0; height: 40px; margin-right: 14px; width: 40px;""></div> <div style=""display: flex; flex-direction: column; flex-grow: 1; justify-content: center;""> <div style="" background-color: #F4F4F4; border-radius: 4px; flex-grow: 0; height: 14px; margin-bottom: 6px; width: 100px;""></div> <div style="" background-color: #F4F4F4; border-radius: 4px; flex-grow: 0; height: 14px; width: 60px;""></div></div></div><div style=""padding: 19% 0;""></div> <div style=""display:block; height:50px; margin:0 auto 12px; width:50px;""><svg width=""50px"" height=""50px"" viewBox=""0 0 60 60"" version=""1.1"" xmlns=""https://www.w3.org/2000/svg"" xmlns:xlink=""https://www.w3.org/1999/xlink""><g stroke=""none"" stroke-width=""1"" fill=""none"" fill-rule=""evenodd""><g transform=""translate(-511.000000, -20.000000)"" fill=""#000000""><g><path d=""M556.869,30.41 C554.814,30.41 553.148,32.076 553.148,34.131 C553.148,36.186 554.814,37.852 556.869,37.852 C558.924,37.852 560.59,36.186 560.59,34.131 C560.59,32.076 558.924,30.41 556.869,30.41 M541,60.657 C535.114,60.657 530.342,55.887 530.342,50 C530.342,44.114 535.114,39.342 541,39.342 C546.887,39.342 551.658,44.114 551.658,50 C551.658,55.887 546.887,60.657 541,60.657 M541,33.886 C532.1,33.886 524.886,41.1 524.886,50 C524.886,58.899 532.1,66.113 541,66.113 C549.9,66.113 557.115,58.899 557.115,50 C557.115,41.1 549.9,33.886 541,33.886 M565.378,62.101 C565.244,65.022 564.756,66.606 564.346,67.663 C563.803,69.06 563.154,70.057 562.106,71.106 C561.058,72.155 560.06,72.803 558.662,73.347 C557.607,73.757 556.021,74.244 553.102,74.378 C549.944,74.521 548.997,74.552 541,74.552 C533.003,74.552 532.056,74.521 528.898,74.378 C525.979,74.244 524.393,73.757 523.338,73.347 C521.94,72.803 520.942,72.155 519.894,71.106 C518.846,70.057 518.197,69.06 517.654,67.663 C517.244,66.606 516.755,65.022 516.623,62.101 C516.479,58.943 516.448,57.996 516.448,50 C516.448,42.003 516.479,41.056 516.623,37.899 C516.755,34.978 517.244,33.391 517.654,32.338 C518.197,30.938 518.846,29.942 519.894,28.894 C520.942,27.846 521.94,27.196 523.338,26.654 C524.393,26.244 525.979,25.756 528.898,25.623 C532.057,25.479 533.004,25.448 541,25.448 C548.997,25.448 549.943,25.479 553.102,25.623 C556.021,25.756 557.607,26.244 558.662,26.654 C560.06,27.196 561.058,27.846 562.106,28.894 C563.154,29.942 563.803,30.938 564.346,32.338 C564.756,33.391 565.244,34.978 565.378,37.899 C565.522,41.056 565.552,42.003 565.552,50 C565.552,57.996 565.522,58.943 565.378,62.101 M570.82,37.631 C570.674,34.438 570.167,32.258 569.425,30.349 C568.659,28.377 567.633,26.702 565.965,25.035 C564.297,23.368 562.623,22.342 560.652,21.575 C558.743,20.834 556.562,20.326 553.369,20.18 C550.169,20.033 549.148,20 541,20 C532.853,20 531.831,20.033 528.631,20.18 C525.438,20.326 523.257,20.834 521.349,21.575 C519.376,22.342 517.703,23.368 516.035,25.035 C514.368,26.702 513.342,28.377 512.574,30.349 C511.834,32.258 511.326,34.438 511.181,37.631 C511.035,40.831 511,41.851 511,50 C511,58.147 511.035,59.17 511.181,62.369 C511.326,65.562 511.834,67.743 512.574,69.651 C513.342,71.625 514.368,73.296 516.035,74.965 C517.703,76.634 519.376,77.658 521.349,78.425 C523.257,79.167 525.438,79.673 528.631,79.82 C531.831,79.965 532.853,80.001 541,80.001 C549.148,80.001 550.169,79.965 553.369,79.82 C556.562,79.673 558.743,79.167 560.652,78.425 C562.623,77.658 564.297,76.634 565.965,74.965 C567.633,73.296 568.659,71.625 569.425,69.651 C570.167,67.743 570.674,65.562 570.82,62.369 C570.966,59.17 571,58.147 571,50 C571,41.851 570.966,40.831 570.82,37.631""></path></g></g></g></svg></div><div style=""padding-top: 8px;""> <div style="" color:#3897f0; font-family:Arial,sans-serif; font-size:14px; font-style:normal; font-weight:550; line-height:18px;"">View this post on Instagram</div></div><div style=""padding: 12.5% 0;""></div> <div style=""display: flex; flex-direction: row; margin-bottom: 14px; align-items: center;""><div> <div style=""background-color: #F4F4F4; border-radius: 50%; height: 12.5px; width: 12.5px; transform: translateX(0px) translateY(7px);""></div> <div style=""background-color: #F4F4F4; height: 12.5px; transform: rotate(-45deg) translateX(3px) translateY(1px); width: 12.5px; flex-grow: 0; margin-right: 14px; margin-left: 2px;""></div> <div style=""background-color: #F4F4F4; border-radius: 50%; height: 12.5px; width: 12.5px; transform: translateX(9px) translateY(-18px);""></div></div><div style=""margin-left: 8px;""> <div style="" background-color: #F4F4F4; border-radius: 50%; flex-grow: 0; height: 20px; width: 20px;""></div> <div style="" width: 0; height: 0; border-top: 2px solid transparent; border-left: 6px solid #f4f4f4; border-bottom: 2px solid transparent; transform: translateX(16px) translateY(-4px) rotate(30deg)""></div></div><div style=""margin-left: auto;""> <div style="" width: 0px; border-top: 8px solid #F4F4F4; border-right: 8px solid transparent; transform: translateY(16px);""></div> <div style="" background-color: #F4F4F4; flex-grow: 0; height: 12px; width: 16px; transform: translateY(-4px);""></div> <div style="" width: 0; height: 0; border-top: 8px solid #F4F4F4; border-left: 8px solid transparent; transform: translateY(-4px) translateX(8px);""></div></div></div> <div style=""display: flex; flex-direction: column; flex-grow: 1; justify-content: center; margin-bottom: 24px;""> <div style="" background-color: #F4F4F4; border-radius: 4px; flex-grow: 0; height: 14px; margin-bottom: 6px; width: 224px;""></div> <div style="" background-color: #F4F4F4; border-radius: 4px; flex-grow: 0; height: 14px; width: 144px;""></div></div></a><p style="" color:#c9c8cd; font-family:Arial,sans-serif; font-size:14px; line-height:17px; margin-bottom:0; margin-top:8px; overflow:hidden; padding:8px 0 7px; text-align:center; text-overflow:ellipsis; white-space:nowrap;""><a href=""https://www.instagram.com/p/DMHYmQ0tJIt/?utm_source=ig_embed&amp;utm_campaign=loading"" style="" color:#c9c8cd; font-family:Arial,sans-serif; font-size:14px; font-style:normal; font-weight:normal; line-height:17px; text-decoration:none;"" target=""_blank"">A post shared by Yaaj Me´xico® (@yaajmexico)</a></p></div></blockquote>
<script async src=""//www.instagram.com/embed.js""></script>

https://riodoce.mx/2025/07/23/sinaloa-suma-dos-crimenes-de-odio-mas/

https://www.zocalo.com.mx/denuncian-crimen-de-odio-contra-la-vale-menor-trans-encontrada-sin-vida-en-sinaloa/

https://www.diariodemexico.com/mi-nacion/adolescente-trans-asesinada-en-mexico-comunidad-lgbt-exige-respuestas-inmediatas

https://www.infobae.com/mexico/2025/07/16/comunidad-lgbt-exige-justicia-por-dos-transfeminicidios-en-sinaloa-una-era-menor-de-edad/

https://www.diariodemexico.com/mi-nacion/adolescente-trans-asesinada-en-mexico-comunidad-lgbt-exige-respuestas-inmediatas

https://www.elmanana.com/noticias/nacional/comunidad-lgbtq-exige-justicia-por-asesinatos-en-sinaloa/6005827

https://oem.com.mx/elsoldesinaloa/local/gobierno-de-sinaloa-exige-justicia-por-asesinatos-de-mujeres-trans-en-ahome-y-juan-jose-rios-24820118

https://www.eluniversal.com.mx/estados/protestan-colectivos-lgbtq-por-asesinato-de-la-sharis-y-la-vale-en-sinaloa-piden-tipificacion-de-transfeminicidio/

http://adiscusion.com.mx/Noticia.aspx?q=-La-Fiscal%C3%ADa-no-escucha---reclaman-negligencia-de-autoridades-en-asesinatos-a-trans-en-Sinaloa-110a

https://seisfranjasmx.com/2025/07/13/justicia-para-la-vale-adolescente-trans-de-17-anos-asesinada-en-sinaloa/

https://www.luznoticias.mx/2025-07-12/sinaloa/colectivo-feminista-sororas-exigen-que-muerte-de-la-vale-no-quede-impune/252061

https://www.noroeste.com.mx/norte/colectivos-exigen-justicia-para-la-vale-mujer-trans-localizada-sin-vida-en-ahome-GE14453764

https://www.tribuna.com.mx/seguridad/2025/7/16/asesinan-dos-integrantes-de-la-comunidad-lgbt-en-sinaloa-sociedad-exige-justicia-407587.html

https://www.excelsior.com.mx/nacional/denuncian-crimen-de-odio-menor-trans-sinaloa/1726828

https://www.meganoticias.mx/cdmx/noticia/colectivos-lgbt-exigen-justicia-por-transfeminicidio-de-la-vale/642724

https://revistaespejo.com/2025/07/12/justicia-para-la-vale-exigen-investigar-su-asesinato-como-crimen-de-odio-en-ahome/

https://oem.com.mx/elsoldesinaloa/local/la-vale-no-fue-una-cifra-colectivos-lgbtiqa-exigen-justicia-por-crimen-de-odio-en-ahome-24723864

https://www.debate.com.mx/sinaloa/policiaca/La-Vale-fue-asesinada-en-Sinaloa-Activistas-LGBTIQA-exigen-justicia-por-crimen-de-odio-20250712-0045.html

https://www.facebook.com/amametrans/posts/pfbid02MqEu7kbfh2R8DgE44D47bbBp2oApeJXWzNvjqBWy6sZsmZ2DkYiDT5ZT8qABTENRl

https://www.instagram.com/p/DMHYmQ0tJIt/

https://x.com/YaajMexico/status/1944982146692599987

https://x.com/tv_yazi/status/1944036017020797163

https://www.youtube.com/watch?v=C5g8FYksqdE

https://www.youtube.com/watch?v=C5g8FYksqdE

https://www.youtube.com/watch?v=e547JVGVCBY","Valeria's body was found dumped in Ahome, Sinaloa (Mexico) on 28 Jun 2025 - just under two weeks after she had gone missing.

She was 17. #SayHerName #TransLivesMatter #TDoR",https://tdor.translivesmatter.info/reports/2025/06/28/valeria-la-vale_ahome-sinaloa-mexico_1d040c79
Arty Cassidy Beowulf Gibson,23,5-Sep-2001,2025_06_29_Arty-Cassidy-Beowulf-Gibson.jpg,https://www.facebook.com/groups/1570448163283501/posts/4101663413495284/,29-Jun-2025,,,,Portland,Oregon,USA,45.5428365,-122.8191965,suicide,suicide,"Arty died by suicide.

> Hey yall'my Fiance(accent) Arty Gibson passed away by suicide on the 29th of June. We had recently moved to Portland from lexington as two young trans folks fleeing which we see as a more dangerous political climate.
> 
> Arty Cassidy Beowulf Gibson
>
> He/They
>
> 09/05/01 - 06/29/25

https://www.facebook.com/groups/1570448163283501/posts/4101663413495284/

https://www.facebook.com/julikira70/posts/pfbid02rvy7kxbYe5p64FsMvZyS7d2u7Rx7XKKWPvtpAade7nnTuBp8YvECfsqRFw1G3xAvl","Arty Cassidy Beowulf Gibson died by suicide in Portland, Oregon (USA) on 29 Jun 2025.

He was 23. #SayHisName #TransLivesMatter #TDoR",https://tdor.translivesmatter.info/reports/2025/06/29/arty-cassidy-beowulf-gibson_portland-oregon-usa_a6103649
"Nathaniel Pabón Cruz (""Nata"")",27,,2025_06_29_Nathaniel-Pabon-Cruz.jpg,https://www.instagram.com/p/DL5QU4UsdPi/,29-Jun-2025,,,Guaraguao Arriba,Bayamón,Puerto Rico,USA,18.2959628,-66.1743625,suicide,suicide,"Nata died by suicide.

> We want to recognize Nathaniel Pabón Cruz for his work during his years of collaboration and conspiracy with LSC and Gesta Amatista. His contributions were invaluable, and his perspectives were always precious to our team.  
> 
> Nata focused on topics that were largely overlooked in his time, such as problematic substance use, harm reduction practices, transmedicalism, and disability justice. One of his central ideas was the “Jáyate Fest,” an event developed through our Gesta Amatista, a disability justice project from La Sombrilla Cuir. Recently, Nata had founded his own project with other trans people, called “Archivo Cuir,” which has given a more subversive twist to the preservation of dissident gender and sexual memory. 
> 
> His passing is deeply felt, and we embrace all those who knew him and were close to him. We want to honor his memory today and always. It will be our commitment as comrades in the struggle to continue his impact and legacy.  
> 
> May she rest in power, Nata Pabón Cruz.


We can't know exactly what Nata was going through or feeling, but when they heard about the murder of [Alexa Negrón Luciano](https://tdor.translivesmatter.info/reports/2020/02/24/alexa-negron-luciano-neulisa-luciano-ruiz_toa-baja-puerto-rico-usa_c8603ef0) in 2020 [the news affected them deeply](https://www.esmental.com/urgen-mas-educacion-sobre-equidad-tras-la-muerte-de-alexa/):

> Meanwhile, Nathaniel Pabón Cruz, a student and activist for the rights of non-binary and trans people at the University of Puerto Rico in Río Piedras, mentioned that upon reading about [Alexa's [Luciano Ruiz] murder, his first reaction was to scream in pain because he had expected it.   
> 
> “I don’t want visibility,” Pabón Cruz remarked. “What I want is for everyone to be treated as human beings and to have rights, and for them to listen to us when we speak to others.” 
> 
> ""Give the microphone to the people who need it when necessary: to people who actually know about our experiences,"" he pointed out.

If anything, things in 2025 are much, much worse.

https://esnoticiapr.com/joven-de-27-anos-se-quito-la-vida-en-bayamon/

https://nelpr.com/2025/06/30/joven-de-27-anos-se-privo-de-la-vida/

https://www.facebook.com/photo.php?fbid=730918932863133&id=100078350979852&set=a.191375826817449

https://www.instagram.com/p/DL5QU4UsdPi/","Nathaniel Pabón Cruz died by suicide in Bayamón, Puerto Rico (USA) on 29 Jun 2025.

They were 27. #SayTheirName #TransLivesMatter #TDoR",https://tdor.translivesmatter.info/reports/2025/06/29/nathaniel-pabon-cruz-nata_bayamon-puerto-rico-usa_9a4819ed
Vivia Paiva,31,,2025_06_29_Vivia-Paiva.jpg,https://www.instagram.com/p/DLhu1fROEOI/,29-Jun-2025,"tgeu/tdor2025/29-Jun-2025/Vivia Paiva (""Chica G"")",,Piçarra,Itapajé,Ceará,Brazil,-3.689939764,-39.58545273,violence,shot,"Vivia died after being attacked by armed assailants on a motorcycle.

> A homicide was registered in the early hours of this Sunday (29), around 5:30 am, in Itapajé. The victim, identified as [deadname] Nascimento Pinto, 31, used the social name Vivia Paiva and was affectionately known as Chica G. She was shot to death near a commercial establishment near the bus terminal, in the Piçarra neighborhood. 
>
> According to information from the Military Police, two men on a motorcycle fired shots at Vivia and fled the scene unidentified. The victim was rescued by locals and taken to the Municipal Hospital, but was already dead when she arrived. In addition to the gunshot wounds, marks of assault with a sharp object were also found. 
>
> Family and friends took to social media to mourn the death of the young woman, who was well-loved in the city for her cheerfulness and charisma. The Civil Police will investigate the case. The perpetrator and motive are still unknown. 

https://tempofm.com.br/2025/09/15/ceara-registra-193-vitimas-de-homofobia-e-transfobia-no-primeiro-semestre-de-2025

https://www.instagram.com/p/DOpIct1DAlg/","Vivia Paiva was attacked by armed assailants on a motorcycle in Itapajé, Ceará (Brazil) on 29 Jun 2025.

She was 31. #SayHerName #TransLivesMatter #TDoR",https://tdor.translivesmatter.info/reports/2025/06/29/vivia-paiva_itapaje-ceara-brazil_5ecee9c9
"F. F. López (""El Bañito"")",35,,2025_06_30_F-F-Lopez.jpg,https://www.sdpnoticias.com/estados/quien-era-felipe-flores-lopez-activista-lgbt-asesinado-en-guanajuato/,30-Jun-2025,tgeu/tdor2025/30-Jun-2025/Name Unknown,Calle Barcelona,Valle de Linda Vista,Guadalupe,Nuevo León,Mexico,25.69398857,-100.2473526,violence,stabbed,"F. was a Santiago Maravatío city council official. Accounts differ, but they were killed either in their home or on the way to work.

A 19 year-old was subsequently arrested for the homicide.

> A 35-year-old trans [person] was murdered inside their home in Guadalupe, Nuevo León, after being attacked with a knife by a 19-year-old man, who has since been arrested. The crime occurred on the afternoon of June 30 in the Valle de Linda Vista neighborhood, on calle Barcelona, where the victim was when the attacker violently broke into the home.
> 
> According to reports, after the attack, the perpetrator attempted to flee the scene, but neighbors who witnessed the incident immediately alerted authorities, allowing municipal police officers to arrest him nearby.
> 
> Nuevo León Attorney General Javier Flores confirmed that the victim belonged to the LGBT community, clarifying that the alleged perpetrator was identified as 19-year-old Roberto, who is facing legal proceedings for the homicide. ""We are aware of the incident; a suspect is in custody and is being prosecuted. They did belong to the LGBT community,"" the prosecutor stated when asked by the local press.
> 
> The official also reported that the initial hearing in the case will be held today to determine the detainee's legal status, while the investigation continues to clarify the motives behind the attack.

https://web.archive.org/web/20250704074333/https://www.pacozea.com/hombre-trans-de-35-anos-fue-asesinado-en-su-casa-en-guadalupe-el-detenido-es-un-joven-de-19-anos/

https://www.sdpnoticias.com/estados/quien-era-felipe-flores-lopez-activista-lgbt-asesinado-en-guanajuato/

https://www.sdpnoticias.com/estados/quien-era-felipe-flores-lopez-activista-lgbt-asesinado-en-guanajuato/

https://x.com/PacoZeaCom/status/1940574762067284031","F. F. López (""El Bañito"") was shot in Guadalupe, Nuevo León (Mexico) on 30  Jun 2025.

They were 35, and a Santiago Maravatío city council official. #SayTheirName #TransLivesMatter #TDoR",https://tdor.translivesmatter.info/reports/2025/06/30/felipe-flores-lopez-el-banito_guadalupe-nuevo-leon-mexico_ab7047cc
Robyn Precious,25,,2025_06_xx_Robyn-Precious.jpg,https://hhcc.co.uk/team/robyn-precious/,30-Jun-2025,,,,Harrogate,North Yorkshire,United Kingdom,53.99209201,-1.542648351,suicide,suicide,"Robyn died by suicide. The exact date of his passing is not known, but it was reportedly during June 2025.

> Robyn Precious, 25, Harrogate, North Yorkshire UK, died by suicide in June 2025. He was a very loved man, who worked at the NHS and loved the outside. I hope his name will be held by many people this year

Robyn worked as a Charity and Volunteer Officer at Harrogate and District NHS Foundation Trust. In 2020 he had taken part in a Pride month podcast titled ""Stages of me"" talking about his experience of healthcare services and the impact of supportive initiatives.

<iframe data-testid=""embed-iframe"" style=""border-radius:12px"" src=""https://open.spotify.com/embed/episode/5EPxiNkEhyHZaHLRm8Jkyv?utm_source=generator"" width=""100%"" height=""352"" frameBorder=""0"" allowfullscreen="" allow=""autoplay; clipboard-write; encrypted-media; fullscreen; picture-in-picture"" loading=""lazy""></iframe>


According to a friend, Robyn ""was a beautiful light, a sentiment that I’m sure will be shared by all those who had their lives brightened by his kindness"".

His Facebook and Twitter profiles are https://www.facebook.com/RobynEvanPrecious and https://x.com/RobynEPrecious.

https://open.spotify.com/episode/5EPxiNkEhyHZaHLRm8Jkyv?si=9O3182gvTu61pzLQjt-IpQ&nd=1&dlsi=3e5d94cc8cb94e8a

https://hhcc.co.uk/team/robyn-precious/

https://www.hdft.nhs.uk/about/awards/winners/

https://x.com/RobynEPrecious/status/1276544297559560194","Robyn Precious died by suicide in Harrogate, North Yorkshire (United Kingdom) in Jun 2025.

He was 25, and worked as a Charity and Volunteer Officer at Harrogate and District NHS Foundation Trust. #SayHisName #TransLivesMatter #TDoR",https://tdor.translivesmatter.info/reports/2025/06/30/robyn-precious_harrogate-north-yorkshire-united-kingdom_f5e680a5
